#VRML V2.0 utf8
# 3D model generated by easyeda2kicad.py (https://github.com/uPesy/easyeda2kicad.py)

Shape{
    appearance Appearance {
        material  Material 	{
            diffuseColor 0.25098039215686274 0.25098039215686274 0.25098039215686274
            specularColor 0.12549019607843137 0.12549019607843137 0.12549019607843137
            ambientIntensity 0.2
            transparency 0
            shininess 0.5
        }
    }
    geometry IndexedFaceSet {
        ccw TRUE
        solid FALSE
        coord DEF co Coordinate {
            point [
                1.1811 -1.1803 0.728, 1.1811 -1.1803 0.6334, 1.1811 -1.1378 0.6334, 1.1811 -1.127 0.6441, 1.1811 -1.1286 0.6484, 1.1811 -1.1286 0.6203, 1.1811 -1.0321 0.4891, 1.1811 -1.0383 0.4931, 1.1811 -1.0383 0.4648, 1.1811 -1.0118 0.4515, 1.1811 -1.0161 0.451, 1.1811 -0.9895 0.451, 1.1811 -0.8984 0.5586, 1.1811 -0.8646 0.5586, 1.1811 -0.8646 0.589, 1.1811 -1.3303 0.6447, 1.1811 -1.3097 0.6273, 1.1811 -1.2378 0.7289, 1.1811 -1.2378 0.6203, 1.1811 -1.4275 0.7378, 1.1811 -1.4146 0.7289, 1.1811 -1.3976 0.7172, 1.1811 -1.3715 0.6866, 1.1811 -1.3566 0.6572, 1.1811 -1.3529 0.656, 1.1811 -1.5706 0.74, 1.1811 -1.5354 0.7528, 1.1811 -2.0276 0.9843, 1.1811 -1.2378 0.9843, 1.1811 -1.5009 0.7567, 1.1811 -1.4651 0.7524, 1.1811 -1.5889 0.7289, 1.1811 -2.0276 0.7289, 1.1811 -1.5919 0.7271, 1.1811 -2.0276 0.6203, 1.1811 -1.755 0.6203, 1.1811 -1.7483 0.6354, 1.1811 -1.7301 0.6587, 1.1811 -1.6727 0.6915, 1.1811 -1.6428 0.6952, 1.1811 -1.6098 0.7118, 1.1811 -1.6341 0.6947, 1.1811 -1.6253 0.6937, 1.1811 -1.725 0.6636, 1.1811 -1.7008 0.6806, 1.1811 -1.7102 0.4693, 1.1811 -1.7339 0.4895, 1.1811 -2.0276 0.451, 1.1811 -1.6827 0.4559, 1.1811 -1.7512 0.5142, 1.1811 -1.7621 0.5425, 1.1811 -2.0276 0.589, 1.1811 -1.7658 0.5722, 1.1811 -1.7656 0.5795, 1.1811 -1.7638 0.589, 1.1811 -1.7605 0.608, 1.1811 -1.6732 0.453, 1.1811 -1.6722 0.451, 1.1811 -1.6656 0.4367, 1.1811 -2.0276 0.4087, 1.1811 -1.6543 0.4228, 1.1811 -1.6394 0.4116, 1.1811 -1.2378 -0.9843, 1.1811 -1.2378 0.4087, 1.1811 -1.5696 0.4087, 1.1811 -2.0276 -0.9843, 1.1811 -1.6219 0.4043, 1.1811 -1.6324 0.4087, 1.1811 -1.5827 0.4037, 1.1811 -1.6011 0.4014, 1.1811 -1.604 0.4015, 1.1811 -1.2378 0.451, 1.1811 -1.5299 0.451, 1.1811 -1.53 0.4507, 1.1811 -1.539 0.4338, 1.1811 -1.5506 0.4207, 1.1811 -1.5658 0.4102, 1.1811 -1.285 0.5826, 1.1811 -1.2815 0.5578, 1.1811 -1.2378 0.589, 1.1811 -1.433 0.4958, 1.1811 -1.4278 0.4978, 1.1811 -1.4189 0.5411, 1.1811 -1.3096 0.4857, 1.1811 -1.3302 0.4682, 1.1811 -1.5441 0.5282, 1.1811 -1.4424 0.5813, 1.1811 -1.5574 0.5403, 1.1811 -1.5735 0.5489, 1.1811 -1.4377 0.4925, 1.1811 -1.2945 0.5067, 1.1811 -1.3289 0.5637, 1.1811 -1.3325 0.5783, 1.1811 -1.3383 0.589, 1.1811 -1.7161 0.589, 1.1811 -1.285 0.5307, 1.1811 -1.4219 0.4986, 1.1811 -1.4212 0.4985, 1.1811 -1.4189 0.498, 1.1811 -1.7116 0.5435, 1.1811 -1.7026 0.5281, 1.1811 -1.664 0.5202, 1.1811 -1.6889 0.5141, 1.1811 -1.6724 0.5039, 1.1811 -1.6359 0.5453, 1.1811 -1.6515 0.5346, 1.1811 -1.7179 0.5737, 1.1811 -1.717 0.562, 1.1811 -1.6192 0.5518, 1.1811 -1.6011 0.554, 1.1811 -1.5918 0.5534, 1.1811 -1.4455 0.475, 1.1811 -1.4453 0.478, 1.1811 -1.5252 0.4849, 1.1811 -1.4437 0.4838, 1.1811 -1.4408 0.489, 1.1811 -1.344 0.5169, 1.1811 -1.3356 0.5287, 1.1811 -1.3304 0.5422, 1.1811 -1.3286 0.557, 1.1811 -1.4277 0.4522, 1.1811 -1.4327 0.4542, 1.1811 -1.4377 0.4577, 1.1811 -1.4394 0.4595, 1.1811 -1.4427 0.4642, 1.1811 -1.4447 0.4694, 1.1811 -1.5256 0.4694, 1.1811 -1.5252 0.4773, 1.1811 -1.3534 0.4569, 1.1811 -1.3787 0.4515, 1.1811 -1.4234 0.4515, 1.1811 -1.4174 0.4978, 1.1811 -1.3832 0.4978, 1.1811 -1.3696 0.5004, 1.1811 -1.3562 0.5066, 1.1811 -1.345 0.5158, 1.1811 -1.3938 0.6162, 1.1811 -1.7092 0.609, 1.1811 -1.7157 0.5921, 1.1811 -1.3878 0.6162, 1.1811 -1.3396 0.5913, 1.1811 -1.3483 0.6011, 1.1811 -1.3601 0.6093, 1.1811 -1.3733 0.6144, 1.1811 -1.4102 0.6618, 1.1811 -1.4273 0.6823, 1.1811 -1.6018 0.6382, 1.1811 -1.4292 0.684, 1.1811 -1.4506 0.6988, 1.1811 -1.5902 0.6622, 1.1811 -1.7013 0.6203, 1.1811 -1.6072 0.6412, 1.1811 -1.3947 0.6203, 1.1811 -1.3985 0.6374, 1.1811 -1.6243 0.6474, 1.1811 -1.642 0.6496, 1.1811 -1.6499 0.6492, 1.1811 -1.5732 0.6826, 1.1811 -1.4744 0.7079, 1.1811 -1.5528 0.6975, 1.1811 -1.5001 0.7111, 1.1811 -1.528 0.7075, 1.1811 -1.6687 0.6448, 1.1811 -1.6856 0.6358, 1.1811 -1.6987 0.6241, 1.1811 -1.3047 0.6203, 1.1811 -1.2942 0.6057, 1.1811 -1.2876 0.589, 1.1811 -0.841 0.4641, 1.1811 -0.841 0.4519, 1.1811 -0.8309 0.451, 1.1811 -0.8309 0.589, 1.1811 -0.8434 0.5586, 1.1811 -0.8434 0.5464, 1.1811 -0.8846 0.5, 1.1811 -0.8846 0.4641, 1.1811 -0.8646 0.5, 1.1811 -0.8646 0.4641, 1.1811 -0.8464 0.5, 1.1811 -0.8464 0.5122, 1.1811 -0.8846 0.5464, 1.1811 -0.8846 0.5122, 1.1811 -0.8646 0.5464, 1.1811 -0.8646 0.5122, 1.1811 -0.8646 0.451, 1.1811 -0.8646 0.4519, 1.1811 -0.8984 0.4519, 1.1811 -0.9511 0.4708, 1.1811 -0.9495 0.4645, 1.1811 -0.9491 0.4645, 1.1811 -0.9128 0.5281, 1.1811 -0.9646 0.589, 1.1811 -0.9267 0.5281, 1.1811 -0.9646 0.5096, 1.1811 -0.9475 0.4707, 1.1811 -0.9485 0.4672, 1.1811 -1.0445 0.4684, 1.1811 -1.058 0.589, 1.1811 -1.058 0.451, 1.1811 -1.0391 0.4651, 1.1811 -1.0406 0.4955, 1.1811 -1.0423 0.4983, 1.1811 -1.0438 0.5024, 1.1811 -1.0444 0.5076, 1.1811 -1.0438 0.5123, 1.1811 -1.0384 0.4932, 1.1811 -1.0315 0.451, 1.1811 -1.0363 0.4515, 1.1811 -1.0383 0.451, 1.1811 -1.0383 0.4523, 1.1811 -1.0445 0.4546, 1.1811 -0.9966 0.5265, 1.1811 -0.9966 0.5135, 1.1811 -1.0358 0.5238, 1.1811 -1.0315 0.5264, 1.1811 -1.0383 0.589, 1.1811 -1.0423 0.5166, 1.1811 -1.0398 0.5203, 1.1811 -1.0383 0.5216, 1.1811 -0.9936 0.4673, 1.1811 -0.9952 0.463, 1.1811 -0.9977 0.4595, 1.1811 -1.0241 0.5289, 1.1811 -1.0147 0.5299, 1.1811 -0.9895 0.589, 1.1811 -1.0053 0.529, 1.1811 -0.9974 0.4852, 1.1811 -0.9949 0.4816, 1.1811 -0.9935 0.4776, 1.1811 -0.993 0.4726, 1.1811 -1.0016 0.4561, 1.1811 -1.0047 0.4542, 1.1811 -1.016 0.519, 1.1811 -1.02 0.5187, 1.1811 -1.0306 0.5088, 1.1811 -1.0235 0.5178, 1.1811 -1.0265 0.5162, 1.1811 -1.0305 0.507, 1.1811 -1.0299 0.5049, 1.1811 -1.029 0.5031, 1.1811 -1.0277 0.5017, 1.1811 -1.023 0.4987, 1.1811 -1.0074 0.5181, 1.1811 -1.0147 0.4951, 1.1811 -0.9998 0.5153, 1.1811 -1.0095 0.493, 1.1811 -1.0006 0.4881, 1.1811 -1.0285 0.5144, 1.1811 -1.0297 0.5127, 1.1811 -1.0304 0.5109, 1.1811 -1.0118 0.4798, 1.1811 -1.0241 0.4854, 1.1811 -1.0103 0.4638, 1.1811 -1.0225 0.461, 1.1811 -1.0219 0.461, 1.1811 -1.0307 0.462, 1.1811 -1.015 0.4618, 1.1811 -1.0116 0.463, 1.1811 -1.0076 0.4669, 1.1811 -1.007 0.4688, 1.1811 -1.0101 0.4786, 1.1811 -1.0067 0.4713, 1.1811 -1.0068 0.473, 1.1811 -1.0085 0.4768, 1.1811 -1.0074 0.4751, 1.1811 -1.0088 0.4651, 1.1811 -0.7309 0.6203, 1.1811 -0.7656 0.6212, 1.1811 -0.7808 0.6212, 1.1811 -0.7917 0.6504, 1.1811 -0.8309 0.6504, 1.1811 -0.8309 0.6203, 1.1811 -0.8063 0.728, 1.1811 -0.7309 0.7289, 1.1811 -0.8309 0.7289, 1.1811 -0.8362 0.6504, 1.1811 -0.8464 0.6212, 1.1811 -0.8646 0.6203, 1.1811 -0.8617 0.6212, 1.1811 -0.8646 0.7289, 1.1811 -0.8309 0.702, 1.1811 -0.821 0.728, 1.1811 -0.9646 0.7289, 1.1811 -0.9895 0.7289, 1.1811 -0.9771 0.728, 1.1811 -0.9895 0.728, 1.1811 -1.0183 0.6693, 1.1811 -1.0183 0.6334, 1.1811 -0.9895 0.6693, 1.1811 -0.9895 0.6334, 1.1811 -0.9801 0.6693, 1.1811 -0.9747 0.6334, 1.1811 -0.9801 0.6816, 1.1811 -0.9771 0.7157, 1.1811 -0.9895 0.6816, 1.1811 -0.9895 0.7157, 1.1811 -1.0183 0.6816, 1.1811 -1.0183 0.7157, 1.1811 -1.0321 0.6212, 1.1811 -1.0383 0.6203, 1.1811 -0.9895 0.6203, 1.1811 -0.9646 0.6203, 1.1811 -0.9747 0.6212, 1.1811 -0.9895 0.6212, 1.1811 -1.0321 0.728, 1.1811 -1.0383 0.7289, 1.1811 1.7913 0.7289, 1.1811 1.0915 0.7289, 1.1811 1.0915 0.6203, 1.1811 1.7913 0.6203, 1.1811 1.0915 0.589, 1.1811 1.7913 0.589, 1.1811 1.0915 0.451, 1.1811 1.7913 0.451, 1.1811 1.0915 -0.9843, 1.1811 2.3425 -0.9843, 1.1811 1.0915 0.4087, 1.1811 2.3425 -0.8661, 1.1811 1.7913 0.4087, 1.1811 1.7913 -0.1969, 1.1811 2.5 -0.1969, 1.1811 2.815 -0.8661, 1.1811 2.5 0.4087, 1.1811 2.815 0.4087, 1.1811 2.815 0.451, 1.1811 2.5 0.451, 1.1811 2.815 0.589, 1.1811 2.5 0.589, 1.1811 2.815 0.6203, 1.1811 2.5 0.6203, 1.1811 2.815 0.7289, 1.1811 2.5 0.7289, 1.1811 2.815 0.9843, 1.1811 2.5 0.9843, 1.1811 -1.0786 0.7174, 1.1811 -1.0836 0.7171, 1.1811 -1.058 0.6368, 1.1811 -1.0655 0.7158, 1.1811 -1.0535 0.711, 1.1811 -1.0535 0.6389, 1.1811 -1.0547 0.7117, 1.1811 -1.058 0.713, 1.1811 -1.0928 0.7152, 1.1811 -1.1011 0.7111, 1.1811 -1.1077 0.7055, 1.1811 -1.1085 0.7047, 1.1811 -1.1136 0.6973, 1.1811 -1.1172 0.6881, 1.1811 -1.1189 0.6734, 1.1811 -1.1188 0.6687, 1.1811 -1.064 0.6342, 1.1811 -1.0761 0.6319, 1.1811 -1.081 0.6317, 1.1811 -1.1169 0.6582, 1.1811 -1.1134 0.6497, 1.1811 -1.1085 0.643, 1.1811 -1.1055 0.6401, 1.1811 -1.0904 0.6327, 1.1811 -1.0983 0.6354, 1.1811 -1.0673 0.7289, 1.1811 -1.0648 0.7287, 1.1811 -1.058 0.7289, 1.1811 -1.058 0.7268, 1.1811 -1.0535 0.7254, 1.1811 -1.0788 0.7298, 1.1811 -1.058 0.9843, 1.1811 -1.0862 0.7289, 1.1811 -1.1286 0.9843, 1.1811 -1.1286 0.7289, 1.1811 -1.1257 0.704, 1.1811 -1.118 0.7141, 1.1811 -1.1153 0.7166, 1.1811 -1.1053 0.7236, 1.1811 -1.0942 0.7279, 1.1811 -1.135 0.7289, 1.1811 -1.1308 0.6921, 1.1811 -1.1286 0.6972, 1.1811 -1.1313 0.6553, 1.1811 -1.135 0.6203, 1.1811 -1.1334 0.6726, 1.1811 -1.1332 0.6782, 1.1811 -1.1027 0.6227, 1.1811 -1.1126 0.6279, 1.1811 -1.1197 0.634, 1.1811 -1.1206 0.635, 1.1811 -1.093 0.6203, 1.1811 -1.1286 0.589, 1.1811 -1.0915 0.62, 1.1811 -1.083 0.6194, 1.1811 -1.0736 0.6203, 1.1811 -1.0535 0.6257, 1.1811 -1.0553 0.6248, 1.1811 -1.058 0.6203, 1.1811 -1.058 0.6239, 1.1811 -1.0667 0.621, 1.1811 -1.1183 0.4884, 1.1811 -1.1164 0.5098, 1.1811 -1.121 0.4846, 1.1811 -1.1229 0.48, 1.1811 -1.1286 0.451, 1.1811 -1.1216 0.4617, 1.1811 -1.1232 0.4662, 1.1811 -1.0759 0.4519, 1.1811 -1.0759 0.4637, 1.1811 -1.0763 0.4637, 1.1811 -1.1286 0.4087, 1.1811 -1.1074 0.451, 1.1811 -1.1077 0.451, 1.1811 -1.1128 0.4529, 1.1811 -1.0819 0.5291, 1.1811 -1.0763 0.5274, 1.1811 -1.1141 0.492, 1.1811 -1.1083 0.4949, 1.1811 -1.1085 0.515, 1.1811 -1.0985 0.4972, 1.1811 -1.0869 0.5185, 1.1811 -1.0914 0.519, 1.1811 -1.1001 0.518, 1.1811 -1.1173 0.4561, 1.1811 -1.1188 0.4576, 1.1811 -1.0719 0.5248, 1.1811 -1.0683 0.5214, 1.1811 -1.0656 0.517, 1.1811 -1.0799 0.4587, 1.1811 -1.0843 0.4546, 1.1811 -1.0867 0.4531, 1.1811 -1.1164 0.5228, 1.1811 -1.1136 0.5244, 1.1811 -1.1037 0.5282, 1.1811 -1.0901 0.5299, 1.1811 -1.1238 0.4723, 1.1811 -1.1238 0.4743, 1.1811 -1.0759 0.5004, 1.1811 -1.0764 0.5063, 1.1811 -1.0778 0.511, 1.1811 -1.0794 0.5138, 1.1811 -1.0636 0.5108, 1.1811 -1.0626 0.501, 1.1811 -1.0626 0.4519, 1.1811 -1.0814 0.5159, 1.1811 -1.0838 0.5175, 1.1811 -1.058 0.4087, 1.1811 -1.0924 0.451, 1.1811 -1.0997 0.4501, 1.1811 -0.9646 0.451, 1.1811 -0.9646 0.4737, 1.1811 -0.986 0.5281, 1.1811 -0.971 0.5281, 1.1811 -0.9561 0.452, 1.1811 -0.9565 0.451, 1.1811 -0.962 0.4382, 1.1811 -0.9895 0.4087, 1.1811 -0.9832 0.4171, 1.1811 -0.9832 0.429, 1.1811 -0.9671 0.4306, 1.1811 -0.9646 0.4333, 1.1811 -0.9646 0.4334, 1.1811 -1.0238 0.4501, 1.1811 -1.0383 0.4087, 1.1811 -0.9805 0.4281, 1.1811 -0.9757 0.4274, 1.1811 -0.9646 0.4184, 1.1811 -0.9692 0.4166, 1.1811 -0.9646 0.4087, 1.1811 -0.9746 0.416, 1.1811 -0.9776 0.4161, 1.1811 -0.9723 0.4278, 1.1811 -0.9694 0.429, 1.1811 -0.9474 0.4404, 1.1811 -0.9535 0.4286, 1.1811 -0.8646 0.4087, 1.1811 -0.9432 0.451, 1.1811 -0.9584 0.4227, 1.1811 -0.9593 0.4219, 1.1811 -0.9639 0.4186, 1.1811 -0.8309 -0.9843, 1.1811 -0.8309 0.4087, 1.1811 -0.8646 -0.9843, 1.1811 -0.9646 -0.9843, 1.1811 -0.9895 -0.9843, 1.1811 -1.0383 -0.9843, 1.1811 -1.058 -0.9843, 1.1811 -1.1286 -0.9843, 1.1811 -0.7309 -0.9843, 1.1811 -0.7309 0.4087, 1.1811 -1.092 0.451, 1.1811 -0.7309 0.451, 1.1811 -1.1941 0.5586, 1.1811 -1.1941 0.4519, 1.1811 -1.135 0.451, 1.1811 -1.135 0.4087, 1.1811 -1.135 -0.9843, 1.1811 -1.1391 0.5586, 1.1811 -1.135 0.589, 1.1811 -1.1391 0.5464, 1.1811 -1.1366 0.4641, 1.1811 -1.1366 0.4519, 1.1811 -1.1803 0.5, 1.1811 -1.1803 0.4641, 1.1811 -1.1421 0.5, 1.1811 -1.1421 0.5122, 1.1811 -1.1803 0.5122, 1.1811 -1.1803 0.5464, 1.1811 -0.8208 0.4519, 1.1811 -0.7368 0.4873, 1.1811 -0.7421 0.4763, 1.1811 -0.75 0.4668, 1.1811 -0.7396 0.5315, 1.1811 -0.7357 0.5213, 1.1811 -0.7309 0.589, 1.1811 -0.7339 0.5066, 1.1811 -0.7342 0.4998, 1.1811 -0.7612 0.4588, 1.1811 -0.7734 0.4541, 1.1811 -0.7914 0.4519, 1.1811 -0.8208 0.5586, 1.1811 -0.7904 0.5586, 1.1811 -0.7741 0.5568, 1.1811 -0.7612 0.5521, 1.1811 -0.75 0.5445, 1.1811 -0.7462 0.5408, 1.1811 -0.7127 0.4519, 1.1811 -0.728 0.4519, 1.1811 -0.6471 0.4519, 1.1811 -0.658 0.4811, 1.1811 -0.7025 0.4811, 1.1811 -0.6873 0.5586, 1.1811 -0.6726 0.5586, 1.1811 -1.1941 0.6212, 1.1811 -1.1941 0.728, 1.1811 -1.1378 0.6212, 1.1811 -0.8733 0.7009, 1.1811 -0.8694 0.6907, 1.1811 -0.8676 0.676, 1.1811 -0.8679 0.6692, 1.1811 -0.8705 0.6567, 1.1811 -0.8758 0.6456, 1.1811 -0.8837 0.6362, 1.1811 -0.8949 0.6282, 1.1811 -0.9241 0.728, 1.1811 -0.9078 0.7262, 1.1811 -0.8949 0.7215, 1.1811 -0.907 0.6234, 1.1811 -0.9251 0.6212, 1.1811 -0.9545 0.6212, 1.1811 -0.9545 0.728, 1.1811 -0.8837 0.7139, 1.1811 -0.8799 0.7102, 1.1811 -0.6319 0.4519, 1.1811 -1.135 0.9843, 1.1811 1.7913 0.9843, 1.1811 1.0915 0.9843, 1.1811 -0.7309 0.9843, 1.1811 -0.8309 0.9843, 1.1811 -0.8646 0.9843, 1.1811 -0.9646 0.9843, 1.1811 -0.9895 0.9843, 1.1811 -1.0383 0.9843, -0.9843 1.8307 -0.1969, -0.9843 2.2835 -0.1969, -1.0236 1.8307 -0.1969, -1.0236 2.2835 -0.1969, -0.9843 0.2559 -0.1969, -0.9843 0.7087 -0.1969, -1.0236 0.2559 -0.1969, -1.0236 0.7087 -0.1969, -0.9843 -0.9646 -0.1969, -0.9843 -0.4724 -0.1969, -1.0236 -0.9646 -0.1969, -1.0236 -0.4724 -0.1969, 0.9596 -2.0276 -0.219, 0.9833 -2.0276 -0.0442, 0.0 -2.0276 0.9843, 0.1757 -2.0276 0.9684, 0.3458 -2.0276 0.9215, 0.5048 -2.0276 0.8449, 0.6476 -2.0276 0.7412, 0.7695 -2.0276 0.6137, 0.8667 -2.0276 0.4664, 0.9361 -2.0276 0.3042, 0.9753 -2.0276 0.1321, 0.0 -2.0276 -0.9843, 0.0882 -2.0276 -0.9803, 0.2618 -2.0276 -0.9488, 0.905 -2.0276 -0.3868, 0.8214 -2.0276 -0.5422, 0.7114 -2.0276 -0.6802, 0.5785 -2.0276 -0.7963, 0.4271 -2.0276 -0.8868, 0.7048 2.815 0.0741, 0.674 2.815 0.219, 0.7677 2.815 0.1969, 0.9252 2.815 -0.8661, 0.9252 2.815 0.1969, 0.6137 2.815 0.3543, 0.5266 2.815 0.4742, 0.4165 2.815 0.5733, 0.2882 2.815 0.6474, -0.674 2.815 -0.219, -0.6137 2.815 -0.3543, -1.1811 2.815 -0.9843, 0.5266 2.815 -0.4742, 0.7677 2.815 -0.9843, 0.4165 2.815 -0.5733, 0.2882 2.815 -0.6474, 0.6137 2.815 -0.3543, 0.674 2.815 -0.219, 0.7048 2.815 -0.0741, -0.5266 2.815 -0.4742, -0.4165 2.815 -0.5733, -0.2882 2.815 -0.6474, -0.1473 2.815 -0.6932, -0.0 2.815 -0.7087, 0.1473 2.815 -0.6932, 0.1473 2.815 0.6932, 0.0 2.815 0.7087, -1.1811 2.815 0.9843, -0.1473 2.815 0.6932, -0.2882 2.815 0.6474, -0.4165 2.815 0.5733, -0.5266 2.815 0.4742, -0.6137 2.815 0.3543, -0.674 2.815 0.219, -0.7048 2.815 0.0741, -0.7048 2.815 -0.0741, -1.1811 2.2835 -0.8268, -1.1811 2.2835 -0.9843, -1.1811 1.5157 -0.9843, -1.1811 0.6693 -0.9843, -1.1811 1.5157 -0.1969, -1.1811 0.6693 -0.8268, -1.1811 0.2559 -0.8268, -1.1811 0.2559 -0.1969, -1.1811 -0.0591 -0.1969, -1.1811 -2.0276 0.9843, -1.1811 1.8307 -0.1969, -1.1811 1.8307 -0.8268, -1.1811 -0.0591 -0.9843, -1.1811 -0.5512 -0.9843, -1.1811 -0.5512 -0.8268, -1.1811 -1.2795 -0.9843, -1.1811 -2.0276 -0.9843, -1.1811 -1.2795 -0.1969, -1.1811 -0.9646 -0.1969, -1.1811 -0.9646 -0.8268, -0.0882 -2.0276 -0.9803, -0.2618 -2.0276 -0.9488, -0.4271 -2.0276 -0.8868, -0.5785 -2.0276 -0.7963, -0.7114 -2.0276 -0.6802, -0.8214 -2.0276 -0.5422, -0.905 -2.0276 -0.3868, -0.9361 -2.0276 0.3042, -0.8667 -2.0276 0.4664, -0.7695 -2.0276 0.6137, -0.6476 -2.0276 0.7412, -0.5048 -2.0276 0.8449, -0.3458 -2.0276 0.9215, -0.1757 -2.0276 0.9684, -0.9596 -2.0276 -0.219, -0.9833 -2.0276 -0.0442, -0.9753 -2.0276 0.1321, 0.7874 1.7913 0.9843, 0.7874 2.5 0.9843, -0.4331 0.7087 0.9843, -0.4331 0.1181 0.9843, -1.0236 -0.4724 0.9843, -0.4331 -0.4724 0.9843, -1.0236 0.7087 0.9843, -1.0236 0.1181 0.9843, -0.4331 -1.063 0.9843, -1.0236 -1.063 0.9843, -0.4331 1.6929 0.9843, -0.4331 2.2835 0.9843, -1.0236 2.2835 0.9843, -1.0236 1.6929 0.9843, -0.9055 1.5157 -0.9843, -0.9055 1.6929 -0.9843, -0.8268 1.6929 -0.9843, -0.9055 -1.2795 -0.9843, -0.9055 -1.063 -0.9843, -0.8268 -1.063 -0.9843, -0.8268 2.2835 -0.9843, 0.7677 2.3425 -0.9843, -0.0408 -1.2062 -0.9843, -0.0787 -1.2219 -0.9843, -0.1114 -1.2469 -0.9843, -0.1364 -1.2795 -0.9843, -0.1521 -1.3175 -0.9843, -0.1575 -1.3583 -0.9843, -0.9055 0.1181 -0.9843, -0.8268 0.1181 -0.9843, -0.9055 -0.0591 -0.9843, -0.8268 -0.4724 -0.9843, -0.9843 -0.4724 -0.9843, -0.9843 -0.5512 -0.9843, -0.1521 -1.399 -0.9843, -0.1364 -1.437 -0.9843, -0.0408 -1.5104 -0.9843, -0.0787 -1.4946 -0.9843, -0.1114 -1.4696 -0.9843, 0.1114 -1.4696 -0.9843, 0.1364 -1.437 -0.9843, 0.1521 -1.399 -0.9843, 0.1114 -1.2469 -0.9843, 0.0787 -1.2219 -0.9843, 0.0408 -1.2062 -0.9843, -0.0787 1.534 -0.9843, -0.1114 1.509 -0.9843, -0.1364 1.4764 -0.9843, -0.1521 1.4384 -0.9843, -0.1575 1.3976 -0.9843, -0.9843 0.6693 -0.9843, -0.9843 0.7087 -0.9843, -0.8268 0.7087 -0.9843, -0.1521 1.3569 -0.9843, 0.1575 -1.3583 -0.9843, 0.1521 -1.3175 -0.9843, 0.1364 -1.2795 -0.9843, 0.0 -1.2008 -0.9843, -0.0408 1.2455 -0.9843, -0.0787 1.2613 -0.9843, -0.1114 1.2863 -0.9843, -0.1364 1.3189 -0.9843, -0.0 1.2402 -0.9843, 0.0408 1.2455 -0.9843, 0.0787 1.2613 -0.9843, -0.0 -1.5157 -0.9843, 0.0408 -1.5104 -0.9843, 0.0787 -1.4946 -0.9843, 0.1114 1.2863 -0.9843, 0.1364 1.3189 -0.9843, 0.1521 1.3569 -0.9843, 0.1575 1.3976 -0.9843, 0.0787 1.534 -0.9843, 0.0408 1.5498 -0.9843, 0.0 1.5551 -0.9843, -0.0408 1.5498 -0.9843, 0.1521 1.4384 -0.9843, 0.1364 1.4764 -0.9843, 0.1114 1.509 -0.9843, 0.0882 -2.7362 -0.9803, 0.0 -2.7362 -0.9843, -0.0882 -2.7362 -0.9803, -0.2618 -2.7362 -0.9488, -0.4271 -2.7362 -0.8868, -0.5785 -2.7362 -0.7963, -0.7114 -2.7362 -0.6802, -0.8214 -2.7362 -0.5422, -0.905 -2.7362 -0.3868, -0.9596 -2.7362 -0.219, -0.9833 -2.7362 -0.0442, -0.9753 -2.7362 0.1321, -0.9361 -2.7362 0.3042, -0.8667 -2.7362 0.4664, -0.7695 -2.7362 0.6137, -0.6476 -2.7362 0.7412, -0.5048 -2.7362 0.8449, -0.3458 -2.7362 0.9215, -0.1757 -2.7362 0.9684, 0.0 -2.7362 0.9843, 0.1757 -2.7362 0.9684, 0.3458 -2.7362 0.9215, 0.5048 -2.7362 0.8449, 0.6476 -2.7362 0.7412, 0.7695 -2.7362 0.6137, 0.8667 -2.7362 0.4664, 0.9361 -2.7362 0.3042, 0.9753 -2.7362 0.1321, 0.9833 -2.7362 -0.0442, 0.9596 -2.7362 -0.219, 0.905 -2.7362 -0.3868, 0.8214 -2.7362 -0.5422, 0.7114 -2.7362 -0.6802, 0.5785 -2.7362 -0.7963, 0.4271 -2.7362 -0.8868, 0.2618 -2.7362 -0.9488, -0.0812 -2.815 -0.9019, 0.0 -2.815 -0.7874, -0.2409 -2.815 -0.8729, -0.1585 -2.815 -0.7713, -0.3929 -2.815 -0.8158, -0.3105 -2.815 -0.7236, -0.5322 -2.815 -0.7326, -0.4498 -2.815 -0.6463, -0.6545 -2.815 -0.6258, -0.5707 -2.815 -0.5425, -0.7557 -2.815 -0.4988, -0.6682 -2.815 -0.4165, -0.8326 -2.815 -0.3559, -0.7384 -2.815 -0.2735, -0.8828 -2.815 -0.2015, -0.7783 -2.815 -0.1192, -0.9046 -2.815 -0.0406, -0.7864 -2.815 0.0399, -0.0797 -2.815 0.7834, -0.1617 -2.815 0.891, -0.2357 -2.815 0.7513, -0.3182 -2.815 0.8478, -0.3821 -2.815 0.6885, -0.4644 -2.815 0.7773, -0.5129 -2.815 0.5974, -0.5958 -2.815 0.6819, -0.6227 -2.815 0.482, -0.708 -2.815 0.5646, -0.7069 -2.815 0.3468, -0.7974 -2.815 0.4291, -0.7623 -2.815 0.1974, -0.8612 -2.815 0.2798, -0.8973 -2.815 0.1215, 0.7864 -2.815 0.0399, 0.8973 -2.815 0.1215, 0.7623 -2.815 0.1974, 0.8612 -2.815 0.2798, 0.7069 -2.815 0.3468, 0.7974 -2.815 0.4291, 0.6227 -2.815 0.482, 0.708 -2.815 0.5646, 0.5129 -2.815 0.5974, 0.5958 -2.815 0.6819, 0.3821 -2.815 0.6885, 0.4644 -2.815 0.7773, 0.2357 -2.815 0.7513, 0.3182 -2.815 0.8478, 0.0797 -2.815 0.7834, 0.1617 -2.815 0.891, 0.0 -2.815 0.9055, 0.0 -2.815 -0.9055, 0.0812 -2.815 -0.9019, 0.1585 -2.815 -0.7713, 0.2409 -2.815 -0.8729, 0.3105 -2.815 -0.7236, 0.3929 -2.815 -0.8158, 0.4498 -2.815 -0.6463, 0.5322 -2.815 -0.7326, 0.5707 -2.815 -0.5425, 0.6545 -2.815 -0.6258, 0.6682 -2.815 -0.4165, 0.7557 -2.815 -0.4988, 0.7384 -2.815 -0.2735, 0.8326 -2.815 -0.3559, 0.7783 -2.815 -0.1192, 0.8828 -2.815 -0.2015, 0.9046 -2.815 -0.0406, -0.4331 -1.063 0.5609, -0.4145 -2.7362 0.5705, -0.4616 -2.7362 0.5377, -0.5266 -1.063 0.4742, -0.5242 -2.7362 0.4719, -0.5604 -2.7362 0.4338, -0.6137 -1.063 0.3543, -0.611 -2.7362 0.3526, -0.6362 -2.7362 0.3121, -0.674 -1.063 0.219, -0.6711 -2.7362 0.2179, -0.686 -2.7362 0.1776, -0.7048 -1.063 0.0741, -0.702 -2.7362 0.0736, -0.7078 -2.7362 0.0359, -0.7048 -1.063 -0.0741, -0.6808 1.6929 -0.1969, -0.7048 1.6929 -0.0741, -0.7048 0.7087 -0.0741, -0.6717 -2.7362 -0.2184, -0.6808 0.7087 -0.1969, -0.6808 0.1181 -0.1969, -0.4331 0.7087 0.5609, -0.4331 0.1181 0.5609, -0.4331 -0.4724 0.5609, -0.5266 0.1181 0.4742, -0.5266 -0.4724 0.4742, -0.6137 0.1181 0.3543, -0.6137 -0.4724 0.3543, -0.674 0.1181 0.219, -0.674 -0.4724 0.219, -0.7048 0.1181 0.0741, -0.7048 -0.4724 0.0741, -0.7048 0.1181 -0.0741, -0.7048 -0.4724 -0.0741, -0.6808 -0.4724 -0.1969, -0.6808 -1.063 -0.1969, -0.7005 -2.7362 -0.1073, -0.7022 -2.7362 -0.0739, -0.7048 0.7087 0.0741, -0.7048 1.6929 0.0741, -0.674 0.7087 0.219, -0.674 1.6929 0.219, -0.6137 0.7087 0.3543, -0.6137 1.6929 0.3543, -0.5266 0.7087 0.4742, -0.5266 1.6929 0.4742, -0.4331 1.6929 0.5609, -0.4331 2.2835 0.5609, -0.5266 2.2835 0.4742, -0.6137 2.2835 0.3543, -0.674 2.2835 0.219, -0.7048 2.2835 0.0741, -0.7048 2.2835 -0.0741, -0.6808 2.2835 -0.1969, -0.0 -2.7362 -0.7087, 0.1427 -2.7362 -0.6942, 0.1472 -2.7362 -0.6927, 0.2795 -2.7362 -0.6512, 0.2878 -2.7362 -0.6466, 0.4048 -2.7362 -0.5816, 0.4157 -2.7362 -0.5723, 0.5136 -2.7362 -0.4882, 0.5253 -2.7362 -0.4732, 0.6014 -2.7362 -0.3749, 0.6119 -2.7362 -0.3534, 0.6645 -2.7362 -0.2461, 0.6717 -2.7362 -0.2184, 0.7005 -2.7362 -0.1073, 0.7022 -2.7362 -0.0739, 0.7078 -2.7362 0.0359, 0.702 -2.7362 0.0736, 0.686 -2.7362 0.1776, 0.6711 -2.7362 0.2179, 0.6362 -2.7362 0.3121, 0.611 -2.7362 0.3526, 0.5604 -2.7362 0.4338, 0.5242 -2.7362 0.4719, 0.4616 -2.7362 0.5377, 0.4145 -2.7362 0.5705, 0.3439 -2.7362 0.6196, 0.2868 -2.7362 0.6441, 0.2121 -2.7362 0.6762, 0.1466 -2.7362 0.6896, 0.0717 -2.7362 0.705, 0.0 -2.7362 0.705, -0.0717 -2.7362 0.705, -0.1466 -2.7362 0.6896, -0.2121 -2.7362 0.6762, -0.3439 -2.7362 0.6196, -0.2868 -2.7362 0.6441, -0.6645 -2.7362 -0.2461, -0.6119 -2.7362 -0.3534, -0.6014 -2.7362 -0.3749, -0.5253 -2.7362 -0.4732, -0.5136 -2.7362 -0.4882, -0.4157 -2.7362 -0.5723, -0.4048 -2.7362 -0.5816, -0.2878 -2.7362 -0.6466, -0.2795 -2.7362 -0.6512, -0.1472 -2.7362 -0.6927, -0.1427 -2.7362 -0.6942, 0.7874 1.7913 -0.1969, 0.7874 2.5 0.1969, 0.7874 2.3425 0.1969, 0.7874 2.3425 -0.1969, 0.9252 2.5 -0.1969, 0.9252 2.5 0.1969, 0.9252 2.3425 -0.1969, 0.7677 2.3425 0.1969, 0.9252 2.3425 -0.8661, -0.8268 -0.4724 -0.1969, -0.8268 -1.063 -0.1969, -0.9055 -1.063 -0.1969, -1.0236 -1.063 -0.1969, -0.9843 -0.5512 -0.8268, -0.9843 -0.9646 -0.8268, -0.8268 0.7087 -0.1969, -0.8268 0.1181 -0.1969, -0.9055 0.1181 -0.1969, -1.0236 0.1181 -0.1969, -0.9843 0.6693 -0.8268, -0.9843 0.2559 -0.8268, -0.8268 2.2835 -0.1969, -0.9843 2.2835 -0.8268, -0.8268 1.6929 -0.1969, -0.9055 1.6929 -0.1969, -1.0236 1.6929 -0.1969, -0.9843 1.8307 -0.8268, 0.1521 -1.3175 -1.3386, 0.1364 -1.2795 -1.3386, 0.1114 -1.2469 -1.3386, 0.0787 -1.2219 -1.3386, 0.0408 -1.2062 -1.3386, 0.0 -1.2008 -1.3386, -0.0408 -1.2062 -1.3386, -0.0787 -1.2219 -1.3386, -0.1114 -1.2469 -1.3386, -0.1364 -1.2795 -1.3386, -0.1521 -1.3175 -1.3386, -0.1575 -1.3583 -1.3386, -0.1521 -1.399 -1.3386, -0.1364 -1.437 -1.3386, -0.1114 -1.4696 -1.3386, -0.0787 -1.4946 -1.3386, -0.0408 -1.5104 -1.3386, -0.0 -1.5157 -1.3386, 0.0408 -1.5104 -1.3386, 0.0787 -1.4946 -1.3386, 0.1114 -1.4696 -1.3386, 0.1364 -1.437 -1.3386, 0.1521 -1.399 -1.3386, 0.1575 -1.3583 -1.3386, -0.1023 -1.4173 -1.378, -0.1141 -1.3888 -1.378, 0.0 -1.3583 -1.378, -0.1181 -1.3583 -1.378, -0.1141 -1.3277 -1.378, -0.0306 -1.4724 -1.378, -0.0591 -1.4606 -1.378, -0.0835 -1.4418 -1.378, 0.0591 -1.4606 -1.378, 0.0306 -1.4724 -1.378, -0.0 -1.4764 -1.378, 0.1141 -1.3888 -1.378, 0.1023 -1.4173 -1.378, 0.0835 -1.4418 -1.378, 0.1023 -1.2992 -1.378, 0.1141 -1.3277 -1.378, 0.1181 -1.3583 -1.378, 0.0306 -1.2442 -1.378, 0.0591 -1.256 -1.378, 0.0835 -1.2748 -1.378, -0.0591 -1.256 -1.378, -0.0306 -1.2442 -1.378, 0.0 -1.2402 -1.378, -0.1023 -1.2992 -1.378, -0.0835 -1.2748 -1.378, 0.1521 1.4384 -1.3386, 0.1364 1.4764 -1.3386, 0.1114 1.509 -1.3386, 0.0787 1.534 -1.3386, 0.0408 1.5498 -1.3386, 0.0 1.5551 -1.3386, -0.0408 1.5498 -1.3386, -0.0787 1.534 -1.3386, -0.1114 1.509 -1.3386, -0.1364 1.4764 -1.3386, -0.1521 1.4384 -1.3386, -0.1575 1.3976 -1.3386, -0.1521 1.3569 -1.3386, -0.1364 1.3189 -1.3386, -0.1114 1.2863 -1.3386, -0.0787 1.2613 -1.3386, -0.0408 1.2455 -1.3386, -0.0 1.2402 -1.3386, 0.0408 1.2455 -1.3386, 0.0787 1.2613 -1.3386, 0.1114 1.2863 -1.3386, 0.1364 1.3189 -1.3386, 0.1521 1.3569 -1.3386, 0.1575 1.3976 -1.3386, -0.1023 1.3386 -1.378, -0.1141 1.3671 -1.378, 0.0 1.3976 -1.378, -0.1181 1.3976 -1.378, -0.1141 1.4282 -1.378, -0.0306 1.2836 -1.378, -0.0591 1.2954 -1.378, -0.0835 1.3141 -1.378, 0.0591 1.2954 -1.378, 0.0306 1.2836 -1.378, -0.0 1.2795 -1.378, 0.1141 1.3671 -1.378, 0.1023 1.3386 -1.378, 0.0835 1.3141 -1.378, 0.1023 1.4567 -1.378, 0.1141 1.4282 -1.378, 0.1181 1.3976 -1.378, 0.0306 1.5117 -1.378, 0.0591 1.4999 -1.378, 0.0835 1.4812 -1.378, -0.0591 1.4999 -1.378, -0.0306 1.5117 -1.378, 0.0 1.5157 -1.378, -0.1023 1.4567 -1.378, -0.0835 1.4812 -1.378, -0.9055 -1.2795 -0.1969, -0.9055 -0.0591 -0.1969, -0.9055 1.5157 -0.1969, -0.9055 1.5157 -0.1969
            ]
        }
        coordIndex [
            0,1,2,-1,3,4,5,-1,6,7,8,-1,9,10,11,-1,12,13,14,-1,15,16,17,-1,17,16,18,-1,19,20,17,-1,17,20,21,-1,17,21,22,-1,22,23,17,-1,17,23,24,-1,17,24,15,-1,25,26,27,-1,27,26,28,-1,28,26,29,-1,28,29,30,-1,25,27,31,-1,31,27,32,-1,31,32,33,-1,34,35,32,-1,32,35,36,-1,32,36,37,-1,32,38,33,-1,33,38,39,-1,33,39,40,-1,40,39,41,-1,40,41,42,-1,37,43,32,-1,32,43,44,-1,32,44,38,-1,45,46,47,-1,45,47,48,-1,46,49,47,-1,47,49,50,-1,47,50,51,-1,51,50,52,-1,52,53,51,-1,51,53,54,-1,51,54,34,-1,34,54,55,-1,34,55,35,-1,56,48,57,-1,57,48,47,-1,57,47,58,-1,58,47,59,-1,58,59,60,-1,60,59,61,-1,62,63,64,-1,65,66,59,-1,59,66,67,-1,59,67,61,-1,64,68,62,-1,62,68,69,-1,62,69,65,-1,65,69,70,-1,65,70,66,-1,71,72,63,-1,63,72,73,-1,63,73,74,-1,74,75,63,-1,63,75,76,-1,63,76,64,-1,77,78,79,-1,80,81,82,-1,83,84,71,-1,85,86,87,-1,87,86,88,-1,80,82,89,-1,83,71,90,-1,91,92,86,-1,86,92,93,-1,86,93,94,-1,79,78,71,-1,71,78,95,-1,71,95,90,-1,81,96,82,-1,82,96,97,-1,82,97,98,-1,99,100,101,-1,101,100,102,-1,101,102,103,-1,104,94,105,-1,105,94,106,-1,105,106,101,-1,101,106,107,-1,101,107,99,-1,104,108,94,-1,94,108,109,-1,94,109,86,-1,86,109,110,-1,86,110,88,-1,111,112,113,-1,113,112,114,-1,113,114,82,-1,82,114,115,-1,82,115,89,-1,116,117,82,-1,82,117,118,-1,82,118,86,-1,86,118,119,-1,86,119,91,-1,120,121,72,-1,72,121,122,-1,72,122,123,-1,123,124,72,-1,72,124,125,-1,72,125,126,-1,126,125,111,-1,126,111,127,-1,127,111,113,-1,84,128,71,-1,71,128,129,-1,71,129,72,-1,72,129,130,-1,72,130,120,-1,98,131,82,-1,82,131,132,-1,82,132,133,-1,133,134,82,-1,82,134,135,-1,82,135,116,-1,136,137,138,-1,138,94,136,-1,136,94,93,-1,136,93,139,-1,139,93,140,-1,140,141,139,-1,139,141,142,-1,139,142,143,-1,144,145,146,-1,145,147,146,-1,146,147,148,-1,146,148,149,-1,150,146,151,-1,137,136,150,-1,150,136,152,-1,150,152,146,-1,146,152,153,-1,146,153,144,-1,151,154,150,-1,150,154,155,-1,150,155,156,-1,149,148,157,-1,157,148,158,-1,157,158,159,-1,159,158,160,-1,159,160,161,-1,162,163,156,-1,156,163,164,-1,156,164,150,-1,16,165,18,-1,18,165,166,-1,18,166,79,-1,79,166,167,-1,79,167,77,-1,168,169,170,-1,14,13,171,-1,171,13,172,-1,171,172,173,-1,174,175,176,-1,176,175,177,-1,176,177,178,-1,178,177,168,-1,178,168,179,-1,180,181,182,-1,182,181,183,-1,182,183,173,-1,170,169,184,-1,184,169,185,-1,184,185,186,-1,187,188,189,-1,190,191,192,-1,192,191,193,-1,192,193,194,-1,194,193,187,-1,194,187,195,-1,195,187,189,-1,196,197,198,-1,8,7,199,-1,200,201,196,-1,201,202,196,-1,196,202,203,-1,196,203,197,-1,197,203,204,-1,199,7,196,-1,196,7,205,-1,196,205,200,-1,206,207,208,-1,208,207,209,-1,208,209,198,-1,198,209,210,-1,198,210,196,-1,211,212,11,-1,213,214,215,-1,204,216,197,-1,197,216,217,-1,197,217,215,-1,215,217,218,-1,215,218,213,-1,219,220,11,-1,11,220,221,-1,214,222,215,-1,215,222,223,-1,215,223,224,-1,224,223,225,-1,224,225,211,-1,226,227,212,-1,212,227,228,-1,212,228,11,-1,11,228,229,-1,11,229,219,-1,221,230,11,-1,11,230,231,-1,11,231,9,-1,232,233,234,-1,234,233,235,-1,234,235,236,-1,234,237,232,-1,232,237,238,-1,232,238,239,-1,239,240,232,-1,232,240,241,-1,232,241,242,-1,242,241,243,-1,242,243,244,-1,244,243,245,-1,244,245,212,-1,212,245,246,-1,212,246,226,-1,247,248,236,-1,236,248,249,-1,236,249,234,-1,250,251,252,-1,253,254,251,-1,6,8,251,-1,251,8,255,-1,251,255,253,-1,254,256,251,-1,251,256,257,-1,251,257,252,-1,258,259,260,-1,259,261,260,-1,260,261,262,-1,260,262,263,-1,263,262,264,-1,250,252,260,-1,260,252,265,-1,260,265,258,-1,266,267,268,-1,269,270,268,-1,268,270,271,-1,268,271,266,-1,267,266,272,-1,272,266,273,-1,272,273,274,-1,270,275,271,-1,271,275,276,-1,271,276,277,-1,277,276,278,-1,277,278,279,-1,279,278,280,-1,279,280,274,-1,274,280,281,-1,274,281,272,-1,282,283,284,-1,284,283,285,-1,286,287,288,-1,288,287,289,-1,288,289,290,-1,290,289,291,-1,290,291,292,-1,292,291,293,-1,292,293,294,-1,294,293,295,-1,294,295,296,-1,296,295,297,-1,298,299,300,-1,284,293,282,-1,282,293,291,-1,282,291,301,-1,301,291,302,-1,301,302,300,-1,300,302,303,-1,300,303,298,-1,285,283,304,-1,304,283,305,-1,304,305,298,-1,306,307,308,-1,306,308,309,-1,309,308,310,-1,309,310,311,-1,311,310,312,-1,311,312,313,-1,314,315,316,-1,316,315,317,-1,318,316,319,-1,319,316,317,-1,319,317,320,-1,320,317,321,-1,320,321,322,-1,321,323,322,-1,322,323,324,-1,322,324,325,-1,325,324,326,-1,325,326,327,-1,327,326,328,-1,327,328,329,-1,329,328,330,-1,329,330,331,-1,331,330,332,-1,331,332,333,-1,334,335,336,-1,334,336,337,-1,298,305,299,-1,299,305,338,-1,299,338,339,-1,339,338,340,-1,339,340,336,-1,336,340,341,-1,336,341,337,-1,335,342,336,-1,336,342,343,-1,336,343,344,-1,344,345,336,-1,336,345,346,-1,336,346,347,-1,347,348,336,-1,336,348,349,-1,336,349,350,-1,350,349,351,-1,351,349,352,-1,352,349,353,-1,352,353,354,-1,354,355,352,-1,352,355,356,-1,352,356,357,-1,357,356,358,-1,359,360,361,-1,361,360,362,-1,361,362,305,-1,305,362,363,-1,305,363,338,-1,364,365,366,-1,366,365,367,-1,368,369,370,-1,370,371,368,-1,368,371,372,-1,368,372,373,-1,374,375,368,-1,368,375,376,-1,368,376,369,-1,4,377,378,-1,378,377,379,-1,378,379,374,-1,374,379,380,-1,374,380,375,-1,5,381,382,-1,382,383,5,-1,5,383,384,-1,5,384,3,-1,381,5,385,-1,385,5,386,-1,385,386,387,-1,387,386,388,-1,388,386,197,-1,388,197,389,-1,339,390,299,-1,299,390,391,-1,299,391,392,-1,392,391,393,-1,392,393,394,-1,395,396,397,-1,397,396,398,-1,399,400,401,-1,402,403,404,-1,405,406,399,-1,399,406,407,-1,399,407,408,-1,409,410,197,-1,395,411,396,-1,396,411,412,-1,396,412,413,-1,413,412,414,-1,415,416,414,-1,414,416,417,-1,414,417,413,-1,408,418,399,-1,399,418,419,-1,399,419,400,-1,410,420,197,-1,197,420,421,-1,197,421,422,-1,404,423,402,-1,402,423,424,-1,402,424,425,-1,426,427,386,-1,386,427,428,-1,386,428,197,-1,197,428,429,-1,197,429,409,-1,401,430,399,-1,399,430,431,-1,399,431,386,-1,386,431,398,-1,386,398,426,-1,426,398,396,-1,432,433,414,-1,414,433,434,-1,414,434,435,-1,422,436,197,-1,197,436,437,-1,197,437,198,-1,198,437,438,-1,198,438,402,-1,435,439,414,-1,414,439,440,-1,414,440,415,-1,441,442,405,-1,405,442,443,-1,405,443,406,-1,444,445,11,-1,11,445,446,-1,211,11,224,-1,224,11,446,-1,224,446,191,-1,191,446,447,-1,191,447,193,-1,448,445,449,-1,449,445,444,-1,449,444,450,-1,451,452,453,-1,454,455,444,-1,444,455,456,-1,444,456,450,-1,457,458,10,-1,10,458,451,-1,10,451,11,-1,11,451,453,-1,11,453,444,-1,444,453,459,-1,444,459,460,-1,461,462,463,-1,463,462,464,-1,463,464,451,-1,451,464,465,-1,451,465,452,-1,460,466,444,-1,444,466,467,-1,444,467,454,-1,468,469,470,-1,468,470,471,-1,469,472,470,-1,470,472,473,-1,470,473,463,-1,463,473,474,-1,463,474,461,-1,475,476,477,-1,477,476,470,-1,477,470,478,-1,478,470,463,-1,478,463,479,-1,479,463,451,-1,479,451,480,-1,480,451,458,-1,480,458,481,-1,481,458,441,-1,481,441,482,-1,482,441,405,-1,314,316,483,-1,483,316,484,-1,483,484,475,-1,457,206,458,-1,458,206,208,-1,458,208,441,-1,441,208,198,-1,441,198,442,-1,442,198,402,-1,442,402,485,-1,485,402,425,-1,476,170,470,-1,470,170,184,-1,470,184,471,-1,471,184,186,-1,471,186,190,-1,190,186,12,-1,190,12,191,-1,191,12,14,-1,318,313,316,-1,316,313,312,-1,316,312,484,-1,484,312,486,-1,487,79,488,-1,488,79,71,-1,488,71,489,-1,489,71,63,-1,489,63,490,-1,490,63,62,-1,490,62,491,-1,487,492,493,-1,492,494,493,-1,493,494,495,-1,493,495,489,-1,489,495,496,-1,489,496,488,-1,497,498,499,-1,499,498,495,-1,499,495,500,-1,500,495,494,-1,500,494,501,-1,501,494,502,-1,183,179,173,-1,173,179,168,-1,173,168,171,-1,171,168,170,-1,171,170,503,-1,504,505,486,-1,486,505,506,-1,507,508,509,-1,509,508,510,-1,509,510,486,-1,486,510,511,-1,486,511,504,-1,506,512,486,-1,486,512,513,-1,486,513,514,-1,475,484,476,-1,476,484,486,-1,476,486,170,-1,170,486,514,-1,170,514,503,-1,503,515,171,-1,171,515,516,-1,171,516,509,-1,509,516,517,-1,509,517,518,-1,518,519,509,-1,509,519,520,-1,509,520,507,-1,521,522,486,-1,523,524,525,-1,486,522,509,-1,509,522,526,-1,509,526,527,-1,4,378,5,-1,5,378,493,-1,5,493,386,-1,386,493,489,-1,386,489,399,-1,399,489,490,-1,399,490,405,-1,405,490,491,-1,405,491,482,-1,509,266,171,-1,171,266,271,-1,171,271,14,-1,14,271,277,-1,14,277,191,-1,191,277,301,-1,191,301,224,-1,224,301,300,-1,224,300,215,-1,215,300,299,-1,215,299,197,-1,197,299,392,-1,197,392,389,-1,389,392,394,-1,487,493,79,-1,79,493,378,-1,79,378,18,-1,18,378,528,-1,18,528,17,-1,528,529,17,-1,17,529,0,-1,17,0,374,-1,374,0,2,-1,374,2,378,-1,378,2,530,-1,378,530,528,-1,531,532,279,-1,279,532,533,-1,279,533,277,-1,277,533,534,-1,277,534,535,-1,535,536,277,-1,277,536,537,-1,277,537,538,-1,282,539,279,-1,279,539,540,-1,279,540,541,-1,538,542,277,-1,277,542,543,-1,277,543,301,-1,301,543,544,-1,301,544,282,-1,282,544,545,-1,282,545,539,-1,541,546,279,-1,279,546,547,-1,279,547,531,-1,525,521,523,-1,523,521,486,-1,523,486,548,-1,548,486,312,-1,548,312,527,-1,527,312,310,-1,527,310,509,-1,509,310,308,-1,509,308,266,-1,266,308,307,-1,266,307,273,-1,373,366,368,-1,368,366,367,-1,368,367,374,-1,374,367,549,-1,374,549,17,-1,17,549,28,-1,17,28,19,-1,19,28,30,-1,306,550,307,-1,307,550,551,-1,307,551,273,-1,273,551,552,-1,273,552,274,-1,274,552,553,-1,274,553,279,-1,279,553,554,-1,279,554,282,-1,282,554,555,-1,282,555,283,-1,283,555,556,-1,283,556,305,-1,305,556,557,-1,305,557,361,-1,361,557,365,-1,361,365,359,-1,359,365,364,-1,558,559,560,-1,560,559,561,-1,562,563,564,-1,564,563,565,-1,566,567,568,-1,568,567,569,-1,570,65,571,-1,571,65,27,-1,572,573,27,-1,27,573,574,-1,27,574,575,-1,575,576,27,-1,27,576,577,-1,27,577,578,-1,578,579,27,-1,27,579,580,-1,27,580,571,-1,581,65,582,-1,582,65,583,-1,570,584,65,-1,65,584,585,-1,65,585,586,-1,586,587,65,-1,65,587,588,-1,65,588,583,-1,589,590,591,-1,321,592,332,-1,332,592,593,-1,594,332,590,-1,590,332,593,-1,590,593,591,-1,594,595,332,-1,332,595,596,-1,332,596,597,-1,598,599,600,-1,601,602,603,-1,603,602,604,-1,601,605,602,-1,602,605,606,-1,602,606,591,-1,591,606,607,-1,591,607,589,-1,599,608,600,-1,600,608,609,-1,600,609,610,-1,610,611,600,-1,600,611,612,-1,600,612,602,-1,602,612,613,-1,602,613,604,-1,597,614,332,-1,332,614,615,-1,332,615,616,-1,616,615,617,-1,616,617,618,-1,618,619,616,-1,616,619,620,-1,616,620,621,-1,621,622,616,-1,616,622,623,-1,616,623,600,-1,600,623,624,-1,600,624,598,-1,616,600,625,-1,625,600,626,-1,627,628,629,-1,629,628,630,-1,629,630,631,-1,632,633,634,-1,631,632,629,-1,629,632,634,-1,629,634,635,-1,635,634,616,-1,635,616,636,-1,636,616,625,-1,637,638,633,-1,633,638,639,-1,640,641,642,-1,642,641,634,-1,642,634,643,-1,643,634,633,-1,643,633,644,-1,644,633,639,-1,641,581,645,-1,645,646,641,-1,641,646,647,-1,641,647,648,-1,648,649,641,-1,641,649,650,-1,641,650,651,-1,652,653,634,-1,653,654,634,-1,634,654,655,-1,634,655,656,-1,656,657,634,-1,634,657,658,-1,634,658,572,-1,651,659,641,-1,641,659,660,-1,641,660,634,-1,634,660,661,-1,634,661,652,-1,662,663,664,-1,665,666,667,-1,662,664,550,-1,668,616,669,-1,669,616,634,-1,663,333,332,-1,664,665,550,-1,550,665,667,-1,550,667,27,-1,27,667,670,-1,27,670,572,-1,572,670,671,-1,572,671,634,-1,634,671,666,-1,634,666,669,-1,669,666,665,-1,668,664,672,-1,672,664,663,-1,672,663,673,-1,673,663,332,-1,673,332,674,-1,674,332,616,-1,674,616,675,-1,675,616,668,-1,675,668,672,-1,676,677,678,-1,679,680,681,-1,626,600,682,-1,682,600,602,-1,682,602,678,-1,678,602,683,-1,678,683,676,-1,684,685,679,-1,679,685,686,-1,679,686,687,-1,687,688,679,-1,679,688,689,-1,679,689,640,-1,690,691,692,-1,692,691,693,-1,692,693,637,-1,637,693,694,-1,637,694,638,-1,638,694,695,-1,640,689,641,-1,641,689,696,-1,641,696,697,-1,698,581,699,-1,699,581,641,-1,699,641,700,-1,700,641,697,-1,701,702,65,-1,65,702,703,-1,704,705,315,-1,315,705,706,-1,707,708,676,-1,676,708,709,-1,709,710,676,-1,676,710,711,-1,676,711,627,-1,712,628,713,-1,713,628,627,-1,713,627,714,-1,714,627,711,-1,714,711,715,-1,703,716,65,-1,65,716,717,-1,65,717,315,-1,315,717,718,-1,315,718,704,-1,684,679,719,-1,719,679,681,-1,719,681,706,-1,706,681,693,-1,706,693,315,-1,720,693,721,-1,721,693,691,-1,721,691,722,-1,722,691,714,-1,722,714,723,-1,723,714,715,-1,720,724,693,-1,693,724,725,-1,693,725,726,-1,698,727,581,-1,581,727,728,-1,581,728,65,-1,65,728,729,-1,65,729,701,-1,726,730,693,-1,693,730,731,-1,693,731,315,-1,315,731,732,-1,315,732,733,-1,734,735,683,-1,683,735,736,-1,683,736,676,-1,676,736,737,-1,676,737,707,-1,733,738,315,-1,315,738,739,-1,315,739,683,-1,683,739,740,-1,683,740,734,-1,741,742,581,-1,581,742,645,-1,742,743,645,-1,645,743,744,-1,645,744,646,-1,646,744,745,-1,646,745,647,-1,647,745,746,-1,647,746,648,-1,648,746,747,-1,648,747,649,-1,649,747,748,-1,649,748,650,-1,650,748,749,-1,650,749,651,-1,651,749,750,-1,651,750,659,-1,659,750,751,-1,659,751,660,-1,660,751,752,-1,660,752,661,-1,661,752,753,-1,661,753,652,-1,652,753,754,-1,652,754,653,-1,653,754,755,-1,653,755,654,-1,654,755,756,-1,654,756,655,-1,655,756,757,-1,655,757,656,-1,656,757,758,-1,656,758,657,-1,657,758,759,-1,657,759,658,-1,658,759,760,-1,658,760,572,-1,572,760,761,-1,572,761,573,-1,573,761,762,-1,573,762,574,-1,574,762,763,-1,574,763,575,-1,575,763,764,-1,575,764,576,-1,576,764,765,-1,576,765,577,-1,577,765,766,-1,577,766,578,-1,578,766,767,-1,578,767,579,-1,579,767,768,-1,579,768,580,-1,580,768,769,-1,580,769,571,-1,571,769,770,-1,571,770,570,-1,570,770,771,-1,570,771,584,-1,584,771,772,-1,584,772,585,-1,585,772,773,-1,585,773,586,-1,586,773,774,-1,586,774,587,-1,587,774,775,-1,587,775,588,-1,588,775,776,-1,588,776,583,-1,583,776,741,-1,583,741,582,-1,582,741,581,-1,777,778,779,-1,779,778,780,-1,779,780,781,-1,781,780,782,-1,781,782,783,-1,783,782,784,-1,783,784,785,-1,785,784,786,-1,785,786,787,-1,787,786,788,-1,787,788,789,-1,789,788,790,-1,789,790,791,-1,791,790,792,-1,791,792,793,-1,793,792,794,-1,795,796,797,-1,797,796,798,-1,797,798,799,-1,799,798,800,-1,799,800,801,-1,801,800,802,-1,801,802,803,-1,803,802,804,-1,803,804,805,-1,805,804,806,-1,805,806,807,-1,807,806,808,-1,807,808,794,-1,794,808,809,-1,794,809,793,-1,810,811,812,-1,812,811,813,-1,812,813,814,-1,814,813,815,-1,814,815,816,-1,816,815,817,-1,816,817,818,-1,818,817,819,-1,818,819,820,-1,820,819,821,-1,820,821,822,-1,822,821,823,-1,822,823,824,-1,824,823,825,-1,824,825,795,-1,795,825,826,-1,795,826,796,-1,777,827,778,-1,778,827,828,-1,778,828,829,-1,829,828,830,-1,829,830,831,-1,831,830,832,-1,831,832,833,-1,833,832,834,-1,833,834,835,-1,835,834,836,-1,835,836,837,-1,837,836,838,-1,837,838,839,-1,839,838,840,-1,839,840,841,-1,841,840,842,-1,841,842,810,-1,810,842,843,-1,810,843,811,-1,844,845,846,-1,844,846,847,-1,846,848,847,-1,847,848,849,-1,847,849,850,-1,849,851,850,-1,850,851,852,-1,850,852,853,-1,852,854,853,-1,853,854,855,-1,853,855,856,-1,855,857,856,-1,856,857,858,-1,856,858,859,-1,860,861,862,-1,863,864,865,-1,866,619,867,-1,867,619,868,-1,867,868,869,-1,869,868,870,-1,869,870,871,-1,871,870,872,-1,871,872,873,-1,873,872,874,-1,873,874,875,-1,875,874,876,-1,875,876,877,-1,877,876,878,-1,877,878,865,-1,865,878,879,-1,865,879,863,-1,863,879,880,-1,863,880,881,-1,881,880,859,-1,881,859,882,-1,882,859,858,-1,862,861,883,-1,883,861,884,-1,883,884,885,-1,885,884,886,-1,885,886,887,-1,887,886,888,-1,887,888,889,-1,889,888,890,-1,889,890,866,-1,866,890,891,-1,866,891,619,-1,619,891,892,-1,619,892,620,-1,620,892,893,-1,620,893,621,-1,621,893,894,-1,621,894,622,-1,622,894,895,-1,622,895,623,-1,623,895,896,-1,623,896,624,-1,624,896,897,-1,624,897,598,-1,598,897,898,-1,598,898,860,-1,899,900,612,-1,612,900,613,-1,900,901,613,-1,613,901,902,-1,613,902,604,-1,902,903,604,-1,604,903,904,-1,604,904,603,-1,904,905,603,-1,603,905,906,-1,603,906,601,-1,906,907,601,-1,601,907,908,-1,601,908,605,-1,908,909,605,-1,605,909,910,-1,605,910,606,-1,910,911,606,-1,606,911,912,-1,606,912,607,-1,912,913,607,-1,607,913,914,-1,607,914,589,-1,914,915,589,-1,589,915,916,-1,589,916,590,-1,916,917,590,-1,590,917,918,-1,590,918,594,-1,918,919,594,-1,594,919,920,-1,594,920,595,-1,920,921,595,-1,595,921,922,-1,595,922,596,-1,922,923,596,-1,596,923,924,-1,596,924,597,-1,924,925,597,-1,597,925,926,-1,597,926,614,-1,926,927,614,-1,614,927,928,-1,614,928,615,-1,928,929,615,-1,615,929,930,-1,615,930,617,-1,930,931,617,-1,617,931,932,-1,617,932,618,-1,844,868,845,-1,845,868,619,-1,845,619,933,-1,933,619,618,-1,933,618,934,-1,934,618,932,-1,862,864,860,-1,860,864,863,-1,860,863,598,-1,598,863,935,-1,598,935,599,-1,599,935,936,-1,599,936,608,-1,936,937,608,-1,608,937,938,-1,608,938,609,-1,938,939,609,-1,609,939,940,-1,609,940,610,-1,940,941,610,-1,610,941,942,-1,610,942,611,-1,942,943,611,-1,611,943,944,-1,611,944,612,-1,612,944,945,-1,612,945,899,-1,828,827,742,-1,742,827,743,-1,827,777,743,-1,743,777,779,-1,743,779,744,-1,744,779,781,-1,744,781,745,-1,745,781,783,-1,745,783,746,-1,746,783,785,-1,746,785,747,-1,747,785,787,-1,747,787,748,-1,748,787,789,-1,748,789,749,-1,749,789,791,-1,749,791,750,-1,750,791,793,-1,750,793,751,-1,751,793,809,-1,751,809,752,-1,752,809,808,-1,752,808,753,-1,753,808,806,-1,753,806,754,-1,754,806,804,-1,754,804,755,-1,755,804,802,-1,755,802,756,-1,756,802,800,-1,756,800,757,-1,757,800,798,-1,757,798,758,-1,758,798,796,-1,758,796,759,-1,759,796,826,-1,759,826,760,-1,760,826,825,-1,760,825,761,-1,761,825,823,-1,761,823,762,-1,762,823,821,-1,762,821,763,-1,763,821,819,-1,763,819,764,-1,764,819,817,-1,764,817,765,-1,765,817,815,-1,765,815,766,-1,766,815,813,-1,766,813,767,-1,767,813,811,-1,767,811,768,-1,768,811,843,-1,768,843,769,-1,769,843,842,-1,769,842,770,-1,770,842,840,-1,770,840,771,-1,771,840,838,-1,771,838,772,-1,772,838,836,-1,772,836,773,-1,773,836,834,-1,773,834,774,-1,774,834,832,-1,774,832,775,-1,775,832,830,-1,775,830,776,-1,776,830,828,-1,776,828,741,-1,741,828,742,-1,782,780,944,-1,944,943,782,-1,782,943,942,-1,782,942,784,-1,942,941,784,-1,784,941,940,-1,784,940,786,-1,940,939,786,-1,786,939,938,-1,786,938,788,-1,938,937,788,-1,788,937,936,-1,788,936,790,-1,936,935,790,-1,790,935,863,-1,790,863,792,-1,863,881,792,-1,792,881,882,-1,792,882,794,-1,882,858,794,-1,794,858,857,-1,794,857,807,-1,857,855,807,-1,807,855,854,-1,807,854,805,-1,854,852,805,-1,805,852,851,-1,805,851,803,-1,851,849,803,-1,803,849,848,-1,803,848,801,-1,848,846,801,-1,801,846,845,-1,801,845,799,-1,845,933,799,-1,799,933,934,-1,799,934,797,-1,934,932,797,-1,797,932,931,-1,797,931,795,-1,931,930,795,-1,795,930,929,-1,795,929,824,-1,824,929,928,-1,824,928,822,-1,928,927,822,-1,822,927,926,-1,822,926,820,-1,926,925,820,-1,820,925,924,-1,820,924,818,-1,818,924,923,-1,923,922,818,-1,818,922,921,-1,818,921,816,-1,921,920,816,-1,816,920,919,-1,816,919,814,-1,919,918,814,-1,814,918,917,-1,814,917,812,-1,917,916,812,-1,812,916,915,-1,812,915,810,-1,915,914,810,-1,810,914,913,-1,810,913,841,-1,913,912,841,-1,841,912,911,-1,841,911,839,-1,911,910,839,-1,839,910,909,-1,839,909,837,-1,909,908,837,-1,837,908,907,-1,837,907,835,-1,907,906,835,-1,835,906,905,-1,835,905,833,-1,905,904,833,-1,833,904,903,-1,833,903,831,-1,903,902,831,-1,831,902,901,-1,831,901,829,-1,829,901,900,-1,829,900,778,-1,778,900,899,-1,778,899,780,-1,780,899,945,-1,780,945,944,-1,319,946,550,-1,550,946,662,-1,947,663,948,-1,948,663,662,-1,948,662,949,-1,949,662,946,-1,950,320,951,-1,951,320,333,-1,951,333,947,-1,947,333,663,-1,949,946,952,-1,952,946,319,-1,952,319,950,-1,950,319,320,-1,948,953,947,-1,947,953,591,-1,947,591,951,-1,951,591,593,-1,951,593,950,-1,950,593,592,-1,950,592,952,-1,952,592,954,-1,949,952,954,-1,317,315,954,-1,954,315,683,-1,954,683,949,-1,949,683,953,-1,949,953,948,-1,591,953,602,-1,602,953,683,-1,317,954,321,-1,321,954,592,-1,694,693,567,-1,567,693,955,-1,666,569,567,-1,868,667,870,-1,870,667,666,-1,870,666,872,-1,872,666,874,-1,874,666,876,-1,876,666,567,-1,876,567,878,-1,878,567,955,-1,878,955,879,-1,667,868,670,-1,670,868,844,-1,681,680,956,-1,956,680,957,-1,670,844,671,-1,671,844,847,-1,847,850,671,-1,671,850,853,-1,671,853,856,-1,880,956,859,-1,859,956,957,-1,859,957,856,-1,856,957,958,-1,856,958,671,-1,956,880,955,-1,955,880,879,-1,569,666,568,-1,568,666,671,-1,568,671,958,-1,695,694,959,-1,959,694,567,-1,959,567,960,-1,960,567,566,-1,955,693,956,-1,956,693,681,-1,713,714,563,-1,563,714,961,-1,668,565,563,-1,866,664,889,-1,889,664,668,-1,889,668,887,-1,887,668,885,-1,885,668,883,-1,883,668,563,-1,883,563,862,-1,862,563,961,-1,862,961,864,-1,664,866,665,-1,665,866,867,-1,691,690,962,-1,962,690,963,-1,665,867,669,-1,669,867,869,-1,869,871,669,-1,669,871,873,-1,669,873,875,-1,865,962,877,-1,877,962,963,-1,877,963,875,-1,875,963,964,-1,875,964,669,-1,962,865,961,-1,961,865,864,-1,565,668,564,-1,564,668,669,-1,564,669,964,-1,712,713,965,-1,965,713,563,-1,965,563,966,-1,966,563,562,-1,714,691,961,-1,961,691,962,-1,674,561,559,-1,892,673,893,-1,893,673,674,-1,893,674,894,-1,894,674,895,-1,895,674,896,-1,896,674,559,-1,896,559,897,-1,898,897,967,-1,967,897,559,-1,967,559,682,-1,682,559,968,-1,682,968,626,-1,626,968,625,-1,673,892,672,-1,672,892,891,-1,678,677,969,-1,969,677,970,-1,672,891,675,-1,675,891,890,-1,890,888,675,-1,675,888,886,-1,675,886,884,-1,860,969,861,-1,861,969,970,-1,861,970,884,-1,884,970,971,-1,884,971,675,-1,969,860,967,-1,967,860,898,-1,561,674,560,-1,560,674,675,-1,560,675,971,-1,968,559,972,-1,972,559,558,-1,682,678,967,-1,967,678,969,-1,716,973,717,-1,717,973,974,-1,717,974,718,-1,718,974,975,-1,718,975,704,-1,704,975,976,-1,704,976,705,-1,705,976,977,-1,705,977,706,-1,706,977,978,-1,706,978,719,-1,719,978,979,-1,719,979,684,-1,684,979,980,-1,684,980,685,-1,685,980,981,-1,685,981,686,-1,686,981,982,-1,686,982,687,-1,687,982,983,-1,687,983,688,-1,688,983,984,-1,688,984,689,-1,689,984,985,-1,689,985,696,-1,696,985,986,-1,696,986,697,-1,697,986,987,-1,697,987,700,-1,700,987,988,-1,700,988,699,-1,699,988,989,-1,699,989,698,-1,698,989,990,-1,698,990,727,-1,727,990,991,-1,727,991,728,-1,728,991,992,-1,728,992,729,-1,729,992,993,-1,729,993,701,-1,701,993,994,-1,701,994,702,-1,702,994,995,-1,702,995,703,-1,703,995,996,-1,703,996,716,-1,716,996,973,-1,997,998,999,-1,999,998,1000,-1,999,1000,1001,-1,1002,1003,999,-1,999,1003,1004,-1,999,1004,997,-1,1005,1006,999,-1,999,1006,1007,-1,999,1007,1002,-1,1008,1009,999,-1,999,1009,1010,-1,999,1010,1005,-1,1011,1012,999,-1,999,1012,1013,-1,999,1013,1008,-1,1014,1015,999,-1,999,1015,1016,-1,999,1016,1011,-1,1017,1018,999,-1,999,1018,1019,-1,999,1019,1014,-1,1001,1020,999,-1,999,1020,1021,-1,999,1021,1017,-1,733,1022,738,-1,738,1022,1023,-1,738,1023,739,-1,739,1023,1024,-1,739,1024,740,-1,740,1024,1025,-1,740,1025,734,-1,734,1025,1026,-1,734,1026,735,-1,735,1026,1027,-1,735,1027,736,-1,736,1027,1028,-1,736,1028,737,-1,737,1028,1029,-1,737,1029,707,-1,707,1029,1030,-1,707,1030,708,-1,708,1030,1031,-1,708,1031,709,-1,709,1031,1032,-1,709,1032,710,-1,710,1032,1033,-1,710,1033,711,-1,711,1033,1034,-1,711,1034,715,-1,715,1034,1035,-1,715,1035,723,-1,723,1035,1036,-1,723,1036,722,-1,722,1036,1037,-1,722,1037,721,-1,721,1037,1038,-1,721,1038,720,-1,720,1038,1039,-1,720,1039,724,-1,724,1039,1040,-1,724,1040,725,-1,725,1040,1041,-1,725,1041,726,-1,726,1041,1042,-1,726,1042,730,-1,730,1042,1043,-1,730,1043,731,-1,731,1043,1044,-1,731,1044,732,-1,732,1044,1045,-1,732,1045,733,-1,733,1045,1022,-1,1046,1047,1048,-1,1048,1047,1049,-1,1048,1049,1050,-1,1051,1052,1048,-1,1048,1052,1053,-1,1048,1053,1046,-1,1054,1055,1048,-1,1048,1055,1056,-1,1048,1056,1051,-1,1057,1058,1048,-1,1048,1058,1059,-1,1048,1059,1054,-1,1060,1061,1048,-1,1048,1061,1062,-1,1048,1062,1057,-1,1063,1064,1048,-1,1048,1064,1065,-1,1048,1065,1060,-1,1066,1067,1048,-1,1048,1067,1068,-1,1048,1068,1063,-1,1050,1069,1048,-1,1048,1069,1070,-1,1048,1070,1066,-1,1045,1061,1022,-1,1022,1061,1060,-1,1022,1060,1023,-1,1023,1060,1065,-1,1023,1065,1024,-1,1024,1065,1064,-1,1024,1064,1025,-1,1025,1064,1063,-1,1025,1063,1026,-1,1026,1063,1068,-1,1026,1068,1027,-1,1027,1068,1067,-1,1027,1067,1028,-1,1028,1067,1066,-1,1028,1066,1029,-1,1029,1066,1070,-1,1029,1070,1030,-1,1030,1070,1069,-1,1030,1069,1031,-1,1031,1069,1050,-1,1031,1050,1032,-1,1032,1050,1049,-1,1032,1049,1033,-1,1033,1049,1047,-1,1033,1047,1034,-1,1034,1047,1046,-1,1034,1046,1035,-1,1035,1046,1053,-1,1035,1053,1036,-1,1036,1053,1052,-1,1036,1052,1037,-1,1037,1052,1051,-1,1037,1051,1038,-1,1038,1051,1056,-1,1038,1056,1039,-1,1039,1056,1055,-1,1039,1055,1040,-1,1040,1055,1054,-1,1040,1054,1041,-1,1041,1054,1059,-1,1041,1059,1042,-1,1042,1059,1058,-1,1042,1058,1043,-1,1043,1058,1057,-1,1043,1057,1044,-1,1044,1057,1062,-1,1044,1062,1045,-1,1045,1062,1061,-1,996,1012,973,-1,973,1012,1011,-1,973,1011,974,-1,974,1011,1016,-1,974,1016,975,-1,975,1016,1015,-1,975,1015,976,-1,976,1015,1014,-1,976,1014,977,-1,977,1014,1019,-1,977,1019,978,-1,978,1019,1018,-1,978,1018,979,-1,979,1018,1017,-1,979,1017,980,-1,980,1017,1021,-1,980,1021,981,-1,981,1021,1020,-1,981,1020,982,-1,982,1020,1001,-1,982,1001,983,-1,983,1001,1000,-1,983,1000,984,-1,984,1000,998,-1,984,998,985,-1,985,998,997,-1,985,997,986,-1,986,997,1004,-1,986,1004,987,-1,987,1004,1003,-1,987,1003,988,-1,988,1003,1002,-1,988,1002,989,-1,989,1002,1007,-1,989,1007,990,-1,990,1007,1006,-1,990,1006,991,-1,991,1006,1005,-1,991,1005,992,-1,992,1005,1010,-1,992,1010,993,-1,993,1010,1009,-1,993,1009,994,-1,994,1009,1008,-1,994,1008,995,-1,995,1008,1013,-1,995,1013,996,-1,996,1013,1012,-1,679,1071,680,-1,680,1071,957,-1,643,644,568,-1,568,644,960,-1,568,960,566,-1,957,1071,958,-1,958,1071,642,-1,958,642,568,-1,568,642,643,-1,1071,679,642,-1,642,679,640,-1,692,1072,690,-1,690,1072,963,-1,632,631,564,-1,564,631,966,-1,564,966,562,-1,963,1072,964,-1,964,1072,633,-1,964,633,564,-1,564,633,632,-1,1072,692,633,-1,633,692,637,-1,676,1073,677,-1,677,1073,970,-1,635,636,560,-1,560,636,972,-1,560,972,558,-1,970,1073,971,-1,971,1073,629,-1,971,629,560,-1,560,629,635,-1,1073,676,629,-1,629,676,627,-1,636,625,972,-1,972,625,968,-1,965,966,630,-1,630,966,631,-1,630,628,965,-1,965,628,712,-1,959,960,639,-1,639,960,644,-1,639,638,959,-1,959,638,695,-1,
        ]
    }
}
Shape{
    appearance Appearance {
        material  Material 	{
            diffuseColor 1.0 1.0 1.0
            specularColor 0.5019607843137255 0.5019607843137255 0.5019607843137255
            ambientIntensity 0.2
            transparency 0
            shininess 0.5
        }
    }
    geometry IndexedFaceSet {
        ccw TRUE
        solid FALSE
        coord DEF co Coordinate {
            point [
                1.185 -1.1378 0.6334, 1.185 -1.1378 0.6212, 1.1811 -1.1378 0.6334, 1.1811 -1.1378 0.6212, 1.185 -1.1803 0.6334, 1.1811 -1.1803 0.6334, 1.185 -1.1803 0.728, 1.1811 -1.1803 0.728, 1.185 -1.1941 0.728, 1.1811 -1.1941 0.728, 1.185 -1.1941 0.6212, 1.1811 -1.1941 0.6212, 1.185 -1.0667 0.621, 1.185 -1.083 0.6194, 1.1811 -1.083 0.6194, 1.1811 -1.0736 0.6203, 1.1811 -1.0667 0.621, 1.185 -1.0553 0.6248, 1.1811 -1.058 0.6239, 1.1811 -1.0553 0.6248, 1.1811 -1.0535 0.6257, 1.185 -1.0535 0.6257, 1.185 -1.0535 0.6389, 1.1811 -1.0535 0.6389, 1.1811 -1.058 0.6368, 1.185 -1.064 0.6342, 1.1811 -1.064 0.6342, 1.1811 -1.0761 0.6319, 1.185 -1.0761 0.6319, 1.1811 -1.081 0.6317, 1.185 -1.081 0.6317, 1.1811 -1.0904 0.6327, 1.185 -1.0904 0.6327, 1.1811 -1.0983 0.6354, 1.185 -1.0983 0.6354, 1.1811 -1.1055 0.6401, 1.185 -1.1055 0.6401, 1.1811 -1.1085 0.643, 1.185 -1.1085 0.643, 1.1811 -1.1134 0.6497, 1.185 -1.1134 0.6497, 1.1811 -1.1169 0.6582, 1.185 -1.1169 0.6582, 1.1811 -1.1188 0.6687, 1.185 -1.1188 0.6687, 1.1811 -1.1189 0.6734, 1.185 -1.1189 0.6734, 1.1811 -1.1172 0.6881, 1.185 -1.1172 0.6881, 1.1811 -1.1136 0.6973, 1.185 -1.1136 0.6973, 1.1811 -1.1085 0.7047, 1.185 -1.1085 0.7047, 1.1811 -1.1077 0.7055, 1.185 -1.1077 0.7055, 1.1811 -1.1011 0.7111, 1.185 -1.1011 0.7111, 1.1811 -1.0928 0.7152, 1.185 -1.0928 0.7152, 1.1811 -1.0836 0.7171, 1.185 -1.0836 0.7171, 1.1811 -1.0786 0.7174, 1.185 -1.0786 0.7174, 1.1811 -1.0655 0.7158, 1.1811 -1.058 0.713, 1.185 -1.0547 0.7117, 1.185 -1.0655 0.7158, 1.1811 -1.0547 0.7117, 1.1811 -1.0535 0.711, 1.185 -1.0535 0.711, 1.185 -1.0535 0.7254, 1.1811 -1.0535 0.7254, 1.1811 -1.058 0.7268, 1.185 -1.0648 0.7287, 1.1811 -1.0788 0.7298, 1.185 -1.0788 0.7298, 1.1811 -1.0673 0.7289, 1.1811 -1.0648 0.7287, 1.1811 -1.0862 0.7289, 1.185 -1.0942 0.7279, 1.1811 -1.0942 0.7279, 1.1811 -1.1053 0.7236, 1.185 -1.1053 0.7236, 1.1811 -1.1153 0.7166, 1.185 -1.1153 0.7166, 1.1811 -1.118 0.7141, 1.185 -1.118 0.7141, 1.1811 -1.1257 0.704, 1.1811 -1.1286 0.6972, 1.185 -1.1308 0.6921, 1.185 -1.1257 0.704, 1.1811 -1.1308 0.6921, 1.1811 -1.1332 0.6782, 1.185 -1.1332 0.6782, 1.1811 -1.1334 0.6726, 1.185 -1.1334 0.6726, 1.1811 -1.1313 0.6553, 1.1811 -1.1286 0.6484, 1.185 -1.127 0.6441, 1.185 -1.1313 0.6553, 1.1811 -1.127 0.6441, 1.1811 -1.1206 0.635, 1.185 -1.1206 0.635, 1.1811 -1.1197 0.634, 1.185 -1.1197 0.634, 1.185 -1.0915 0.62, 1.1811 -1.1126 0.6279, 1.185 -1.1126 0.6279, 1.1811 -1.1027 0.6227, 1.185 -1.1027 0.6227, 1.1811 -1.093 0.6203, 1.1811 -1.0915 0.62, 1.185 -0.9747 0.6334, 1.185 -0.9747 0.6212, 1.1811 -0.9747 0.6334, 1.1811 -0.9747 0.6212, 1.1811 -1.0183 0.6334, 1.185 -1.0183 0.6334, 1.1811 -0.9895 0.6334, 1.185 -1.0183 0.6693, 1.1811 -1.0183 0.6693, 1.185 -0.9801 0.6693, 1.1811 -0.9895 0.6693, 1.1811 -0.9801 0.6693, 1.185 -0.9801 0.6816, 1.1811 -0.9801 0.6816, 1.1811 -1.0183 0.6816, 1.185 -1.0183 0.6816, 1.1811 -0.9895 0.6816, 1.185 -1.0183 0.7157, 1.1811 -1.0183 0.7157, 1.1811 -0.9771 0.7157, 1.185 -0.9771 0.7157, 1.1811 -0.9895 0.7157, 1.185 -0.9771 0.728, 1.1811 -0.9771 0.728, 1.1811 -1.0321 0.728, 1.185 -1.0321 0.728, 1.1811 -0.9895 0.728, 1.185 -1.0321 0.6212, 1.1811 -1.0321 0.6212, 1.1811 -0.9895 0.6212, 1.185 -0.8837 0.6362, 1.185 -0.8948 0.6434, 1.185 -0.8949 0.6282, 1.185 -0.9016 0.6386, 1.185 -0.907 0.6234, 1.185 -0.9105 0.6352, 1.185 -0.9251 0.6212, 1.185 -0.9252 0.6334, 1.185 -0.9545 0.6212, 1.185 -0.9407 0.6334, 1.185 -0.9545 0.728, 1.185 -0.9407 0.7157, 1.185 -0.9241 0.728, 1.185 -0.9246 0.7157, 1.185 -0.9236 0.7157, 1.185 -0.9078 0.7262, 1.185 -0.9099 0.714, 1.185 -0.8949 0.7215, 1.185 -0.9008 0.7105, 1.185 -0.8837 0.7139, 1.185 -0.8938 0.7057, 1.185 -0.8799 0.7102, 1.185 -0.8908 0.7027, 1.185 -0.8733 0.7009, 1.185 -0.8867 0.6967, 1.185 -0.8694 0.6907, 1.185 -0.8837 0.6889, 1.185 -0.8676 0.676, 1.185 -0.8821 0.6756, 1.185 -0.8679 0.6692, 1.185 -0.8825 0.6684, 1.185 -0.8705 0.6567, 1.185 -0.8846 0.6587, 1.185 -0.8758 0.6456, 1.185 -0.8884 0.6508, 1.185 -0.8935 0.6446, 1.1811 -0.9251 0.6212, 1.1811 -0.9545 0.6212, 1.1811 -0.907 0.6234, 1.1811 -0.8949 0.6282, 1.1811 -0.8837 0.6362, 1.1811 -0.8758 0.6456, 1.1811 -0.8705 0.6567, 1.1811 -0.8679 0.6692, 1.1811 -0.8676 0.676, 1.1811 -0.8694 0.6907, 1.1811 -0.8733 0.7009, 1.1811 -0.8799 0.7102, 1.1811 -0.8837 0.7139, 1.1811 -0.8949 0.7215, 1.1811 -0.9078 0.7262, 1.1811 -0.9241 0.728, 1.1811 -0.9545 0.728, 1.1811 -0.9246 0.7157, 1.1811 -0.9407 0.7157, 1.1811 -0.9407 0.6334, 1.1811 -0.9252 0.6334, 1.1811 -0.8935 0.6446, 1.1811 -0.8948 0.6434, 1.1811 -0.9016 0.6386, 1.1811 -0.9105 0.6352, 1.1811 -0.8821 0.6756, 1.1811 -0.8825 0.6684, 1.1811 -0.8846 0.6587, 1.1811 -0.8884 0.6508, 1.1811 -0.8938 0.7057, 1.1811 -0.8908 0.7027, 1.1811 -0.8867 0.6967, 1.1811 -0.8837 0.6889, 1.1811 -0.9236 0.7157, 1.1811 -0.9099 0.714, 1.1811 -0.9008 0.7105, 1.1811 -0.9008 0.7105
            ]
        }
        coordIndex [
            0,1,2,-1,2,1,3,-1,4,0,5,-1,5,0,2,-1,6,4,7,-1,7,4,5,-1,8,6,9,-1,9,6,7,-1,10,8,11,-1,11,8,9,-1,1,10,3,-1,3,10,11,-1,6,8,4,-1,4,8,10,-1,4,10,0,-1,0,10,1,-1,12,13,14,-1,14,15,12,-1,12,15,16,-1,12,16,17,-1,17,16,18,-1,18,19,17,-1,17,19,20,-1,17,20,21,-1,22,21,23,-1,23,21,20,-1,22,23,24,-1,22,24,25,-1,24,26,25,-1,25,26,27,-1,25,27,28,-1,28,27,29,-1,28,29,30,-1,30,29,31,-1,30,31,32,-1,32,31,33,-1,32,33,34,-1,34,33,35,-1,34,35,36,-1,36,35,37,-1,36,37,38,-1,38,37,39,-1,38,39,40,-1,40,39,41,-1,40,41,42,-1,42,41,43,-1,42,43,44,-1,44,43,45,-1,44,45,46,-1,46,45,47,-1,46,47,48,-1,48,47,49,-1,48,49,50,-1,50,49,51,-1,50,51,52,-1,52,51,53,-1,52,53,54,-1,54,53,55,-1,54,55,56,-1,56,55,57,-1,56,57,58,-1,58,57,59,-1,58,59,60,-1,60,59,61,-1,60,61,62,-1,62,61,63,-1,64,65,63,-1,63,65,66,-1,63,66,62,-1,64,67,65,-1,65,67,68,-1,65,68,69,-1,70,69,71,-1,71,69,68,-1,70,71,72,-1,70,72,73,-1,74,75,76,-1,76,75,73,-1,76,73,77,-1,77,73,72,-1,75,74,78,-1,75,78,79,-1,78,80,79,-1,79,80,81,-1,79,81,82,-1,82,81,83,-1,82,83,84,-1,84,83,85,-1,84,85,86,-1,86,85,87,-1,88,89,87,-1,87,89,90,-1,87,90,86,-1,88,91,89,-1,89,91,92,-1,89,92,93,-1,93,92,94,-1,93,94,95,-1,95,94,96,-1,97,98,96,-1,96,98,99,-1,96,99,95,-1,97,100,98,-1,98,100,101,-1,98,101,102,-1,102,101,103,-1,102,103,104,-1,14,13,105,-1,104,103,106,-1,104,106,107,-1,107,106,108,-1,107,108,109,-1,109,108,110,-1,109,110,105,-1,105,110,111,-1,105,111,14,-1,48,50,90,-1,90,50,86,-1,95,46,93,-1,93,46,48,-1,93,48,89,-1,89,48,90,-1,50,52,86,-1,86,52,54,-1,86,54,84,-1,84,54,56,-1,84,56,82,-1,82,56,79,-1,79,56,58,-1,79,58,75,-1,21,22,17,-1,17,22,25,-1,17,25,12,-1,12,25,28,-1,12,28,13,-1,13,28,30,-1,13,30,105,-1,105,30,32,-1,105,32,109,-1,109,32,34,-1,109,34,107,-1,107,34,36,-1,107,36,104,-1,104,36,38,-1,104,38,102,-1,102,38,40,-1,102,40,98,-1,98,40,99,-1,99,40,42,-1,99,42,95,-1,95,42,44,-1,95,44,46,-1,58,60,75,-1,75,60,62,-1,75,62,73,-1,73,62,66,-1,73,66,70,-1,70,66,65,-1,70,65,69,-1,112,113,114,-1,114,113,115,-1,116,117,118,-1,118,117,112,-1,118,112,114,-1,119,117,120,-1,120,117,116,-1,119,120,121,-1,121,120,122,-1,121,122,123,-1,124,121,125,-1,125,121,123,-1,126,127,128,-1,128,127,124,-1,128,124,125,-1,129,127,130,-1,130,127,126,-1,131,132,133,-1,133,132,129,-1,133,129,130,-1,134,132,135,-1,135,132,131,-1,136,137,138,-1,138,137,134,-1,138,134,135,-1,139,137,140,-1,140,137,136,-1,115,113,141,-1,141,113,139,-1,141,139,140,-1,139,113,112,-1,112,117,139,-1,139,117,119,-1,139,119,137,-1,132,134,129,-1,129,134,137,-1,129,137,127,-1,127,137,119,-1,127,119,124,-1,124,119,121,-1,142,143,144,-1,144,143,145,-1,144,145,146,-1,146,145,147,-1,146,147,148,-1,148,147,149,-1,148,149,150,-1,150,149,151,-1,150,151,152,-1,152,151,153,-1,152,153,154,-1,153,155,154,-1,154,155,156,-1,154,156,157,-1,157,156,158,-1,157,158,159,-1,159,158,160,-1,159,160,161,-1,161,160,162,-1,161,162,163,-1,163,162,164,-1,163,164,165,-1,165,164,166,-1,165,166,167,-1,167,166,168,-1,167,168,169,-1,169,168,170,-1,169,170,171,-1,171,170,172,-1,171,172,173,-1,173,172,174,-1,173,174,175,-1,175,174,176,-1,175,176,142,-1,142,176,177,-1,142,177,143,-1,148,150,178,-1,178,150,179,-1,148,178,180,-1,148,180,146,-1,146,180,181,-1,146,181,144,-1,144,181,182,-1,144,182,142,-1,142,182,183,-1,142,183,175,-1,175,183,184,-1,175,184,173,-1,173,184,185,-1,173,185,171,-1,171,185,186,-1,171,186,169,-1,169,186,187,-1,169,187,167,-1,167,187,188,-1,167,188,165,-1,165,188,189,-1,165,189,163,-1,163,189,190,-1,163,190,161,-1,161,190,191,-1,161,191,159,-1,159,191,192,-1,159,192,157,-1,157,192,193,-1,157,193,154,-1,152,154,194,-1,194,154,193,-1,150,152,179,-1,179,152,194,-1,155,153,195,-1,195,153,196,-1,153,151,196,-1,196,151,197,-1,151,149,197,-1,197,149,198,-1,177,199,200,-1,177,200,143,-1,143,200,201,-1,143,201,145,-1,145,201,202,-1,145,202,147,-1,147,202,198,-1,147,198,149,-1,170,203,204,-1,170,204,172,-1,172,204,205,-1,172,205,174,-1,174,205,206,-1,174,206,176,-1,176,206,199,-1,176,199,177,-1,162,207,208,-1,162,208,164,-1,164,208,209,-1,164,209,166,-1,166,209,210,-1,166,210,168,-1,168,210,203,-1,168,203,170,-1,155,195,211,-1,155,211,156,-1,156,211,212,-1,156,212,158,-1,158,212,213,-1,158,213,160,-1,160,213,207,-1,160,207,162,-1,
        ]
    }
}
Shape{
    appearance Appearance {
        material  Material 	{
            diffuseColor 0.25098039215686274 0.25098039215686274 0.25098039215686274
            specularColor 0.12549019607843137 0.12549019607843137 0.12549019607843137
            ambientIntensity 0.2
            transparency 0
            shininess 0.5
        }
    }
    geometry IndexedFaceSet {
        ccw TRUE
        solid FALSE
        coord DEF co Coordinate {
            point [
                1.1811 -0.9016 0.6386, 1.1811 -0.8948 0.6434, 1.1811 -0.9236 0.7157, 1.1811 -0.9407 0.7157, 1.1811 -0.9407 0.6334, 1.1811 -0.9246 0.7157, 1.1811 -0.9252 0.6334, 1.1811 -0.9105 0.6352, 1.1811 -0.8935 0.6446, 1.1811 -0.8884 0.6508, 1.1811 -0.8846 0.6587, 1.1811 -0.8821 0.6756, 1.1811 -0.8938 0.7057, 1.1811 -0.9008 0.7105, 1.1811 -0.8837 0.6889, 1.1811 -0.8867 0.6967, 1.1811 -0.8908 0.7027, 1.1811 -0.8825 0.6684, 1.1811 -0.9099 0.714, 1.1811 -0.9099 0.714
            ]
        }
        coordIndex [
            0,1,2,-1,3,4,5,-1,5,4,6,-1,5,6,2,-1,2,6,7,-1,2,7,0,-1,1,8,2,-1,2,8,9,-1,2,9,10,-1,11,12,13,-1,14,15,11,-1,11,15,16,-1,11,16,12,-1,10,17,2,-1,2,17,11,-1,2,11,18,-1,18,11,13,-1,
        ]
    }
}
Shape{
    appearance Appearance {
        material  Material 	{
            diffuseColor 1.0 1.0 1.0
            specularColor 0.5019607843137255 0.5019607843137255 0.5019607843137255
            ambientIntensity 0.2
            transparency 0
            shininess 0.5
        }
    }
    geometry IndexedFaceSet {
        ccw TRUE
        solid FALSE
        coord DEF co Coordinate {
            point [
                1.185 -0.8318 0.6625, 1.185 -0.8362 0.6504, 1.185 -0.796 0.6625, 1.185 -0.7917 0.6504, 1.185 -0.8158 0.7069, 1.185 -0.821 0.728, 1.185 -0.8617 0.6212, 1.185 -0.8464 0.6212, 1.185 -0.8149 0.7101, 1.185 -0.8141 0.7144, 1.185 -0.8063 0.728, 1.185 -0.8138 0.7144, 1.185 -0.8129 0.7098, 1.185 -0.8121 0.7069, 1.185 -0.7656 0.6212, 1.185 -0.7808 0.6212, 1.1811 -0.8063 0.728, 1.1811 -0.7656 0.6212, 1.1811 -0.821 0.728, 1.1811 -0.8617 0.6212, 1.1811 -0.8309 0.702, 1.1811 -0.8464 0.6212, 1.1811 -0.8362 0.6504, 1.1811 -0.7917 0.6504, 1.1811 -0.8309 0.6504, 1.1811 -0.7808 0.6212, 1.1811 -0.8318 0.6625, 1.1811 -0.796 0.6625, 1.1811 -0.8121 0.7069, 1.1811 -0.8138 0.7144, 1.1811 -0.8129 0.7098, 1.1811 -0.8141 0.7144, 1.1811 -0.8158 0.7069, 1.1811 -0.8149 0.7101, 1.1811 -0.8149 0.7101
            ]
        }
        coordIndex [
            0,1,2,-1,2,1,3,-1,4,5,0,-1,0,5,6,-1,0,6,1,-1,1,6,7,-1,4,8,5,-1,5,8,9,-1,5,9,10,-1,10,9,11,-1,10,11,12,-1,12,13,10,-1,10,13,2,-1,10,2,14,-1,14,2,3,-1,14,3,15,-1,10,14,16,-1,16,14,17,-1,5,10,18,-1,18,10,16,-1,19,6,20,-1,20,6,5,-1,20,5,18,-1,7,6,21,-1,21,6,19,-1,1,7,22,-1,22,7,21,-1,23,3,24,-1,24,3,1,-1,24,1,22,-1,15,3,25,-1,25,3,23,-1,14,15,17,-1,17,15,25,-1,0,2,26,-1,26,2,27,-1,2,13,27,-1,27,13,28,-1,11,29,30,-1,11,30,12,-1,12,30,28,-1,12,28,13,-1,11,9,29,-1,29,9,31,-1,4,32,33,-1,4,33,8,-1,8,33,31,-1,8,31,9,-1,4,0,32,-1,32,0,26,-1,
        ]
    }
}
Shape{
    appearance Appearance {
        material  Material 	{
            diffuseColor 0.25098039215686274 0.25098039215686274 0.25098039215686274
            specularColor 0.12549019607843137 0.12549019607843137 0.12549019607843137
            ambientIntensity 0.2
            transparency 0
            shininess 0.5
        }
    }
    geometry IndexedFaceSet {
        ccw TRUE
        solid FALSE
        coord DEF co Coordinate {
            point [
                1.1811 -0.8138 0.7144, 1.1811 -0.8141 0.7144, 1.1811 -0.8129 0.7098, 1.1811 -0.8149 0.7101, 1.1811 -0.8121 0.7069, 1.1811 -0.8158 0.7069, 1.1811 -0.796 0.6625, 1.1811 -0.8318 0.6625, 1.1811 -0.8318 0.6625
            ]
        }
        coordIndex [
            0,1,2,-1,2,1,3,-1,2,3,4,-1,4,3,5,-1,4,5,6,-1,6,5,7,-1,
        ]
    }
}
Shape{
    appearance Appearance {
        material  Material 	{
            diffuseColor 1.0 1.0 1.0
            specularColor 0.5019607843137255 0.5019607843137255 0.5019607843137255
            ambientIntensity 0.2
            transparency 0
            shininess 0.5
        }
    }
    geometry IndexedFaceSet {
        ccw TRUE
        solid FALSE
        coord DEF co Coordinate {
            point [
                1.185 -1.1366 0.4641, 1.185 -1.1366 0.4519, 1.1811 -1.1366 0.4641, 1.1811 -1.1366 0.4519, 1.185 -1.1803 0.4641, 1.1811 -1.1803 0.4641, 1.185 -1.1803 0.5, 1.1811 -1.1803 0.5, 1.185 -1.1421 0.5, 1.1811 -1.1421 0.5, 1.185 -1.1421 0.5122, 1.1811 -1.1421 0.5122, 1.185 -1.1803 0.5122, 1.1811 -1.1803 0.5122, 1.185 -1.1803 0.5464, 1.1811 -1.1803 0.5464, 1.185 -1.1391 0.5464, 1.1811 -1.1391 0.5464, 1.185 -1.1391 0.5586, 1.1811 -1.1391 0.5586, 1.185 -1.1941 0.5586, 1.1811 -1.1941 0.5586, 1.185 -1.1941 0.4519, 1.1811 -1.1941 0.4519, 1.185 -1.0763 0.4637, 1.185 -1.0759 0.4637, 1.185 -1.0768 0.476, 1.185 -1.076 0.4819, 1.185 -1.0626 0.501, 1.185 -1.0759 0.4828, 1.185 -1.0759 0.4901, 1.185 -1.0759 0.4519, 1.185 -1.0626 0.4519, 1.185 -1.1102 0.4755, 1.185 -1.1095 0.4786, 1.185 -1.121 0.4846, 1.185 -1.0788 0.4712, 1.185 -1.0817 0.4673, 1.185 -1.0799 0.4587, 1.185 -1.0834 0.4656, 1.185 -1.0843 0.4546, 1.185 -1.0871 0.4631, 1.185 -1.0867 0.4531, 1.185 -1.0912 0.4616, 1.185 -1.092 0.451, 1.185 -1.0962 0.4611, 1.185 -1.0997 0.4501, 1.185 -1.1007 0.4616, 1.185 -1.1077 0.451, 1.185 -1.1037 0.4627, 1.185 -1.1128 0.4529, 1.185 -1.1064 0.4645, 1.185 -1.1173 0.4561, 1.185 -1.1075 0.4656, 1.185 -1.1183 0.4884, 1.185 -1.1083 0.4811, 1.185 -1.1141 0.492, 1.185 -1.1067 0.4831, 1.185 -1.1083 0.4949, 1.185 -1.1051 0.4843, 1.185 -1.1021 0.4858, 1.185 -1.0985 0.4972, 1.185 -1.0938 0.4877, 1.185 -1.0759 0.5004, 1.185 -1.1229 0.48, 1.185 -1.1238 0.4743, 1.185 -1.1103 0.4734, 1.185 -1.1238 0.4723, 1.185 -1.1099 0.4703, 1.185 -1.1232 0.4662, 1.185 -1.1091 0.4679, 1.185 -1.1216 0.4617, 1.185 -1.1188 0.4576, 1.185 -1.1164 0.5228, 1.185 -1.1164 0.5098, 1.185 -1.1136 0.5244, 1.185 -1.1085 0.515, 1.185 -1.1037 0.5282, 1.185 -1.1001 0.518, 1.185 -1.0901 0.5299, 1.185 -1.0914 0.519, 1.185 -1.0819 0.5291, 1.185 -1.0869 0.5185, 1.185 -1.0763 0.5274, 1.185 -1.0838 0.5175, 1.185 -1.0719 0.5248, 1.185 -1.0814 0.5159, 1.185 -1.0683 0.5214, 1.185 -1.0794 0.5138, 1.185 -1.0656 0.517, 1.185 -1.0778 0.511, 1.185 -1.0636 0.5108, 1.185 -1.0764 0.5063, 1.1811 -1.0901 0.5299, 1.1811 -1.1037 0.5282, 1.1811 -1.1136 0.5244, 1.1811 -1.1164 0.5228, 1.1811 -1.1164 0.5098, 1.1811 -1.1085 0.515, 1.1811 -1.1001 0.518, 1.1811 -1.0914 0.519, 1.1811 -1.0869 0.5185, 1.1811 -1.0838 0.5175, 1.1811 -1.0814 0.5159, 1.1811 -1.0794 0.5138, 1.1811 -1.0778 0.511, 1.1811 -1.0764 0.5063, 1.1811 -1.0759 0.5004, 1.1811 -1.0985 0.4972, 1.1811 -1.1083 0.4949, 1.1811 -1.1141 0.492, 1.1811 -1.1183 0.4884, 1.1811 -1.121 0.4846, 1.1811 -1.1229 0.48, 1.1811 -1.1238 0.4743, 1.1811 -1.1238 0.4723, 1.1811 -1.1232 0.4662, 1.1811 -1.1216 0.4617, 1.1811 -1.1188 0.4576, 1.1811 -1.1173 0.4561, 1.1811 -1.0997 0.4501, 1.1811 -1.1074 0.451, 1.1811 -1.1077 0.451, 1.1811 -1.1128 0.4529, 1.1811 -1.0924 0.451, 1.1811 -1.092 0.451, 1.1811 -1.0867 0.4531, 1.1811 -1.0843 0.4546, 1.1811 -1.0799 0.4587, 1.1811 -1.0763 0.4637, 1.1811 -1.0759 0.4637, 1.1811 -1.0759 0.4519, 1.1811 -1.0626 0.4519, 1.1811 -1.0626 0.501, 1.1811 -1.0636 0.5108, 1.1811 -1.0656 0.517, 1.1811 -1.0683 0.5214, 1.1811 -1.0719 0.5248, 1.1811 -1.0763 0.5274, 1.1811 -1.0819 0.5291, 1.1811 -1.1067 0.4831, 1.1811 -1.1051 0.4843, 1.1811 -1.1021 0.4858, 1.1811 -1.0938 0.4877, 1.1811 -1.1103 0.4734, 1.1811 -1.1102 0.4755, 1.1811 -1.1095 0.4786, 1.1811 -1.1083 0.4811, 1.1811 -1.1064 0.4645, 1.1811 -1.1075 0.4656, 1.1811 -1.1091 0.4679, 1.1811 -1.1099 0.4703, 1.1811 -1.0962 0.4611, 1.1811 -1.1007 0.4616, 1.1811 -1.1037 0.4627, 1.1811 -1.0817 0.4673, 1.1811 -1.0834 0.4656, 1.1811 -1.0871 0.4631, 1.1811 -1.0912 0.4616, 1.1811 -1.0759 0.4828, 1.1811 -1.076 0.4819, 1.1811 -1.0768 0.476, 1.1811 -1.0788 0.4712, 1.1811 -1.0759 0.4901, 1.1811 -1.0759 0.4901
            ]
        }
        coordIndex [
            0,1,2,-1,2,1,3,-1,4,0,5,-1,5,0,2,-1,6,4,7,-1,7,4,5,-1,8,6,9,-1,9,6,7,-1,10,8,11,-1,11,8,9,-1,12,10,13,-1,13,10,11,-1,14,12,15,-1,15,12,13,-1,16,14,17,-1,17,14,15,-1,18,16,19,-1,19,16,17,-1,20,18,21,-1,21,18,19,-1,22,20,23,-1,23,20,21,-1,1,22,3,-1,3,22,23,-1,22,1,0,-1,0,4,22,-1,22,4,6,-1,22,6,20,-1,16,18,14,-1,14,18,20,-1,14,20,12,-1,12,20,6,-1,12,6,10,-1,10,6,8,-1,24,25,26,-1,27,28,29,-1,29,28,30,-1,31,32,25,-1,25,32,28,-1,25,28,26,-1,26,28,27,-1,33,34,35,-1,26,36,24,-1,24,36,37,-1,24,37,38,-1,38,37,39,-1,38,39,40,-1,40,39,41,-1,40,41,42,-1,42,41,43,-1,42,43,44,-1,44,43,45,-1,44,45,46,-1,46,45,47,-1,46,47,48,-1,48,47,49,-1,48,49,50,-1,50,49,51,-1,50,51,52,-1,52,51,53,-1,35,34,54,-1,54,34,55,-1,54,55,56,-1,56,55,57,-1,56,57,58,-1,57,59,58,-1,58,59,60,-1,58,60,61,-1,61,60,62,-1,61,62,63,-1,35,64,33,-1,33,64,65,-1,33,65,66,-1,66,65,67,-1,66,67,68,-1,68,67,69,-1,68,69,70,-1,70,69,71,-1,70,71,53,-1,53,71,72,-1,53,72,52,-1,73,74,75,-1,75,74,76,-1,75,76,77,-1,77,76,78,-1,77,78,79,-1,79,78,80,-1,79,80,81,-1,81,80,82,-1,81,82,83,-1,83,82,84,-1,83,84,85,-1,85,84,86,-1,85,86,87,-1,87,86,88,-1,87,88,89,-1,89,88,90,-1,89,90,91,-1,91,90,92,-1,91,92,28,-1,28,92,63,-1,28,63,30,-1,30,63,62,-1,79,93,94,-1,79,94,77,-1,77,94,95,-1,77,95,75,-1,75,95,96,-1,75,96,73,-1,74,73,97,-1,97,73,96,-1,74,97,98,-1,74,98,76,-1,76,98,99,-1,76,99,78,-1,78,99,100,-1,78,100,80,-1,80,100,101,-1,80,101,82,-1,82,101,102,-1,82,102,84,-1,84,102,103,-1,84,103,86,-1,86,103,104,-1,86,104,88,-1,88,104,105,-1,88,105,90,-1,90,105,106,-1,90,106,92,-1,92,106,107,-1,92,107,63,-1,61,63,108,-1,108,63,107,-1,61,108,109,-1,61,109,58,-1,58,109,110,-1,58,110,56,-1,56,110,111,-1,56,111,54,-1,54,111,112,-1,54,112,35,-1,35,112,113,-1,35,113,64,-1,64,113,114,-1,64,114,65,-1,65,114,115,-1,65,115,67,-1,67,115,116,-1,67,116,69,-1,69,116,117,-1,69,117,71,-1,71,117,118,-1,71,118,72,-1,72,118,119,-1,72,119,52,-1,120,46,121,-1,121,46,48,-1,121,48,122,-1,122,48,50,-1,122,50,123,-1,123,50,52,-1,123,52,119,-1,120,124,46,-1,46,124,44,-1,124,125,44,-1,44,125,126,-1,44,126,42,-1,42,126,127,-1,42,127,40,-1,40,127,128,-1,40,128,38,-1,38,128,129,-1,38,129,24,-1,25,24,130,-1,130,24,129,-1,31,25,131,-1,131,25,130,-1,32,31,132,-1,132,31,131,-1,28,32,133,-1,133,32,132,-1,28,133,134,-1,28,134,91,-1,91,134,135,-1,91,135,89,-1,89,135,136,-1,89,136,87,-1,87,136,137,-1,87,137,85,-1,85,137,138,-1,85,138,83,-1,83,138,139,-1,83,139,81,-1,81,139,93,-1,81,93,79,-1,57,140,141,-1,57,141,59,-1,59,141,142,-1,59,142,60,-1,60,142,143,-1,60,143,62,-1,66,144,145,-1,66,145,33,-1,33,145,146,-1,33,146,34,-1,34,146,147,-1,34,147,55,-1,55,147,140,-1,55,140,57,-1,51,148,149,-1,51,149,53,-1,53,149,150,-1,53,150,70,-1,70,150,151,-1,70,151,68,-1,68,151,144,-1,68,144,66,-1,45,152,153,-1,45,153,47,-1,47,153,154,-1,47,154,49,-1,49,154,148,-1,49,148,51,-1,37,155,156,-1,37,156,39,-1,39,156,157,-1,39,157,41,-1,41,157,158,-1,41,158,43,-1,43,158,152,-1,43,152,45,-1,29,159,160,-1,29,160,27,-1,27,160,161,-1,27,161,26,-1,26,161,162,-1,26,162,36,-1,36,162,155,-1,36,155,37,-1,29,30,159,-1,159,30,163,-1,30,62,163,-1,163,62,143,-1,
        ]
    }
}
Shape{
    appearance Appearance {
        material  Material 	{
            diffuseColor 0.25098039215686274 0.25098039215686274 0.25098039215686274
            specularColor 0.12549019607843137 0.12549019607843137 0.12549019607843137
            ambientIntensity 0.2
            transparency 0
            shininess 0.5
        }
    }
    geometry IndexedFaceSet {
        ccw TRUE
        solid FALSE
        coord DEF co Coordinate {
            point [
                1.1811 -1.076 0.4819, 1.1811 -1.0759 0.4828, 1.1811 -1.1067 0.4831, 1.1811 -1.0759 0.4901, 1.1811 -1.0938 0.4877, 1.1811 -1.1021 0.4858, 1.1811 -1.1051 0.4843, 1.1811 -1.0768 0.476, 1.1811 -1.1083 0.4811, 1.1811 -1.0788 0.4712, 1.1811 -1.1075 0.4656, 1.1811 -1.1064 0.4645, 1.1811 -1.0834 0.4656, 1.1811 -1.1091 0.4679, 1.1811 -1.0871 0.4631, 1.1811 -1.0912 0.4616, 1.1811 -1.0962 0.4611, 1.1811 -1.1095 0.4786, 1.1811 -1.1102 0.4755, 1.1811 -1.0817 0.4673, 1.1811 -1.1103 0.4734, 1.1811 -1.1099 0.4703, 1.1811 -1.1037 0.4627, 1.1811 -1.1007 0.4616, 1.1811 -1.1007 0.4616
            ]
        }
        coordIndex [
            0,1,2,-1,1,3,4,-1,4,5,1,-1,1,5,6,-1,1,6,2,-1,0,2,7,-1,7,2,8,-1,7,8,9,-1,10,11,12,-1,10,12,13,-1,14,12,15,-1,15,12,16,-1,8,17,9,-1,9,17,18,-1,9,18,19,-1,19,18,20,-1,19,20,12,-1,12,20,21,-1,12,21,13,-1,11,22,12,-1,12,22,23,-1,12,23,16,-1,
        ]
    }
}
Shape{
    appearance Appearance {
        material  Material 	{
            diffuseColor 1.0 1.0 1.0
            specularColor 0.5019607843137255 0.5019607843137255 0.5019607843137255
            ambientIntensity 0.2
            transparency 0
            shininess 0.5
        }
    }
    geometry IndexedFaceSet {
        ccw TRUE
        solid FALSE
        coord DEF co Coordinate {
            point [
                1.1811 -1.0445 0.4684, 1.185 -1.0445 0.4684, 1.185 -1.0391 0.4651, 1.185 -1.0225 0.461, 1.1811 -1.0225 0.461, 1.1811 -1.0307 0.462, 1.185 -1.0307 0.462, 1.1811 -1.0383 0.4648, 1.1811 -1.0391 0.4651, 1.185 -1.0445 0.4546, 1.1811 -1.0445 0.4546, 1.1811 -1.0383 0.4523, 1.185 -1.0363 0.4515, 1.1811 -1.0238 0.4501, 1.185 -1.0238 0.4501, 1.1811 -1.0315 0.451, 1.1811 -1.0363 0.4515, 1.185 -1.0118 0.4515, 1.1811 -1.0161 0.451, 1.1811 -1.0118 0.4515, 1.1811 -1.0047 0.4542, 1.185 -1.0047 0.4542, 1.1811 -1.0016 0.4561, 1.185 -1.0016 0.4561, 1.1811 -0.9977 0.4595, 1.185 -0.9977 0.4595, 1.1811 -0.9952 0.463, 1.185 -0.9952 0.463, 1.1811 -0.9936 0.4673, 1.185 -0.9936 0.4673, 1.1811 -0.993 0.4726, 1.185 -0.993 0.4726, 1.1811 -0.9935 0.4776, 1.185 -0.9935 0.4776, 1.1811 -0.9949 0.4816, 1.185 -0.9949 0.4816, 1.1811 -0.9974 0.4852, 1.185 -0.9974 0.4852, 1.1811 -1.0006 0.4881, 1.185 -1.0006 0.4881, 1.1811 -1.0095 0.493, 1.185 -1.0095 0.493, 1.1811 -1.0147 0.4951, 1.185 -1.0147 0.4951, 1.1811 -1.023 0.4987, 1.185 -1.023 0.4987, 1.1811 -1.0277 0.5017, 1.185 -1.0277 0.5017, 1.1811 -1.029 0.5031, 1.185 -1.029 0.5031, 1.1811 -1.0299 0.5049, 1.185 -1.0299 0.5049, 1.1811 -1.0305 0.507, 1.185 -1.0305 0.507, 1.1811 -1.0306 0.5088, 1.185 -1.0306 0.5088, 1.1811 -1.0304 0.5109, 1.185 -1.0304 0.5109, 1.1811 -1.0297 0.5127, 1.185 -1.0297 0.5127, 1.1811 -1.0285 0.5144, 1.185 -1.0285 0.5144, 1.1811 -1.0265 0.5162, 1.185 -1.0265 0.5162, 1.1811 -1.0235 0.5178, 1.185 -1.0235 0.5178, 1.1811 -1.02 0.5187, 1.185 -1.02 0.5187, 1.1811 -1.016 0.519, 1.185 -1.016 0.519, 1.1811 -1.0074 0.5181, 1.185 -1.0074 0.5181, 1.1811 -0.9998 0.5153, 1.185 -0.9998 0.5153, 1.1811 -0.9966 0.5135, 1.185 -0.9966 0.5135, 1.185 -0.9966 0.5265, 1.1811 -0.9966 0.5265, 1.1811 -1.0053 0.529, 1.185 -1.0053 0.529, 1.1811 -1.0147 0.5299, 1.185 -1.0147 0.5299, 1.1811 -1.0241 0.5289, 1.185 -1.0241 0.5289, 1.1811 -1.0315 0.5264, 1.185 -1.0315 0.5264, 1.1811 -1.0358 0.5238, 1.185 -1.0358 0.5238, 1.1811 -1.0383 0.5216, 1.185 -1.0398 0.5203, 1.1811 -1.0398 0.5203, 1.1811 -1.0423 0.5166, 1.185 -1.0423 0.5166, 1.1811 -1.0438 0.5123, 1.185 -1.0438 0.5123, 1.1811 -1.0444 0.5076, 1.185 -1.0444 0.5076, 1.1811 -1.0438 0.5024, 1.185 -1.0438 0.5024, 1.1811 -1.0423 0.4983, 1.185 -1.0423 0.4983, 1.1811 -1.0406 0.4955, 1.185 -1.0406 0.4955, 1.1811 -1.0241 0.4854, 1.185 -1.0241 0.4854, 1.185 -1.0321 0.4891, 1.1811 -1.0384 0.4932, 1.185 -1.0384 0.4932, 1.1811 -1.0383 0.4931, 1.1811 -1.0321 0.4891, 1.1811 -1.0118 0.4798, 1.185 -1.0118 0.4798, 1.1811 -1.0101 0.4786, 1.185 -1.0101 0.4786, 1.1811 -1.0085 0.4768, 1.185 -1.0085 0.4768, 1.1811 -1.0074 0.4751, 1.185 -1.0074 0.4751, 1.1811 -1.0068 0.473, 1.185 -1.0068 0.473, 1.1811 -1.0067 0.4713, 1.185 -1.0067 0.4713, 1.1811 -1.007 0.4688, 1.185 -1.007 0.4688, 1.1811 -1.0076 0.4669, 1.185 -1.0076 0.4669, 1.1811 -1.0088 0.4651, 1.185 -1.0088 0.4651, 1.1811 -1.0103 0.4638, 1.185 -1.0103 0.4638, 1.1811 -1.0116 0.463, 1.185 -1.0116 0.463, 1.1811 -1.015 0.4618, 1.185 -1.015 0.4618, 1.1811 -1.0219 0.461, 1.185 -1.0219 0.461, 1.185 -0.9267 0.5281, 1.185 -0.9128 0.5281, 1.1811 -0.9267 0.5281, 1.1811 -0.9128 0.5281, 1.185 -0.9475 0.4707, 1.1811 -0.9475 0.4707, 1.1811 -0.9485 0.4672, 1.185 -0.9485 0.4672, 1.1811 -0.9491 0.4645, 1.185 -0.9491 0.4645, 1.185 -0.9495 0.4645, 1.1811 -0.9495 0.4645, 1.185 -0.9511 0.4708, 1.1811 -0.9511 0.4708, 1.1811 -0.971 0.5281, 1.185 -0.971 0.5281, 1.1811 -0.9646 0.5096, 1.185 -0.986 0.5281, 1.1811 -0.986 0.5281, 1.1811 -0.9561 0.452, 1.185 -0.9561 0.452, 1.1811 -0.9646 0.4737, 1.1811 -0.962 0.4382, 1.185 -0.962 0.4382, 1.1811 -0.9565 0.451, 1.1811 -0.9646 0.4334, 1.185 -0.9646 0.4333, 1.1811 -0.9646 0.4333, 1.1811 -0.9671 0.4306, 1.185 -0.9671 0.4306, 1.1811 -0.9694 0.429, 1.185 -0.9694 0.429, 1.1811 -0.9723 0.4278, 1.185 -0.9723 0.4278, 1.1811 -0.9757 0.4274, 1.185 -0.9757 0.4274, 1.1811 -0.9805 0.4281, 1.185 -0.9805 0.4281, 1.1811 -0.9832 0.429, 1.185 -0.9832 0.429, 1.185 -0.9832 0.4171, 1.1811 -0.9832 0.4171, 1.1811 -0.9776 0.4161, 1.185 -0.9776 0.4161, 1.1811 -0.9746 0.416, 1.185 -0.9746 0.416, 1.1811 -0.9692 0.4166, 1.185 -0.9692 0.4166, 1.1811 -0.9646 0.4184, 1.185 -0.9639 0.4186, 1.1811 -0.9639 0.4186, 1.1811 -0.9593 0.4219, 1.185 -0.9593 0.4219, 1.1811 -0.9584 0.4227, 1.185 -0.9584 0.4227, 1.1811 -0.9535 0.4286, 1.185 -0.9535 0.4286, 1.1811 -0.9474 0.4404, 1.185 -0.9474 0.4404, 1.1811 -0.9432 0.451, 1.185 -0.841 0.4641, 1.185 -0.841 0.4519, 1.1811 -0.841 0.4641, 1.1811 -0.841 0.4519, 1.1811 -0.8846 0.4641, 1.185 -0.8846 0.4641, 1.1811 -0.8646 0.4641, 1.185 -0.8846 0.5, 1.1811 -0.8846 0.5, 1.1811 -0.8464 0.5, 1.185 -0.8464 0.5, 1.1811 -0.8646 0.5, 1.185 -0.8464 0.5122, 1.1811 -0.8464 0.5122, 1.1811 -0.8846 0.5122, 1.185 -0.8846 0.5122, 1.1811 -0.8646 0.5122, 1.185 -0.8846 0.5464, 1.1811 -0.8846 0.5464, 1.1811 -0.8434 0.5464, 1.185 -0.8434 0.5464, 1.1811 -0.8646 0.5464, 1.185 -0.8434 0.5586, 1.1811 -0.8434 0.5586, 1.1811 -0.8984 0.5586, 1.185 -0.8984 0.5586, 1.1811 -0.8646 0.5586, 1.185 -0.8984 0.4519, 1.1811 -0.8984 0.4519, 1.1811 -0.8646 0.4519, 1.185 -0.75 0.4668, 1.185 -0.7611 0.474, 1.185 -0.7612 0.4588, 1.185 -0.7679 0.4692, 1.185 -0.7734 0.4541, 1.185 -0.7768 0.4658, 1.185 -0.7914 0.4519, 1.185 -0.7915 0.4641, 1.185 -0.8208 0.4519, 1.185 -0.807 0.4641, 1.185 -0.8208 0.5586, 1.185 -0.807 0.5464, 1.185 -0.7904 0.5586, 1.185 -0.7909 0.5464, 1.185 -0.7899 0.5464, 1.185 -0.7741 0.5568, 1.185 -0.7762 0.5446, 1.185 -0.7612 0.5521, 1.185 -0.7671 0.5411, 1.185 -0.75 0.5445, 1.185 -0.7601 0.5363, 1.185 -0.7462 0.5408, 1.185 -0.7571 0.5334, 1.185 -0.7396 0.5315, 1.185 -0.753 0.5274, 1.185 -0.7357 0.5213, 1.185 -0.75 0.5196, 1.185 -0.7339 0.5066, 1.185 -0.7484 0.5062, 1.185 -0.7342 0.4998, 1.185 -0.7488 0.499, 1.185 -0.7368 0.4873, 1.185 -0.7509 0.4893, 1.185 -0.7421 0.4763, 1.185 -0.7547 0.4815, 1.185 -0.7598 0.4752, 1.1811 -0.7914 0.4519, 1.1811 -0.8208 0.4519, 1.1811 -0.7734 0.4541, 1.1811 -0.7612 0.4588, 1.1811 -0.75 0.4668, 1.1811 -0.7421 0.4763, 1.1811 -0.7368 0.4873, 1.1811 -0.7342 0.4998, 1.1811 -0.7339 0.5066, 1.1811 -0.7357 0.5213, 1.1811 -0.7396 0.5315, 1.1811 -0.7462 0.5408, 1.1811 -0.75 0.5445, 1.1811 -0.7612 0.5521, 1.1811 -0.7741 0.5568, 1.1811 -0.7904 0.5586, 1.1811 -0.8208 0.5586, 1.1811 -0.7909 0.5464, 1.1811 -0.807 0.5464, 1.1811 -0.807 0.4641, 1.1811 -0.7915 0.4641, 1.1811 -0.7598 0.4752, 1.1811 -0.7611 0.474, 1.1811 -0.7679 0.4692, 1.1811 -0.7768 0.4658, 1.1811 -0.7484 0.5062, 1.1811 -0.7488 0.499, 1.1811 -0.7509 0.4893, 1.1811 -0.7547 0.4815, 1.1811 -0.7601 0.5363, 1.1811 -0.7571 0.5334, 1.1811 -0.753 0.5274, 1.1811 -0.75 0.5196, 1.1811 -0.7899 0.5464, 1.1811 -0.7762 0.5446, 1.1811 -0.7671 0.5411, 1.1811 -0.7671 0.5411
            ]
        }
        coordIndex [
            0,1,2,-1,3,4,5,-1,3,5,6,-1,6,5,7,-1,6,7,2,-1,2,7,8,-1,2,8,0,-1,9,1,10,-1,10,1,0,-1,10,11,9,-1,9,11,12,-1,13,14,15,-1,15,14,12,-1,15,12,16,-1,16,12,11,-1,14,13,17,-1,17,13,18,-1,18,19,17,-1,17,19,20,-1,17,20,21,-1,21,20,22,-1,21,22,23,-1,23,22,24,-1,23,24,25,-1,25,24,26,-1,25,26,27,-1,27,26,28,-1,27,28,29,-1,29,28,30,-1,29,30,31,-1,31,30,32,-1,31,32,33,-1,33,32,34,-1,33,34,35,-1,35,34,36,-1,35,36,37,-1,37,36,38,-1,37,38,39,-1,39,38,40,-1,39,40,41,-1,41,40,42,-1,41,42,43,-1,43,42,44,-1,43,44,45,-1,45,44,46,-1,45,46,47,-1,47,46,48,-1,47,48,49,-1,49,48,50,-1,49,50,51,-1,51,50,52,-1,51,52,53,-1,53,52,54,-1,53,54,55,-1,55,54,56,-1,55,56,57,-1,57,56,58,-1,57,58,59,-1,59,58,60,-1,59,60,61,-1,61,60,62,-1,61,62,63,-1,63,62,64,-1,63,64,65,-1,65,64,66,-1,65,66,67,-1,67,66,68,-1,67,68,69,-1,69,68,70,-1,69,70,71,-1,71,70,72,-1,71,72,73,-1,73,72,74,-1,73,74,75,-1,76,75,77,-1,77,75,74,-1,76,77,78,-1,76,78,79,-1,79,78,80,-1,79,80,81,-1,81,80,82,-1,81,82,83,-1,83,82,84,-1,83,84,85,-1,85,84,86,-1,85,86,87,-1,86,88,87,-1,87,88,89,-1,88,90,89,-1,89,90,91,-1,89,91,92,-1,92,91,93,-1,92,93,94,-1,94,93,95,-1,94,95,96,-1,96,95,97,-1,96,97,98,-1,98,97,99,-1,98,99,100,-1,100,99,101,-1,100,101,102,-1,103,104,105,-1,102,101,106,-1,102,106,107,-1,107,106,108,-1,107,108,105,-1,105,108,109,-1,105,109,103,-1,104,103,110,-1,104,110,111,-1,111,110,112,-1,111,112,113,-1,113,112,114,-1,113,114,115,-1,115,114,116,-1,115,116,117,-1,117,116,118,-1,117,118,119,-1,119,118,120,-1,119,120,121,-1,121,120,122,-1,121,122,123,-1,123,122,124,-1,123,124,125,-1,125,124,126,-1,125,126,127,-1,127,126,128,-1,127,128,129,-1,129,128,130,-1,129,130,131,-1,131,130,132,-1,131,132,133,-1,133,132,134,-1,133,134,135,-1,135,134,4,-1,135,4,3,-1,61,63,85,-1,85,63,83,-1,14,3,12,-1,12,3,6,-1,12,6,9,-1,9,6,2,-1,9,2,1,-1,127,129,21,-1,21,129,131,-1,21,131,17,-1,17,131,133,-1,17,133,14,-1,14,133,135,-1,14,135,3,-1,63,65,83,-1,83,65,67,-1,83,67,81,-1,81,67,69,-1,81,69,79,-1,79,69,71,-1,79,71,76,-1,76,71,73,-1,76,73,75,-1,85,87,61,-1,61,87,89,-1,61,89,59,-1,59,89,92,-1,59,92,57,-1,57,92,94,-1,57,94,55,-1,55,94,96,-1,55,96,53,-1,53,96,98,-1,53,98,51,-1,51,98,100,-1,51,100,49,-1,49,100,102,-1,49,102,47,-1,47,102,107,-1,47,107,45,-1,45,107,105,-1,45,105,43,-1,43,105,104,-1,43,104,41,-1,41,104,111,-1,41,111,39,-1,39,111,113,-1,39,113,37,-1,37,113,115,-1,37,115,35,-1,35,115,117,-1,35,117,33,-1,33,117,119,-1,33,119,31,-1,31,119,121,-1,31,121,29,-1,29,121,123,-1,29,123,27,-1,27,123,125,-1,27,125,25,-1,25,125,127,-1,25,127,23,-1,23,127,21,-1,136,137,138,-1,138,137,139,-1,140,136,141,-1,141,136,138,-1,140,141,142,-1,140,142,143,-1,143,142,144,-1,143,144,145,-1,146,145,147,-1,147,145,144,-1,148,146,149,-1,149,146,147,-1,150,151,152,-1,152,151,148,-1,152,148,149,-1,153,151,154,-1,154,151,150,-1,155,156,157,-1,157,156,153,-1,157,153,154,-1,158,159,160,-1,160,159,156,-1,160,156,155,-1,158,161,159,-1,159,161,162,-1,161,163,162,-1,162,163,164,-1,162,164,165,-1,165,164,166,-1,165,166,167,-1,167,166,168,-1,167,168,169,-1,169,168,170,-1,169,170,171,-1,171,170,172,-1,171,172,173,-1,173,172,174,-1,173,174,175,-1,176,175,177,-1,177,175,174,-1,176,177,178,-1,176,178,179,-1,179,178,180,-1,179,180,181,-1,181,180,182,-1,181,182,183,-1,183,182,184,-1,183,184,185,-1,184,186,185,-1,185,186,187,-1,185,187,188,-1,188,187,189,-1,188,189,190,-1,190,189,191,-1,190,191,192,-1,192,191,193,-1,192,193,194,-1,139,137,195,-1,195,137,194,-1,195,194,193,-1,143,145,194,-1,137,136,194,-1,194,136,140,-1,194,140,143,-1,151,153,148,-1,148,153,156,-1,148,156,146,-1,175,176,173,-1,173,176,179,-1,173,179,171,-1,171,179,181,-1,171,181,169,-1,169,181,183,-1,169,183,167,-1,167,183,185,-1,167,185,165,-1,145,146,194,-1,194,146,156,-1,194,156,192,-1,156,159,192,-1,192,159,162,-1,192,162,190,-1,190,162,165,-1,190,165,188,-1,188,165,185,-1,196,197,198,-1,198,197,199,-1,200,201,202,-1,202,201,196,-1,202,196,198,-1,203,201,204,-1,204,201,200,-1,205,206,207,-1,207,206,203,-1,207,203,204,-1,208,206,209,-1,209,206,205,-1,210,211,212,-1,212,211,208,-1,212,208,209,-1,213,211,214,-1,214,211,210,-1,215,216,217,-1,217,216,213,-1,217,213,214,-1,218,216,219,-1,219,216,215,-1,220,221,222,-1,222,221,218,-1,222,218,219,-1,223,221,224,-1,224,221,220,-1,199,197,225,-1,225,197,223,-1,225,223,224,-1,223,197,196,-1,196,201,223,-1,223,201,203,-1,223,203,221,-1,216,218,213,-1,213,218,221,-1,213,221,211,-1,211,221,203,-1,211,203,208,-1,208,203,206,-1,226,227,228,-1,228,227,229,-1,228,229,230,-1,230,229,231,-1,230,231,232,-1,232,231,233,-1,232,233,234,-1,234,233,235,-1,234,235,236,-1,236,235,237,-1,236,237,238,-1,237,239,238,-1,238,239,240,-1,238,240,241,-1,241,240,242,-1,241,242,243,-1,243,242,244,-1,243,244,245,-1,245,244,246,-1,245,246,247,-1,247,246,248,-1,247,248,249,-1,249,248,250,-1,249,250,251,-1,251,250,252,-1,251,252,253,-1,253,252,254,-1,253,254,255,-1,255,254,256,-1,255,256,257,-1,257,256,258,-1,257,258,259,-1,259,258,260,-1,259,260,226,-1,226,260,261,-1,226,261,227,-1,232,234,262,-1,262,234,263,-1,232,262,264,-1,232,264,230,-1,230,264,265,-1,230,265,228,-1,228,265,266,-1,228,266,226,-1,226,266,267,-1,226,267,259,-1,259,267,268,-1,259,268,257,-1,257,268,269,-1,257,269,255,-1,255,269,270,-1,255,270,253,-1,253,270,271,-1,253,271,251,-1,251,271,272,-1,251,272,249,-1,249,272,273,-1,249,273,247,-1,247,273,274,-1,247,274,245,-1,245,274,275,-1,245,275,243,-1,243,275,276,-1,243,276,241,-1,241,276,277,-1,241,277,238,-1,236,238,278,-1,278,238,277,-1,234,236,263,-1,263,236,278,-1,239,237,279,-1,279,237,280,-1,237,235,280,-1,280,235,281,-1,235,233,281,-1,281,233,282,-1,261,283,284,-1,261,284,227,-1,227,284,285,-1,227,285,229,-1,229,285,286,-1,229,286,231,-1,231,286,282,-1,231,282,233,-1,254,287,288,-1,254,288,256,-1,256,288,289,-1,256,289,258,-1,258,289,290,-1,258,290,260,-1,260,290,283,-1,260,283,261,-1,246,291,292,-1,246,292,248,-1,248,292,293,-1,248,293,250,-1,250,293,294,-1,250,294,252,-1,252,294,287,-1,252,287,254,-1,239,279,295,-1,239,295,240,-1,240,295,296,-1,240,296,242,-1,242,296,297,-1,242,297,244,-1,244,297,291,-1,244,291,246,-1,
        ]
    }
}
Shape{
    appearance Appearance {
        material  Material 	{
            diffuseColor 0.25098039215686274 0.25098039215686274 0.25098039215686274
            specularColor 0.12549019607843137 0.12549019607843137 0.12549019607843137
            ambientIntensity 0.2
            transparency 0
            shininess 0.5
        }
    }
    geometry IndexedFaceSet {
        ccw TRUE
        solid FALSE
        coord DEF co Coordinate {
            point [
                1.1811 -0.7679 0.4692, 1.1811 -0.7611 0.474, 1.1811 -0.7899 0.5464, 1.1811 -0.807 0.5464, 1.1811 -0.807 0.4641, 1.1811 -0.7909 0.5464, 1.1811 -0.7915 0.4641, 1.1811 -0.7768 0.4658, 1.1811 -0.7598 0.4752, 1.1811 -0.7547 0.4815, 1.1811 -0.7509 0.4893, 1.1811 -0.7484 0.5062, 1.1811 -0.7601 0.5363, 1.1811 -0.7671 0.5411, 1.1811 -0.75 0.5196, 1.1811 -0.753 0.5274, 1.1811 -0.7571 0.5334, 1.1811 -0.7488 0.499, 1.1811 -0.7762 0.5446, 1.1811 -0.7762 0.5446
            ]
        }
        coordIndex [
            0,1,2,-1,3,4,5,-1,5,4,6,-1,5,6,2,-1,2,6,7,-1,2,7,0,-1,1,8,2,-1,2,8,9,-1,2,9,10,-1,11,12,13,-1,14,15,11,-1,11,15,16,-1,11,16,12,-1,10,17,2,-1,2,17,11,-1,2,11,18,-1,18,11,13,-1,
        ]
    }
}
Shape{
    appearance Appearance {
        material  Material 	{
            diffuseColor 1.0 1.0 1.0
            specularColor 0.5019607843137255 0.5019607843137255 0.5019607843137255
            ambientIntensity 0.2
            transparency 0
            shininess 0.5
        }
    }
    geometry IndexedFaceSet {
        ccw TRUE
        solid FALSE
        coord DEF co Coordinate {
            point [
                1.185 -0.6981 0.4931, 1.185 -0.7025 0.4811, 1.185 -0.6623 0.4931, 1.185 -0.658 0.4811, 1.185 -0.6822 0.5375, 1.185 -0.6873 0.5586, 1.185 -0.728 0.4519, 1.185 -0.7127 0.4519, 1.185 -0.6812 0.5407, 1.185 -0.6804 0.545, 1.185 -0.6726 0.5586, 1.185 -0.6801 0.545, 1.185 -0.6792 0.5405, 1.185 -0.6784 0.5375, 1.185 -0.6319 0.4519, 1.185 -0.6471 0.4519, 1.1811 -0.6726 0.5586, 1.1811 -0.6319 0.4519, 1.1811 -0.6873 0.5586, 1.1811 -0.728 0.4519, 1.1811 -0.7127 0.4519, 1.1811 -0.7025 0.4811, 1.1811 -0.658 0.4811, 1.1811 -0.6471 0.4519, 1.1811 -0.6981 0.4931, 1.1811 -0.6623 0.4931, 1.1811 -0.6784 0.5375, 1.1811 -0.6801 0.545, 1.1811 -0.6792 0.5405, 1.1811 -0.6804 0.545, 1.1811 -0.6822 0.5375, 1.1811 -0.6812 0.5407, 1.1811 -0.6812 0.5407
            ]
        }
        coordIndex [
            0,1,2,-1,2,1,3,-1,4,5,0,-1,0,5,6,-1,0,6,1,-1,1,6,7,-1,4,8,5,-1,5,8,9,-1,5,9,10,-1,10,9,11,-1,10,11,12,-1,12,13,10,-1,10,13,2,-1,10,2,14,-1,14,2,3,-1,14,3,15,-1,10,14,16,-1,16,14,17,-1,5,10,18,-1,18,10,16,-1,6,5,19,-1,19,5,18,-1,7,6,20,-1,20,6,19,-1,1,7,21,-1,21,7,20,-1,3,1,22,-1,22,1,21,-1,15,3,23,-1,23,3,22,-1,14,15,17,-1,17,15,23,-1,0,2,24,-1,24,2,25,-1,2,13,25,-1,25,13,26,-1,11,27,28,-1,11,28,12,-1,12,28,26,-1,12,26,13,-1,11,9,27,-1,27,9,29,-1,4,30,31,-1,4,31,8,-1,8,31,29,-1,8,29,9,-1,4,0,30,-1,30,0,24,-1,
        ]
    }
}
Shape{
    appearance Appearance {
        material  Material 	{
            diffuseColor 0.25098039215686274 0.25098039215686274 0.25098039215686274
            specularColor 0.12549019607843137 0.12549019607843137 0.12549019607843137
            ambientIntensity 0.2
            transparency 0
            shininess 0.5
        }
    }
    geometry IndexedFaceSet {
        ccw TRUE
        solid FALSE
        coord DEF co Coordinate {
            point [
                1.1811 -0.6801 0.545, 1.1811 -0.6804 0.545, 1.1811 -0.6792 0.5405, 1.1811 -0.6812 0.5407, 1.1811 -0.6784 0.5375, 1.1811 -0.6822 0.5375, 1.1811 -0.6623 0.4931, 1.1811 -0.6981 0.4931, 1.1811 -0.6981 0.4931
            ]
        }
        coordIndex [
            0,1,2,-1,2,1,3,-1,2,3,4,-1,4,3,5,-1,4,5,6,-1,6,5,7,-1,
        ]
    }
}
Shape{
    appearance Appearance {
        material  Material 	{
            diffuseColor 1.0 1.0 1.0
            specularColor 0.5019607843137255 0.5019607843137255 0.5019607843137255
            ambientIntensity 0.2
            transparency 0
            shininess 0.5
        }
    }
    geometry IndexedFaceSet {
        ccw TRUE
        solid FALSE
        coord DEF co Coordinate {
            point [
                1.185 -1.6856 0.6358, 1.185 -1.6687 0.6448, 1.185 -1.6727 0.6915, 1.185 -1.539 0.4338, 1.185 -1.53 0.4507, 1.185 -1.5256 0.4694, 1.185 -1.6253 0.6937, 1.185 -1.6018 0.6382, 1.185 -1.5902 0.6622, 1.185 -1.6298 0.4667, 1.185 -1.6313 0.4738, 1.185 -1.6724 0.5039, 1.185 -1.6732 0.453, 1.185 -1.6827 0.4559, 1.185 -1.6889 0.5141, 1.185 -1.6428 0.6952, 1.185 -1.4189 0.5411, 1.185 -1.4424 0.5813, 1.185 -1.5252 0.4849, 1.185 -1.5441 0.5282, 1.185 -1.5252 0.4773, 1.185 -1.5658 0.4102, 1.185 -1.5506 0.4207, 1.185 -1.5746 0.4883, 1.185 -1.5726 0.4814, 1.185 -1.5723 0.474, 1.185 -1.5739 0.4667, 1.185 -1.5773 0.46, 1.185 -1.6266 0.4604, 1.185 -1.6543 0.4228, 1.185 -1.6656 0.4367, 1.185 -1.3938 0.6162, 1.185 -1.3878 0.6162, 1.185 -1.3566 0.6572, 1.185 -1.3733 0.6144, 1.185 -1.3529 0.656, 1.185 -1.3601 0.6093, 1.185 -1.3303 0.6447, 1.185 -1.3097 0.6273, 1.185 -1.6098 0.7118, 1.185 -1.5732 0.6826, 1.185 -1.5919 0.7271, 1.185 -1.5528 0.6975, 1.185 -1.5706 0.74, 1.185 -1.6499 0.6492, 1.185 -1.642 0.6496, 1.185 -1.6341 0.6947, 1.185 -1.6243 0.6474, 1.185 -1.6072 0.6412, 1.185 -1.5821 0.4545, 1.185 -1.5879 0.4504, 1.185 -1.5827 0.4037, 1.185 -1.5945 0.4479, 1.185 -1.6011 0.4014, 1.185 -1.6018 0.447, 1.185 -1.604 0.4015, 1.185 -1.6031 0.447, 1.185 -1.6219 0.4043, 1.185 -1.6099 0.4481, 1.185 -1.6394 0.4116, 1.185 -1.6168 0.451, 1.185 -1.6226 0.4555, 1.185 -1.3096 0.4857, 1.185 -1.345 0.5158, 1.185 -1.3302 0.4682, 1.185 -1.3562 0.5066, 1.185 -1.3534 0.4569, 1.185 -1.3696 0.5004, 1.185 -1.3787 0.4515, 1.185 -1.3832 0.4978, 1.185 -1.4234 0.4515, 1.185 -1.4174 0.4978, 1.185 -1.4277 0.4522, 1.185 -1.3483 0.6011, 1.185 -1.3396 0.5913, 1.185 -1.2942 0.6057, 1.185 -1.3325 0.5783, 1.185 -1.285 0.5826, 1.185 -1.3289 0.5637, 1.185 -1.2815 0.5578, 1.185 -1.3286 0.557, 1.185 -1.285 0.5307, 1.185 -1.3304 0.5422, 1.185 -1.2945 0.5067, 1.185 -1.3356 0.5287, 1.185 -1.344 0.5169, 1.185 -1.3976 0.7172, 1.185 -1.4273 0.6823, 1.185 -1.3715 0.6866, 1.185 -1.4102 0.6618, 1.185 -1.3985 0.6374, 1.185 -1.7157 0.5921, 1.185 -1.7656 0.5795, 1.185 -1.7179 0.5737, 1.185 -1.7658 0.5722, 1.185 -1.717 0.562, 1.185 -1.7621 0.5425, 1.185 -1.7116 0.5435, 1.185 -1.7512 0.5142, 1.185 -1.7026 0.5281, 1.185 -1.7339 0.4895, 1.185 -1.7102 0.4693, 1.185 -1.6311 0.4812, 1.185 -1.629 0.4884, 1.185 -1.664 0.5202, 1.185 -1.6252 0.4948, 1.185 -1.6515 0.5346, 1.185 -1.6217 0.4985, 1.185 -1.6359 0.5453, 1.185 -1.6157 0.5027, 1.185 -1.6192 0.5518, 1.185 -1.6091 0.5053, 1.185 -1.6011 0.554, 1.185 -1.6018 0.5062, 1.185 -1.5918 0.5534, 1.185 -1.5967 0.5057, 1.185 -1.5735 0.5489, 1.185 -1.5896 0.5035, 1.185 -1.5574 0.5403, 1.185 -1.5833 0.4996, 1.185 -1.5782 0.4944, 1.185 -1.5354 0.7528, 1.185 -1.528 0.7075, 1.185 -1.5009 0.7567, 1.185 -1.5001 0.7111, 1.185 -1.4651 0.7524, 1.185 -1.4744 0.7079, 1.185 -1.4275 0.7378, 1.185 -1.4506 0.6988, 1.185 -1.4292 0.684, 1.185 -1.7008 0.6806, 1.185 -1.725 0.6636, 1.185 -1.6987 0.6241, 1.185 -1.7301 0.6587, 1.185 -1.7092 0.609, 1.185 -1.7483 0.6354, 1.185 -1.7605 0.608, 1.185 -1.4212 0.4985, 1.185 -1.4394 0.4595, 1.185 -1.4377 0.4577, 1.185 -1.4189 0.498, 1.185 -1.4327 0.4542, 1.185 -1.4455 0.475, 1.185 -1.4447 0.4694, 1.185 -1.4427 0.4642, 1.185 -1.4278 0.4978, 1.185 -1.433 0.4958, 1.185 -1.4453 0.478, 1.185 -1.4377 0.4925, 1.185 -1.4408 0.489, 1.185 -1.4437 0.4838, 1.185 -1.4219 0.4986, 1.1811 -1.3047 0.6203, 1.1811 -1.2942 0.6057, 1.1811 -1.2876 0.589, 1.1811 -1.285 0.5826, 1.1811 -1.2815 0.5578, 1.1811 -1.3097 0.6273, 1.1811 -1.3303 0.6447, 1.1811 -1.3529 0.656, 1.1811 -1.3566 0.6572, 1.1811 -1.3715 0.6866, 1.1811 -1.3976 0.7172, 1.1811 -1.4146 0.7289, 1.1811 -1.4275 0.7378, 1.1811 -1.4651 0.7524, 1.1811 -1.5009 0.7567, 1.1811 -1.5354 0.7528, 1.1811 -1.5706 0.74, 1.1811 -1.5889 0.7289, 1.1811 -1.5919 0.7271, 1.1811 -1.6098 0.7118, 1.1811 -1.6253 0.6937, 1.1811 -1.6341 0.6947, 1.1811 -1.6428 0.6952, 1.1811 -1.6727 0.6915, 1.1811 -1.7008 0.6806, 1.1811 -1.725 0.6636, 1.1811 -1.7301 0.6587, 1.1811 -1.7638 0.589, 1.1811 -1.7605 0.608, 1.1811 -1.755 0.6203, 1.1811 -1.7483 0.6354, 1.1811 -1.7656 0.5795, 1.1811 -1.7658 0.5722, 1.1811 -1.7621 0.5425, 1.1811 -1.7512 0.5142, 1.1811 -1.7339 0.4895, 1.1811 -1.7102 0.4693, 1.1811 -1.6827 0.4559, 1.1811 -1.6732 0.453, 1.1811 -1.6722 0.451, 1.1811 -1.6656 0.4367, 1.1811 -1.6543 0.4228, 1.1811 -1.6394 0.4116, 1.1811 -1.6324 0.4087, 1.1811 -1.6219 0.4043, 1.1811 -1.604 0.4015, 1.1811 -1.6011 0.4014, 1.1811 -1.5252 0.4773, 1.1811 -1.5827 0.4037, 1.1811 -1.5696 0.4087, 1.1811 -1.5658 0.4102, 1.1811 -1.5506 0.4207, 1.1811 -1.539 0.4338, 1.1811 -1.53 0.4507, 1.1811 -1.5299 0.451, 1.1811 -1.5256 0.4694, 1.1811 -1.5252 0.4849, 1.1811 -1.4189 0.5411, 1.1811 -1.4424 0.5813, 1.1811 -1.5441 0.5282, 1.1811 -1.5574 0.5403, 1.1811 -1.5735 0.5489, 1.1811 -1.5918 0.5534, 1.1811 -1.6011 0.554, 1.1811 -1.6192 0.5518, 1.1811 -1.6359 0.5453, 1.1811 -1.6515 0.5346, 1.1811 -1.664 0.5202, 1.1811 -1.6724 0.5039, 1.1811 -1.6889 0.5141, 1.1811 -1.7026 0.5281, 1.1811 -1.7116 0.5435, 1.1811 -1.717 0.562, 1.1811 -1.7179 0.5737, 1.1811 -1.7161 0.589, 1.1811 -1.7157 0.5921, 1.1811 -1.7092 0.609, 1.1811 -1.7013 0.6203, 1.1811 -1.6987 0.6241, 1.1811 -1.6856 0.6358, 1.1811 -1.6687 0.6448, 1.1811 -1.6499 0.6492, 1.1811 -1.642 0.6496, 1.1811 -1.6243 0.6474, 1.1811 -1.6072 0.6412, 1.1811 -1.6018 0.6382, 1.1811 -1.5902 0.6622, 1.1811 -1.5732 0.6826, 1.1811 -1.5528 0.6975, 1.1811 -1.528 0.7075, 1.1811 -1.5001 0.7111, 1.1811 -1.4744 0.7079, 1.1811 -1.4506 0.6988, 1.1811 -1.4292 0.684, 1.1811 -1.4273 0.6823, 1.1811 -1.4102 0.6618, 1.1811 -1.3985 0.6374, 1.1811 -1.3947 0.6203, 1.1811 -1.3938 0.6162, 1.1811 -1.3878 0.6162, 1.1811 -1.3733 0.6144, 1.1811 -1.3601 0.6093, 1.1811 -1.3483 0.6011, 1.1811 -1.3396 0.5913, 1.1811 -1.3383 0.589, 1.1811 -1.3325 0.5783, 1.1811 -1.3289 0.5637, 1.1811 -1.3286 0.557, 1.1811 -1.3304 0.5422, 1.1811 -1.3356 0.5287, 1.1811 -1.344 0.5169, 1.1811 -1.345 0.5158, 1.1811 -1.3562 0.5066, 1.1811 -1.3696 0.5004, 1.1811 -1.3832 0.4978, 1.1811 -1.4174 0.4978, 1.1811 -1.4189 0.498, 1.1811 -1.4212 0.4985, 1.1811 -1.4219 0.4986, 1.1811 -1.4278 0.4978, 1.1811 -1.433 0.4958, 1.1811 -1.4377 0.4925, 1.1811 -1.4408 0.489, 1.1811 -1.4437 0.4838, 1.1811 -1.4453 0.478, 1.1811 -1.4455 0.475, 1.1811 -1.4447 0.4694, 1.1811 -1.4427 0.4642, 1.1811 -1.4394 0.4595, 1.1811 -1.4377 0.4577, 1.1811 -1.4327 0.4542, 1.1811 -1.4277 0.4522, 1.1811 -1.4234 0.4515, 1.1811 -1.3787 0.4515, 1.1811 -1.3534 0.4569, 1.1811 -1.3302 0.4682, 1.1811 -1.3096 0.4857, 1.1811 -1.2945 0.5067, 1.1811 -1.285 0.5307, 1.1811 -1.6018 0.5062, 1.1811 -1.5967 0.5057, 1.1811 -1.5896 0.5035, 1.1811 -1.5833 0.4996, 1.1811 -1.5782 0.4944, 1.1811 -1.5746 0.4883, 1.1811 -1.5726 0.4814, 1.1811 -1.5723 0.474, 1.1811 -1.5739 0.4667, 1.1811 -1.5773 0.46, 1.1811 -1.5821 0.4545, 1.1811 -1.5879 0.4504, 1.1811 -1.5945 0.4479, 1.1811 -1.6018 0.447, 1.1811 -1.6031 0.447, 1.1811 -1.6099 0.4481, 1.1811 -1.6168 0.451, 1.1811 -1.6226 0.4555, 1.1811 -1.6266 0.4604, 1.1811 -1.6298 0.4667, 1.1811 -1.6313 0.4738, 1.1811 -1.6311 0.4812, 1.1811 -1.629 0.4884, 1.1811 -1.6252 0.4948, 1.1811 -1.6217 0.4985, 1.1811 -1.6157 0.5027, 1.1811 -1.6091 0.5053, 1.1811 -1.6091 0.5053
            ]
        }
        coordIndex [
            0,1,2,-1,3,4,5,-1,6,7,8,-1,9,10,11,-1,12,11,13,-1,13,11,14,-1,2,1,15,-1,16,17,18,-1,18,17,19,-1,18,19,20,-1,20,19,21,-1,20,21,5,-1,5,21,22,-1,5,22,3,-1,23,24,19,-1,19,24,25,-1,19,25,21,-1,21,25,26,-1,21,26,27,-1,28,9,29,-1,29,9,11,-1,29,11,30,-1,30,11,12,-1,31,32,33,-1,33,32,34,-1,33,34,35,-1,35,34,36,-1,35,36,37,-1,37,36,38,-1,6,8,39,-1,39,8,40,-1,39,40,41,-1,41,40,42,-1,41,42,43,-1,1,44,15,-1,15,44,45,-1,15,45,46,-1,46,45,47,-1,46,47,6,-1,6,47,48,-1,6,48,7,-1,27,49,21,-1,21,49,50,-1,21,50,51,-1,51,50,52,-1,51,52,53,-1,53,52,54,-1,53,54,55,-1,55,54,56,-1,55,56,57,-1,57,56,58,-1,57,58,59,-1,59,58,60,-1,59,60,29,-1,29,60,61,-1,29,61,28,-1,62,63,64,-1,64,63,65,-1,64,65,66,-1,66,65,67,-1,66,67,68,-1,68,67,69,-1,68,69,70,-1,70,69,71,-1,70,71,72,-1,36,73,38,-1,38,73,74,-1,38,74,75,-1,75,74,76,-1,75,76,77,-1,77,76,78,-1,77,78,79,-1,79,78,80,-1,79,80,81,-1,81,80,82,-1,81,82,83,-1,83,82,84,-1,83,84,62,-1,62,84,85,-1,62,85,63,-1,86,87,88,-1,88,87,89,-1,88,89,33,-1,33,89,90,-1,33,90,31,-1,91,92,93,-1,93,92,94,-1,93,94,95,-1,95,94,96,-1,95,96,97,-1,97,96,98,-1,97,98,99,-1,99,98,100,-1,99,100,14,-1,14,100,101,-1,14,101,13,-1,10,102,11,-1,11,102,103,-1,11,103,104,-1,104,103,105,-1,104,105,106,-1,106,105,107,-1,106,107,108,-1,108,107,109,-1,108,109,110,-1,110,109,111,-1,110,111,112,-1,112,111,113,-1,112,113,114,-1,114,113,115,-1,114,115,116,-1,116,115,117,-1,116,117,118,-1,118,117,119,-1,118,119,19,-1,19,119,120,-1,19,120,23,-1,43,42,121,-1,121,42,122,-1,121,122,123,-1,123,122,124,-1,123,124,125,-1,125,124,126,-1,125,126,127,-1,127,126,128,-1,127,128,86,-1,86,128,129,-1,86,129,87,-1,2,130,0,-1,0,130,131,-1,0,131,132,-1,132,131,133,-1,132,133,134,-1,134,133,135,-1,134,135,91,-1,91,135,136,-1,91,136,92,-1,137,138,139,-1,71,140,72,-1,72,140,137,-1,72,137,141,-1,141,137,139,-1,142,143,137,-1,137,143,144,-1,137,144,138,-1,145,146,147,-1,146,148,147,-1,147,148,149,-1,147,149,150,-1,142,137,147,-1,147,137,151,-1,147,151,145,-1,152,38,153,-1,153,38,75,-1,153,75,154,-1,154,75,77,-1,154,77,155,-1,155,77,79,-1,155,79,156,-1,152,157,38,-1,38,157,158,-1,38,158,37,-1,37,158,159,-1,37,159,35,-1,35,159,160,-1,35,160,33,-1,33,160,161,-1,33,161,88,-1,88,161,162,-1,88,162,86,-1,127,86,163,-1,163,86,162,-1,163,164,127,-1,127,164,165,-1,127,165,125,-1,125,165,166,-1,125,166,123,-1,123,166,167,-1,123,167,121,-1,121,167,168,-1,121,168,43,-1,43,168,41,-1,41,168,169,-1,41,169,170,-1,41,170,171,-1,41,171,39,-1,39,171,172,-1,39,172,6,-1,6,172,173,-1,6,173,46,-1,46,173,174,-1,46,174,15,-1,15,174,175,-1,15,175,2,-1,2,175,176,-1,2,176,130,-1,130,176,177,-1,130,177,131,-1,131,177,178,-1,131,178,133,-1,179,92,180,-1,180,92,136,-1,180,136,181,-1,181,136,135,-1,181,135,182,-1,182,135,133,-1,182,133,178,-1,179,183,92,-1,92,183,184,-1,92,184,94,-1,94,184,185,-1,94,185,96,-1,96,185,186,-1,96,186,98,-1,98,186,187,-1,98,187,100,-1,100,187,188,-1,100,188,101,-1,101,188,189,-1,101,189,13,-1,13,189,190,-1,13,190,12,-1,12,190,191,-1,12,191,30,-1,191,192,30,-1,30,192,193,-1,30,193,29,-1,29,193,194,-1,29,194,59,-1,59,194,195,-1,59,195,57,-1,195,196,57,-1,57,196,197,-1,57,197,55,-1,55,197,198,-1,55,198,53,-1,199,20,5,-1,53,198,200,-1,201,21,200,-1,200,21,51,-1,200,51,53,-1,201,202,21,-1,21,202,203,-1,21,203,22,-1,22,203,204,-1,22,204,3,-1,3,204,205,-1,3,205,4,-1,4,205,206,-1,4,206,5,-1,5,206,207,-1,5,207,199,-1,18,20,208,-1,208,20,199,-1,16,18,209,-1,209,18,208,-1,17,16,210,-1,210,16,209,-1,19,17,211,-1,211,17,210,-1,19,211,212,-1,19,212,118,-1,118,212,213,-1,118,213,116,-1,116,213,214,-1,116,214,114,-1,114,214,215,-1,114,215,112,-1,112,215,216,-1,112,216,110,-1,110,216,217,-1,110,217,108,-1,108,217,218,-1,108,218,106,-1,106,218,219,-1,106,219,104,-1,104,219,220,-1,104,220,11,-1,11,220,221,-1,11,221,14,-1,14,221,222,-1,14,222,99,-1,99,222,223,-1,99,223,97,-1,97,223,224,-1,97,224,95,-1,95,224,225,-1,95,225,93,-1,91,93,225,-1,225,226,91,-1,91,226,227,-1,91,227,228,-1,229,132,228,-1,228,132,134,-1,228,134,91,-1,229,230,132,-1,132,230,231,-1,132,231,0,-1,0,231,232,-1,0,232,1,-1,1,232,233,-1,1,233,44,-1,44,233,234,-1,44,234,45,-1,45,234,235,-1,45,235,47,-1,47,235,236,-1,47,236,48,-1,48,236,237,-1,48,237,7,-1,7,237,238,-1,7,238,8,-1,8,238,239,-1,8,239,40,-1,40,239,240,-1,40,240,42,-1,42,240,241,-1,42,241,122,-1,122,241,242,-1,122,242,124,-1,124,242,243,-1,124,243,126,-1,126,243,244,-1,126,244,128,-1,128,244,245,-1,128,245,129,-1,129,245,246,-1,129,246,87,-1,87,246,247,-1,87,247,89,-1,89,247,248,-1,89,248,90,-1,90,248,31,-1,31,248,249,-1,31,249,250,-1,32,31,251,-1,251,31,250,-1,32,251,252,-1,32,252,34,-1,34,252,253,-1,34,253,36,-1,36,253,254,-1,36,254,73,-1,73,254,255,-1,73,255,74,-1,74,255,256,-1,74,256,76,-1,256,257,76,-1,76,257,258,-1,76,258,78,-1,78,258,259,-1,78,259,80,-1,80,259,260,-1,80,260,82,-1,82,260,261,-1,82,261,84,-1,84,261,262,-1,84,262,85,-1,85,262,263,-1,85,263,63,-1,63,263,264,-1,63,264,65,-1,65,264,265,-1,65,265,67,-1,67,265,266,-1,67,266,69,-1,71,69,267,-1,267,69,266,-1,71,267,268,-1,71,268,140,-1,140,268,269,-1,140,269,137,-1,137,269,270,-1,137,270,151,-1,151,270,271,-1,151,271,145,-1,145,271,272,-1,145,272,146,-1,146,272,273,-1,146,273,148,-1,148,273,274,-1,148,274,149,-1,149,274,275,-1,149,275,150,-1,150,275,276,-1,150,276,147,-1,147,276,277,-1,147,277,142,-1,142,277,278,-1,142,278,143,-1,143,278,279,-1,143,279,144,-1,144,279,280,-1,144,280,138,-1,138,280,281,-1,138,281,139,-1,139,281,282,-1,139,282,141,-1,141,282,283,-1,141,283,72,-1,72,283,284,-1,72,284,70,-1,68,70,285,-1,285,70,284,-1,68,285,286,-1,68,286,66,-1,66,286,287,-1,66,287,64,-1,64,287,288,-1,64,288,62,-1,62,288,289,-1,62,289,83,-1,83,289,290,-1,83,290,81,-1,81,290,156,-1,81,156,79,-1,113,291,292,-1,113,292,115,-1,115,292,293,-1,115,293,117,-1,117,293,294,-1,117,294,119,-1,119,294,295,-1,119,295,120,-1,120,295,296,-1,120,296,23,-1,23,296,297,-1,23,297,24,-1,24,297,298,-1,24,298,25,-1,25,298,299,-1,25,299,26,-1,26,299,300,-1,26,300,27,-1,27,300,301,-1,27,301,49,-1,49,301,302,-1,49,302,50,-1,50,302,303,-1,50,303,52,-1,52,303,304,-1,52,304,54,-1,54,304,305,-1,54,305,56,-1,56,305,306,-1,56,306,58,-1,58,306,307,-1,58,307,60,-1,60,307,308,-1,60,308,61,-1,61,308,309,-1,61,309,28,-1,28,309,310,-1,28,310,9,-1,9,310,311,-1,9,311,10,-1,10,311,312,-1,10,312,102,-1,102,312,313,-1,102,313,103,-1,103,313,314,-1,103,314,105,-1,105,314,315,-1,105,315,107,-1,107,315,316,-1,107,316,109,-1,109,316,317,-1,109,317,111,-1,111,317,291,-1,111,291,113,-1,
        ]
    }
}
Shape{
    appearance Appearance {
        material  Material 	{
            diffuseColor 0.25098039215686274 0.25098039215686274 0.25098039215686274
            specularColor 0.12549019607843137 0.12549019607843137 0.12549019607843137
            ambientIntensity 0.2
            transparency 0
            shininess 0.5
        }
    }
    geometry IndexedFaceSet {
        ccw TRUE
        solid FALSE
        coord DEF co Coordinate {
            point [
                1.1811 -1.6091 0.5053, 1.1811 -1.6157 0.5027, 1.1811 -1.6031 0.447, 1.1811 -1.6217 0.4985, 1.1811 -1.6252 0.4948, 1.1811 -1.5967 0.5057, 1.1811 -1.6018 0.447, 1.1811 -1.5945 0.4479, 1.1811 -1.6018 0.5062, 1.1811 -1.6298 0.4667, 1.1811 -1.6266 0.4604, 1.1811 -1.6226 0.4555, 1.1811 -1.5821 0.4545, 1.1811 -1.5782 0.4944, 1.1811 -1.5833 0.4996, 1.1811 -1.629 0.4884, 1.1811 -1.6311 0.4812, 1.1811 -1.6313 0.4738, 1.1811 -1.6168 0.451, 1.1811 -1.6099 0.4481, 1.1811 -1.5879 0.4504, 1.1811 -1.5896 0.5035, 1.1811 -1.5739 0.4667, 1.1811 -1.5723 0.474, 1.1811 -1.5773 0.46, 1.1811 -1.5726 0.4814, 1.1811 -1.5746 0.4883, 1.1811 -1.5746 0.4883
            ]
        }
        coordIndex [
            0,1,2,-1,2,1,3,-1,2,3,4,-1,5,6,7,-1,6,5,2,-1,2,5,8,-1,2,8,0,-1,9,10,4,-1,4,10,11,-1,12,13,14,-1,15,16,4,-1,4,16,17,-1,4,17,9,-1,11,18,4,-1,4,18,19,-1,4,19,2,-1,7,20,5,-1,5,20,12,-1,5,12,21,-1,21,12,14,-1,22,23,24,-1,24,23,25,-1,24,25,12,-1,12,25,26,-1,12,26,13,-1,
        ]
    }
}
Shape{
    appearance Appearance {
        material  Material 	{
            diffuseColor 0.7529411764705882 0.7529411764705882 0.7529411764705882
            specularColor 0.3764705882352941 0.3764705882352941 0.3764705882352941
            ambientIntensity 0.2
            transparency 0
            shininess 0.5
        }
    }
    geometry IndexedFaceSet {
        ccw TRUE
        solid FALSE
        coord DEF co Coordinate {
            point [
                -0.4528 2.185 0.0, -0.4528 2.185 0.7874, -0.4528 1.7913 0.0, -0.4528 1.7913 0.7874, -0.5709 2.185 0.0, -0.5709 1.7913 0.0, -0.5709 2.185 0.7874, -0.5709 1.7913 0.7874, -0.5715 2.185 0.7925, -0.5715 1.7913 0.7925, -0.5735 2.185 0.7972, -0.5735 1.7913 0.7972, -0.5766 2.185 0.8013, -0.5766 1.7913 0.8013, -0.5807 2.185 0.8044, -0.5807 1.7913 0.8044, -0.5855 2.185 0.8064, -0.5855 1.7913 0.8064, -0.5906 2.185 0.8071, -0.5906 1.7913 0.8071, -0.8268 2.185 0.8071, -0.8268 1.7913 0.8071, -0.8319 2.185 0.8064, -0.8319 1.7913 0.8064, -0.8366 2.185 0.8044, -0.8366 1.7913 0.8044, -0.8407 2.185 0.8013, -0.8407 1.7913 0.8013, -0.8438 2.185 0.7972, -0.8438 1.7913 0.7972, -0.8458 2.185 0.7925, -0.8458 1.7913 0.7925, -0.8465 2.185 0.7874, -0.8465 1.7913 0.7874, -0.8465 2.185 -0.8465, -0.8465 1.7913 -0.8465, -1.5551 2.185 -1.0039, -1.0039 2.185 -1.0039, -1.6732 2.0669 -1.0039, -1.0039 1.7913 -1.0039, -1.5551 1.7913 -1.0039, -1.6732 1.9094 -1.0039, -1.6574 2.126 -1.0039, -1.6386 2.1504 -1.0039, -1.6142 2.1692 -1.0039, -1.6142 1.8072 -1.0039, -1.6386 1.8259 -1.0039, -1.6574 1.8504 -1.0039, -1.6692 2.0975 -1.0039, -1.5857 2.181 -1.0039, -1.5857 1.7954 -1.0039, -1.6692 1.8789 -1.0039, -0.9646 1.7913 -0.8465, -0.9646 1.7913 0.7874, -0.9646 2.185 -0.8465, -0.9646 2.185 0.7874, -0.9599 1.7913 0.8231, -0.9599 2.185 0.8231, -0.9461 1.7913 0.8563, -0.9461 2.185 0.8563, -0.9242 1.7913 0.8848, -0.9242 2.185 0.8848, -0.8957 1.7913 0.9067, -0.8957 2.185 0.9067, -0.8624 1.7913 0.9205, -0.8624 2.185 0.9205, -0.8268 1.7913 0.9252, -0.8268 2.185 0.9252, -0.5906 2.185 0.9252, -0.5906 1.7913 0.9252, -0.5549 1.7913 0.9205, -0.5549 2.185 0.9205, -0.5217 1.7913 0.9067, -0.5217 2.185 0.9067, -0.4931 1.7913 0.8848, -0.4931 2.185 0.8848, -0.4712 1.7913 0.8563, -0.4712 2.185 0.8563, -0.4575 1.7913 0.8231, -0.4575 2.185 0.8231, -0.9659 2.185 -0.8566, -0.8518 2.185 -0.8872, -0.9698 2.185 -0.8661, -0.8676 2.185 -0.9252, -0.9761 2.185 -0.8743, -0.8926 2.185 -0.9578, -0.9843 2.185 -0.8806, -0.9252 2.185 -0.9828, -0.9937 2.185 -0.8845, -0.9632 2.185 -0.9986, -1.0039 2.185 -0.8858, -1.5551 2.185 -0.8858, -0.8518 1.7913 -0.8872, -0.9659 1.7913 -0.8566, -0.8676 1.7913 -0.9252, -0.9698 1.7913 -0.8661, -0.8926 1.7913 -0.9578, -0.9761 1.7913 -0.8743, -0.9252 1.7913 -0.9828, -0.9843 1.7913 -0.8806, -0.9632 1.7913 -0.9986, -0.9937 1.7913 -0.8845, -1.0039 1.7913 -0.8858, -1.5551 1.7913 -0.8858, -1.6142 2.1692 -0.8858, -1.6386 2.1504 -0.8858, -1.6574 2.126 -0.8858, -1.6732 2.0669 -0.8858, -1.6732 1.9094 -0.8858, -1.5857 2.181 -0.8858, -1.6692 2.0975 -0.8858, -1.6574 1.8504 -0.8858, -1.6386 1.8259 -0.8858, -1.6142 1.8072 -0.8858, -1.6692 1.8789 -0.8858, -1.5857 1.7954 -0.8858, -0.9646 -0.9646 -0.8465, -0.9646 -0.9646 0.7874, -0.9646 -0.5709 -0.8465, -0.9646 -0.5709 0.7874, -0.4528 -0.5709 0.0, -0.4528 -0.5709 0.7874, -0.4528 -0.9646 0.0, -0.4528 -0.9646 0.7874, -0.5709 -0.5709 0.0, -0.5709 -0.9646 0.0, -0.5709 -0.5709 0.7874, -0.5709 -0.9646 0.7874, -0.5715 -0.5709 0.7925, -0.5715 -0.9646 0.7925, -0.5735 -0.5709 0.7972, -0.5735 -0.9646 0.7972, -0.5766 -0.5709 0.8013, -0.5766 -0.9646 0.8013, -0.5807 -0.5709 0.8044, -0.5807 -0.9646 0.8044, -0.5855 -0.5709 0.8064, -0.5855 -0.9646 0.8064, -0.5906 -0.5709 0.8071, -0.5906 -0.9646 0.8071, -0.8268 -0.5709 0.8071, -0.8268 -0.9646 0.8071, -0.8319 -0.5709 0.8064, -0.8319 -0.9646 0.8064, -0.8366 -0.5709 0.8044, -0.8366 -0.9646 0.8044, -0.8407 -0.5709 0.8013, -0.8407 -0.9646 0.8013, -0.8438 -0.5709 0.7972, -0.8438 -0.9646 0.7972, -0.8458 -0.5709 0.7925, -0.8458 -0.9646 0.7925, -0.8465 -0.5709 0.7874, -0.8465 -0.9646 0.7874, -0.8465 -0.5709 -0.8465, -0.8465 -0.9646 -0.8465, -1.5857 -0.5749 -1.0039, -1.5551 -0.5709 -1.0039, -1.6732 -0.689 -1.0039, -1.0039 -0.5709 -1.0039, -1.0039 -0.9646 -1.0039, -1.5551 -0.9646 -1.0039, -1.6574 -0.6299 -1.0039, -1.6386 -0.6055 -1.0039, -1.6142 -0.5867 -1.0039, -1.6732 -0.8465 -1.0039, -1.6692 -0.877 -1.0039, -1.6692 -0.6584 -1.0039, -1.5857 -0.9605 -1.0039, -1.6142 -0.9487 -1.0039, -1.6574 -0.9055 -1.0039, -1.6386 -0.93 -1.0039, -0.9599 -0.9646 0.8231, -0.9599 -0.5709 0.8231, -0.9461 -0.9646 0.8563, -0.9461 -0.5709 0.8563, -0.9242 -0.9646 0.8848, -0.9242 -0.5709 0.8848, -0.8957 -0.9646 0.9067, -0.8957 -0.5709 0.9067, -0.8624 -0.9646 0.9205, -0.8624 -0.5709 0.9205, -0.8268 -0.9646 0.9252, -0.8268 -0.5709 0.9252, -0.5906 -0.5709 0.9252, -0.5906 -0.9646 0.9252, -0.5549 -0.9646 0.9205, -0.5549 -0.5709 0.9205, -0.5217 -0.9646 0.9067, -0.5217 -0.5709 0.9067, -0.4931 -0.9646 0.8848, -0.4931 -0.5709 0.8848, -0.4712 -0.9646 0.8563, -0.4712 -0.5709 0.8563, -0.4575 -0.9646 0.8231, -0.4575 -0.5709 0.8231, -0.9659 -0.5709 -0.8566, -0.8518 -0.5709 -0.8872, -0.9698 -0.5709 -0.8661, -0.8676 -0.5709 -0.9252, -0.9761 -0.5709 -0.8743, -0.8926 -0.5709 -0.9578, -0.9843 -0.5709 -0.8806, -0.9252 -0.5709 -0.9828, -0.9937 -0.5709 -0.8845, -0.9632 -0.5709 -0.9986, -1.0039 -0.5709 -0.8858, -1.5551 -0.5709 -0.8858, -0.8518 -0.9646 -0.8872, -0.9659 -0.9646 -0.8566, -0.8676 -0.9646 -0.9252, -0.9698 -0.9646 -0.8661, -0.8926 -0.9646 -0.9578, -0.9761 -0.9646 -0.8743, -0.9252 -0.9646 -0.9828, -0.9843 -0.9646 -0.8806, -0.9632 -0.9646 -0.9986, -0.9937 -0.9646 -0.8845, -1.0039 -0.9646 -0.8858, -1.5551 -0.9646 -0.8858, -1.5857 -0.9605 -0.8858, -1.6692 -0.877 -0.8858, -1.6142 -0.5867 -0.8858, -1.6732 -0.689 -0.8858, -1.5857 -0.5749 -0.8858, -1.6732 -0.8465 -0.8858, -1.6386 -0.6055 -0.8858, -1.6574 -0.6299 -0.8858, -1.6692 -0.6584 -0.8858, -1.6142 -0.9487 -0.8858, -1.6574 -0.9055 -0.8858, -1.6386 -0.93 -0.8858, 0.9055 2.4213 -0.8465, 0.9055 2.815 -0.8465, 0.9055 2.4213 -0.1969, 0.9055 2.815 0.1969, 0.9055 1.7913 -0.1969, 0.9055 1.7913 0.1969, 0.7874 1.7913 0.1969, 0.7874 1.7913 -0.1969, 0.7874 2.815 0.1969, 1.5551 2.815 -0.8858, 1.5551 2.815 -1.0039, 0.9449 2.815 -0.8858, 0.9449 2.815 -1.0039, 0.9347 2.815 -0.8845, 0.9098 2.815 -1.0, 0.9252 2.815 -0.8806, 0.8766 2.815 -0.9883, 0.917 2.815 -0.8743, 0.7874 2.815 -0.8465, 0.7913 2.815 -0.8815, 0.9069 2.815 -0.8566, 0.803 2.815 -0.9148, 0.9108 2.815 -0.8661, 0.8218 2.815 -0.9446, 0.8467 2.815 -0.9696, 1.5551 2.4213 -1.0039, 0.9449 2.4213 -1.0039, 1.6142 2.7991 -1.0039, 1.6386 2.7804 -1.0039, 1.6574 2.7559 -1.0039, 1.6732 2.6969 -1.0039, 1.6732 2.5394 -1.0039, 1.5857 2.8109 -1.0039, 1.6692 2.7274 -1.0039, 1.6574 2.4803 -1.0039, 1.6386 2.4559 -1.0039, 1.6142 2.4371 -1.0039, 1.6692 2.5088 -1.0039, 1.5857 2.4253 -1.0039, 1.5551 2.4213 -0.8858, 0.9449 2.4213 -0.8858, 0.9098 2.4213 -1.0, 0.9347 2.4213 -0.8845, 0.8766 2.4213 -0.9883, 0.9252 2.4213 -0.8806, 0.8467 2.4213 -0.9696, 0.917 2.4213 -0.8743, 0.8218 2.4213 -0.9446, 0.9108 2.4213 -0.8661, 0.7874 2.4213 -0.1969, 0.7874 2.4213 -0.8465, 0.9069 2.4213 -0.8566, 0.7913 2.4213 -0.8815, 0.803 2.4213 -0.9148, 1.6732 2.6969 -0.8858, 1.6732 2.5394 -0.8858, 1.6574 2.7559 -0.8858, 1.6386 2.7804 -0.8858, 1.6142 2.7991 -0.8858, 1.6142 2.4371 -0.8858, 1.6386 2.4559 -0.8858, 1.6574 2.4803 -0.8858, 1.6692 2.7274 -0.8858, 1.5857 2.8109 -0.8858, 1.5857 2.4253 -0.8858, 1.6692 2.5088 -0.8858, -0.9646 0.2165 -0.8465, -0.9646 0.2165 0.7874, -0.9646 0.6102 -0.8465, -0.9646 0.6102 0.7874, -0.4528 0.6102 0.0, -0.4528 0.6102 0.7874, -0.4528 0.2165 0.0, -0.4528 0.2165 0.7874, -0.5709 0.6102 0.0, -0.5709 0.2165 0.0, -0.5709 0.6102 0.7874, -0.5709 0.2165 0.7874, -0.5715 0.6102 0.7925, -0.5715 0.2165 0.7925, -0.5735 0.6102 0.7972, -0.5735 0.2165 0.7972, -0.5766 0.6102 0.8013, -0.5766 0.2165 0.8013, -0.5807 0.6102 0.8044, -0.5807 0.2165 0.8044, -0.5855 0.6102 0.8064, -0.5855 0.2165 0.8064, -0.5906 0.6102 0.8071, -0.5906 0.2165 0.8071, -0.8268 0.6102 0.8071, -0.8268 0.2165 0.8071, -0.8319 0.6102 0.8064, -0.8319 0.2165 0.8064, -0.8366 0.6102 0.8044, -0.8366 0.2165 0.8044, -0.8407 0.6102 0.8013, -0.8407 0.2165 0.8013, -0.8438 0.6102 0.7972, -0.8438 0.2165 0.7972, -0.8458 0.6102 0.7925, -0.8458 0.2165 0.7925, -0.8465 0.6102 0.7874, -0.8465 0.2165 0.7874, -0.8465 0.6102 -0.8465, -0.8465 0.2165 -0.8465, -1.6692 0.3041 -1.0039, -1.6732 0.3346 -1.0039, -1.5551 0.2165 -1.0039, -1.0039 0.6102 -1.0039, -1.0039 0.2165 -1.0039, -1.5551 0.6102 -1.0039, -1.6142 0.2324 -1.0039, -1.6386 0.2511 -1.0039, -1.6574 0.2756 -1.0039, -1.6732 0.4921 -1.0039, -1.5857 0.6062 -1.0039, -1.6574 0.5512 -1.0039, -1.6386 0.5756 -1.0039, -1.6142 0.5944 -1.0039, -1.5857 0.2206 -1.0039, -1.6692 0.5227 -1.0039, -0.9599 0.2165 0.8231, -0.9599 0.6102 0.8231, -0.9461 0.2165 0.8563, -0.9461 0.6102 0.8563, -0.9242 0.2165 0.8848, -0.9242 0.6102 0.8848, -0.8957 0.2165 0.9067, -0.8957 0.6102 0.9067, -0.8624 0.2165 0.9205, -0.8624 0.6102 0.9205, -0.8268 0.2165 0.9252, -0.8268 0.6102 0.9252, -0.5906 0.6102 0.9252, -0.5906 0.2165 0.9252, -0.5549 0.2165 0.9205, -0.5549 0.6102 0.9205, -0.5217 0.2165 0.9067, -0.5217 0.6102 0.9067, -0.4931 0.2165 0.8848, -0.4931 0.6102 0.8848, -0.4712 0.2165 0.8563, -0.4712 0.6102 0.8563, -0.4575 0.2165 0.8231, -0.4575 0.6102 0.8231, -0.9659 0.6102 -0.8566, -0.8518 0.6102 -0.8872, -0.9698 0.6102 -0.8661, -0.8676 0.6102 -0.9252, -0.9761 0.6102 -0.8743, -0.8926 0.6102 -0.9578, -0.9843 0.6102 -0.8806, -0.9252 0.6102 -0.9828, -0.9937 0.6102 -0.8845, -0.9632 0.6102 -0.9986, -1.0039 0.6102 -0.8858, -1.5551 0.6102 -0.8858, -0.8518 0.2165 -0.8872, -0.9659 0.2165 -0.8566, -0.8676 0.2165 -0.9252, -0.9698 0.2165 -0.8661, -0.8926 0.2165 -0.9578, -0.9761 0.2165 -0.8743, -0.9252 0.2165 -0.9828, -0.9843 0.2165 -0.8806, -0.9632 0.2165 -0.9986, -0.9937 0.2165 -0.8845, -1.0039 0.2165 -0.8858, -1.5551 0.2165 -0.8858, -1.6732 0.4921 -0.8858, -1.5857 0.6062 -0.8858, -1.6142 0.5944 -0.8858, -1.6386 0.5756 -0.8858, -1.6574 0.5512 -0.8858, -1.6692 0.5227 -0.8858, -1.6732 0.3346 -0.8858, -1.6692 0.3041 -0.8858, -1.6574 0.2756 -0.8858, -1.6386 0.2511 -0.8858, -1.6142 0.2324 -0.8858, -1.5857 0.2206 -0.8858, -1.5857 0.2206 -0.8858
            ]
        }
        coordIndex [
            0,1,2,-1,2,1,3,-1,4,0,5,-1,5,0,2,-1,6,4,7,-1,7,4,5,-1,6,7,8,-1,8,7,9,-1,8,9,10,-1,10,9,11,-1,10,11,12,-1,12,11,13,-1,12,13,14,-1,14,13,15,-1,14,15,16,-1,16,15,17,-1,16,17,18,-1,18,17,19,-1,20,18,21,-1,21,18,19,-1,20,21,22,-1,22,21,23,-1,22,23,24,-1,24,23,25,-1,24,25,26,-1,26,25,27,-1,26,27,28,-1,28,27,29,-1,28,29,30,-1,30,29,31,-1,30,31,32,-1,32,31,33,-1,34,32,35,-1,35,32,33,-1,36,37,38,-1,37,39,38,-1,38,39,40,-1,38,40,41,-1,42,43,44,-1,45,46,47,-1,38,48,36,-1,36,48,42,-1,36,42,49,-1,49,42,44,-1,40,50,41,-1,41,50,45,-1,41,45,51,-1,51,45,47,-1,52,53,54,-1,54,53,55,-1,55,53,56,-1,55,56,57,-1,57,56,58,-1,57,58,59,-1,59,58,60,-1,59,60,61,-1,61,60,62,-1,61,62,63,-1,63,62,64,-1,63,64,65,-1,65,64,66,-1,65,66,67,-1,68,67,69,-1,69,67,66,-1,68,69,70,-1,68,70,71,-1,71,70,72,-1,71,72,73,-1,73,72,74,-1,73,74,75,-1,75,74,76,-1,75,76,77,-1,77,76,78,-1,77,78,79,-1,79,78,3,-1,79,3,1,-1,0,4,1,-1,1,4,6,-1,1,6,79,-1,79,6,8,-1,79,8,77,-1,77,8,10,-1,77,10,75,-1,75,10,12,-1,75,12,73,-1,73,12,14,-1,73,14,71,-1,71,14,16,-1,71,16,68,-1,68,16,18,-1,68,18,67,-1,67,18,20,-1,67,20,65,-1,65,20,22,-1,65,22,63,-1,63,22,24,-1,63,24,61,-1,61,24,26,-1,61,26,59,-1,59,26,28,-1,59,28,57,-1,57,28,30,-1,57,30,55,-1,55,30,32,-1,55,32,54,-1,54,32,34,-1,54,34,80,-1,80,34,81,-1,80,81,82,-1,82,81,83,-1,82,83,84,-1,84,83,85,-1,84,85,86,-1,86,85,87,-1,86,87,88,-1,88,87,89,-1,88,89,90,-1,90,89,37,-1,90,37,91,-1,91,37,36,-1,5,2,7,-1,7,2,3,-1,7,3,9,-1,9,3,78,-1,9,78,11,-1,11,78,76,-1,11,76,13,-1,13,76,74,-1,13,74,15,-1,15,74,72,-1,15,72,17,-1,17,72,70,-1,17,70,19,-1,19,70,69,-1,19,69,21,-1,21,69,66,-1,21,66,23,-1,23,66,64,-1,23,64,25,-1,25,64,62,-1,25,62,27,-1,27,62,60,-1,27,60,29,-1,29,60,58,-1,29,58,31,-1,31,58,56,-1,31,56,33,-1,33,56,53,-1,33,53,35,-1,35,53,52,-1,35,52,92,-1,92,52,93,-1,92,93,94,-1,94,93,95,-1,94,95,96,-1,96,95,97,-1,96,97,98,-1,98,97,99,-1,98,99,100,-1,100,99,101,-1,100,101,39,-1,39,101,102,-1,39,102,40,-1,40,102,103,-1,103,102,90,-1,104,105,106,-1,90,91,103,-1,103,91,107,-1,103,107,108,-1,91,109,107,-1,107,109,104,-1,107,104,110,-1,110,104,106,-1,111,112,113,-1,108,114,103,-1,103,114,111,-1,103,111,115,-1,115,111,113,-1,38,41,107,-1,107,41,108,-1,90,102,88,-1,88,102,101,-1,88,101,86,-1,86,101,99,-1,86,99,84,-1,84,99,97,-1,84,97,82,-1,82,97,95,-1,82,95,80,-1,80,95,93,-1,80,93,54,-1,54,93,52,-1,34,35,92,-1,34,92,81,-1,81,92,94,-1,81,94,83,-1,83,94,96,-1,83,96,85,-1,85,96,98,-1,85,98,87,-1,87,98,100,-1,87,100,89,-1,89,100,39,-1,89,39,37,-1,91,36,49,-1,91,49,109,-1,109,49,44,-1,109,44,104,-1,104,44,43,-1,104,43,105,-1,105,43,42,-1,105,42,106,-1,106,42,48,-1,106,48,110,-1,110,48,38,-1,110,38,107,-1,40,103,115,-1,40,115,50,-1,50,115,113,-1,50,113,45,-1,45,113,112,-1,45,112,46,-1,46,112,111,-1,46,111,47,-1,47,111,114,-1,47,114,51,-1,51,114,108,-1,51,108,41,-1,116,117,118,-1,118,117,119,-1,120,121,122,-1,122,121,123,-1,124,120,125,-1,125,120,122,-1,126,124,127,-1,127,124,125,-1,126,127,128,-1,128,127,129,-1,128,129,130,-1,130,129,131,-1,130,131,132,-1,132,131,133,-1,132,133,134,-1,134,133,135,-1,134,135,136,-1,136,135,137,-1,136,137,138,-1,138,137,139,-1,140,138,141,-1,141,138,139,-1,140,141,142,-1,142,141,143,-1,142,143,144,-1,144,143,145,-1,144,145,146,-1,146,145,147,-1,146,147,148,-1,148,147,149,-1,148,149,150,-1,150,149,151,-1,150,151,152,-1,152,151,153,-1,154,152,155,-1,155,152,153,-1,156,157,158,-1,159,160,157,-1,157,160,161,-1,162,163,164,-1,158,157,165,-1,165,157,161,-1,165,161,166,-1,156,158,164,-1,164,158,167,-1,164,167,162,-1,161,168,166,-1,166,168,169,-1,166,169,170,-1,170,169,171,-1,119,117,172,-1,119,172,173,-1,173,172,174,-1,173,174,175,-1,175,174,176,-1,175,176,177,-1,177,176,178,-1,177,178,179,-1,179,178,180,-1,179,180,181,-1,181,180,182,-1,181,182,183,-1,184,183,185,-1,185,183,182,-1,184,185,186,-1,184,186,187,-1,187,186,188,-1,187,188,189,-1,189,188,190,-1,189,190,191,-1,191,190,192,-1,191,192,193,-1,193,192,194,-1,193,194,195,-1,195,194,123,-1,195,123,121,-1,120,124,121,-1,121,124,126,-1,121,126,195,-1,195,126,128,-1,195,128,193,-1,193,128,130,-1,193,130,191,-1,191,130,132,-1,191,132,189,-1,189,132,134,-1,189,134,187,-1,187,134,136,-1,187,136,184,-1,184,136,138,-1,184,138,183,-1,183,138,140,-1,183,140,181,-1,181,140,142,-1,181,142,179,-1,179,142,144,-1,179,144,177,-1,177,144,146,-1,177,146,175,-1,175,146,148,-1,175,148,173,-1,173,148,150,-1,173,150,119,-1,119,150,152,-1,119,152,118,-1,118,152,154,-1,118,154,196,-1,196,154,197,-1,196,197,198,-1,198,197,199,-1,198,199,200,-1,200,199,201,-1,200,201,202,-1,202,201,203,-1,202,203,204,-1,204,203,205,-1,204,205,206,-1,206,205,159,-1,206,159,207,-1,207,159,157,-1,125,122,127,-1,127,122,123,-1,127,123,129,-1,129,123,194,-1,129,194,131,-1,131,194,192,-1,131,192,133,-1,133,192,190,-1,133,190,135,-1,135,190,188,-1,135,188,137,-1,137,188,186,-1,137,186,139,-1,139,186,185,-1,139,185,141,-1,141,185,182,-1,141,182,143,-1,143,182,180,-1,143,180,145,-1,145,180,178,-1,145,178,147,-1,147,178,176,-1,147,176,149,-1,149,176,174,-1,149,174,151,-1,151,174,172,-1,151,172,153,-1,153,172,117,-1,153,117,155,-1,155,117,116,-1,155,116,208,-1,208,116,209,-1,208,209,210,-1,210,209,211,-1,210,211,212,-1,212,211,213,-1,212,213,214,-1,214,213,215,-1,214,215,216,-1,216,215,217,-1,216,217,160,-1,160,217,218,-1,160,218,161,-1,161,218,219,-1,220,219,221,-1,218,206,219,-1,219,206,207,-1,222,223,224,-1,224,223,207,-1,207,223,219,-1,219,223,225,-1,219,225,221,-1,226,227,222,-1,222,227,228,-1,222,228,223,-1,220,221,229,-1,229,221,230,-1,229,230,231,-1,158,165,223,-1,223,165,225,-1,206,218,204,-1,204,218,217,-1,204,217,202,-1,202,217,215,-1,202,215,200,-1,200,215,213,-1,200,213,198,-1,198,213,211,-1,198,211,196,-1,196,211,209,-1,196,209,118,-1,118,209,116,-1,154,155,208,-1,154,208,197,-1,197,208,210,-1,197,210,199,-1,199,210,212,-1,199,212,201,-1,201,212,214,-1,201,214,203,-1,203,214,216,-1,203,216,205,-1,205,216,160,-1,205,160,159,-1,207,157,156,-1,207,156,224,-1,224,156,164,-1,224,164,222,-1,222,164,163,-1,222,163,226,-1,226,163,162,-1,226,162,227,-1,227,162,167,-1,227,167,228,-1,228,167,158,-1,228,158,223,-1,161,219,220,-1,161,220,168,-1,168,220,229,-1,168,229,169,-1,169,229,231,-1,169,231,171,-1,171,231,230,-1,171,230,170,-1,170,230,221,-1,170,221,166,-1,166,221,225,-1,166,225,165,-1,232,233,234,-1,234,233,235,-1,234,235,236,-1,236,235,237,-1,238,239,237,-1,237,239,236,-1,240,238,235,-1,235,238,237,-1,241,242,243,-1,243,242,244,-1,243,244,245,-1,245,244,246,-1,245,246,247,-1,247,246,248,-1,247,248,249,-1,240,235,250,-1,250,235,233,-1,250,233,251,-1,251,233,252,-1,251,252,253,-1,253,252,254,-1,253,254,255,-1,255,254,249,-1,255,249,256,-1,256,249,248,-1,257,258,244,-1,259,260,261,-1,244,242,257,-1,257,242,262,-1,257,262,263,-1,242,264,262,-1,262,264,259,-1,262,259,265,-1,265,259,261,-1,266,267,268,-1,263,269,257,-1,257,269,266,-1,257,266,270,-1,270,266,268,-1,257,271,258,-1,258,271,272,-1,258,272,273,-1,273,272,274,-1,273,274,275,-1,275,274,276,-1,275,276,277,-1,277,276,278,-1,277,278,279,-1,279,278,280,-1,234,281,232,-1,232,281,282,-1,232,282,283,-1,283,282,284,-1,283,284,280,-1,280,284,285,-1,280,285,279,-1,239,281,236,-1,236,281,234,-1,239,238,281,-1,281,238,240,-1,281,240,282,-1,282,240,250,-1,286,287,262,-1,262,287,263,-1,241,243,286,-1,243,272,286,-1,286,272,271,-1,286,271,287,-1,288,289,290,-1,291,292,293,-1,286,294,241,-1,241,294,288,-1,241,288,295,-1,295,288,290,-1,271,296,287,-1,287,296,291,-1,287,291,297,-1,297,291,293,-1,244,258,273,-1,244,273,246,-1,246,273,275,-1,246,275,248,-1,248,275,277,-1,248,277,256,-1,256,277,279,-1,256,279,255,-1,255,279,285,-1,255,285,253,-1,253,285,284,-1,253,284,251,-1,251,284,282,-1,251,282,250,-1,272,243,274,-1,274,243,245,-1,274,245,276,-1,276,245,247,-1,276,247,278,-1,278,247,249,-1,278,249,280,-1,280,249,254,-1,280,254,283,-1,283,254,252,-1,283,252,232,-1,232,252,233,-1,242,241,295,-1,242,295,264,-1,264,295,290,-1,264,290,259,-1,259,290,289,-1,259,289,260,-1,260,289,288,-1,260,288,261,-1,261,288,294,-1,261,294,265,-1,265,294,286,-1,265,286,262,-1,263,287,297,-1,263,297,269,-1,269,297,293,-1,269,293,266,-1,266,293,292,-1,266,292,267,-1,267,292,291,-1,267,291,268,-1,268,291,296,-1,268,296,270,-1,270,296,271,-1,270,271,257,-1,298,299,300,-1,300,299,301,-1,302,303,304,-1,304,303,305,-1,306,302,307,-1,307,302,304,-1,308,306,309,-1,309,306,307,-1,308,309,310,-1,310,309,311,-1,310,311,312,-1,312,311,313,-1,312,313,314,-1,314,313,315,-1,314,315,316,-1,316,315,317,-1,316,317,318,-1,318,317,319,-1,318,319,320,-1,320,319,321,-1,322,320,323,-1,323,320,321,-1,322,323,324,-1,324,323,325,-1,324,325,326,-1,326,325,327,-1,326,327,328,-1,328,327,329,-1,328,329,330,-1,330,329,331,-1,330,331,332,-1,332,331,333,-1,332,333,334,-1,334,333,335,-1,336,334,337,-1,337,334,335,-1,338,339,340,-1,341,342,343,-1,343,342,340,-1,344,345,346,-1,340,339,343,-1,343,339,347,-1,343,347,348,-1,349,350,351,-1,338,340,346,-1,346,340,352,-1,346,352,344,-1,348,347,351,-1,351,347,353,-1,351,353,349,-1,301,299,354,-1,301,354,355,-1,355,354,356,-1,355,356,357,-1,357,356,358,-1,357,358,359,-1,359,358,360,-1,359,360,361,-1,361,360,362,-1,361,362,363,-1,363,362,364,-1,363,364,365,-1,366,365,367,-1,367,365,364,-1,366,367,368,-1,366,368,369,-1,369,368,370,-1,369,370,371,-1,371,370,372,-1,371,372,373,-1,373,372,374,-1,373,374,375,-1,375,374,376,-1,375,376,377,-1,377,376,305,-1,377,305,303,-1,302,306,303,-1,303,306,308,-1,303,308,377,-1,377,308,310,-1,377,310,375,-1,375,310,312,-1,375,312,373,-1,373,312,314,-1,373,314,371,-1,371,314,316,-1,371,316,369,-1,369,316,318,-1,369,318,366,-1,366,318,320,-1,366,320,365,-1,365,320,322,-1,365,322,363,-1,363,322,324,-1,363,324,361,-1,361,324,326,-1,361,326,359,-1,359,326,328,-1,359,328,357,-1,357,328,330,-1,357,330,355,-1,355,330,332,-1,355,332,301,-1,301,332,334,-1,301,334,300,-1,300,334,336,-1,300,336,378,-1,378,336,379,-1,378,379,380,-1,380,379,381,-1,380,381,382,-1,382,381,383,-1,382,383,384,-1,384,383,385,-1,384,385,386,-1,386,385,387,-1,386,387,388,-1,388,387,341,-1,388,341,389,-1,389,341,343,-1,307,304,309,-1,309,304,305,-1,309,305,311,-1,311,305,376,-1,311,376,313,-1,313,376,374,-1,313,374,315,-1,315,374,372,-1,315,372,317,-1,317,372,370,-1,317,370,319,-1,319,370,368,-1,319,368,321,-1,321,368,367,-1,321,367,323,-1,323,367,364,-1,323,364,325,-1,325,364,362,-1,325,362,327,-1,327,362,360,-1,327,360,329,-1,329,360,358,-1,329,358,331,-1,331,358,356,-1,331,356,333,-1,333,356,354,-1,333,354,335,-1,335,354,299,-1,335,299,337,-1,337,299,298,-1,337,298,390,-1,390,298,391,-1,390,391,392,-1,392,391,393,-1,392,393,394,-1,394,393,395,-1,394,395,396,-1,396,395,397,-1,396,397,398,-1,398,397,399,-1,398,399,342,-1,342,399,400,-1,342,400,340,-1,340,400,401,-1,400,388,401,-1,401,388,389,-1,401,389,402,-1,402,389,403,-1,402,403,404,-1,405,406,404,-1,404,406,407,-1,404,407,402,-1,402,408,401,-1,401,408,409,-1,401,409,410,-1,411,412,410,-1,410,412,413,-1,410,413,401,-1,347,339,402,-1,402,339,408,-1,336,337,390,-1,336,390,379,-1,379,390,392,-1,379,392,381,-1,381,392,394,-1,381,394,383,-1,383,394,396,-1,383,396,385,-1,385,396,398,-1,385,398,387,-1,387,398,342,-1,387,342,341,-1,388,400,386,-1,386,400,399,-1,386,399,384,-1,384,399,397,-1,384,397,382,-1,382,397,395,-1,382,395,380,-1,380,395,393,-1,380,393,378,-1,378,393,391,-1,378,391,300,-1,300,391,298,-1,389,343,348,-1,389,348,403,-1,403,348,351,-1,403,351,404,-1,404,351,350,-1,404,350,405,-1,405,350,349,-1,405,349,406,-1,406,349,353,-1,406,353,407,-1,407,353,347,-1,407,347,402,-1,340,401,413,-1,340,413,352,-1,352,413,412,-1,352,412,344,-1,344,412,411,-1,344,411,345,-1,345,411,410,-1,345,410,346,-1,346,410,409,-1,346,409,338,-1,338,409,408,-1,338,408,339,-1,
        ]
    }
}