#VRML V2.0 utf8
# 3D model generated by easyeda2kicad.py (https://github.com/uPesy/easyeda2kicad.py)

Shape{
    appearance Appearance {
        material  Material 	{
            diffuseColor 1.0 1.0 1.0
            specularColor 0.8784313725490196 0.8784313725490196 0.8784313725490196
            ambientIntensity 0.2
            transparency 0
            shininess 0.5
        }
    }
    geometry IndexedFaceSet {
        ccw TRUE
        solid FALSE
        coord DEF co Coordinate {
            point [
                13.6122 0.0984 -1.5755, 14.2028 0.0984 -1.5755, 13.6122 0.2953 -1.5755, 14.2028 0.2953 -1.5755, 14.2028 0.2953 -1.7724, 13.6122 0.2953 -1.7724, 14.2028 0.0984 -1.7724, 13.6122 0.0984 -1.7724, 13.6122 0.0984 -1.7724
            ]
        }
        coordIndex [
            0,1,2,-1,2,1,3,-1,3,4,2,-1,2,4,5,-1,1,6,3,-1,3,6,4,-1,0,7,1,-1,1,7,6,-1,2,5,0,-1,0,5,7,-1,5,4,7,-1,7,4,6,-1,
        ]
    }
}
Shape{
    appearance Appearance {
        material  Material 	{
            diffuseColor 0.7529411764705882 0.7529411764705882 0.7529411764705882
            specularColor 0.3764705882352941 0.3764705882352941 0.3764705882352941
            ambientIntensity 0.2
            transparency 0
            shininess 0.5
        }
    }
    geometry IndexedFaceSet {
        ccw TRUE
        solid FALSE
        coord DEF co Coordinate {
            point [
                11.9861 3.6974 -1.9044, 11.9859 3.7005 -1.9024, 11.9856 3.7333 -1.9515, 11.9858 3.7302 -1.9535, 11.9871 3.7246 -1.9572, 11.9874 3.6918 -1.9081, 11.9895 3.7194 -1.9608, 11.9898 3.6866 -1.9117, 11.993 3.7145 -1.9641, 11.9933 3.6817 -1.915, 11.9974 3.7102 -1.9669, 11.9977 3.6774 -1.9178, 12.0026 3.7066 -1.9694, 12.0029 3.6738 -1.9203, 12.0085 3.7038 -1.9713, 12.0088 3.671 -1.9222, 12.015 3.702 -1.9726, 12.0152 3.6692 -1.9235, 12.0217 3.701 -1.9732, 12.022 3.6682 -1.9241, 12.025 3.7008 -1.9733, 12.0253 3.668 -1.9241, 12.0498 3.7008 -1.9733, 12.0495 3.668 -1.9241, 12.0532 3.701 -1.9732, 12.0529 3.6681 -1.924, 12.0599 3.702 -1.9726, 12.0596 3.6691 -1.9233, 12.0663 3.7039 -1.9712, 12.066 3.671 -1.922, 12.0723 3.7067 -1.9693, 12.072 3.6738 -1.9201, 12.0775 3.7103 -1.9669, 12.0772 3.6774 -1.9176, 12.082 3.7147 -1.964, 12.0817 3.6817 -1.9147, 12.0854 3.7196 -1.9607, 12.0851 3.6866 -1.9114, 12.0878 3.7249 -1.9571, 12.0875 3.692 -1.9078, 12.089 3.7305 -1.9533, 12.0887 3.6976 -1.9041, 12.0892 3.7333 -1.9515, 12.0889 3.7004 -1.9023, 12.0905 3.8835 -1.8511, 11.9843 3.8835 -1.8511, 11.9852 3.7772 -1.8511, 12.0896 3.7772 -1.8511, 12.0896 3.7772 -1.8511
            ]
        }
        coordIndex [
            0,1,2,-1,2,3,0,-1,0,3,4,-1,0,4,5,-1,5,4,6,-1,5,6,7,-1,7,6,8,-1,7,8,9,-1,9,8,10,-1,9,10,11,-1,11,10,12,-1,11,12,13,-1,13,12,14,-1,13,14,15,-1,15,14,16,-1,15,16,17,-1,17,16,18,-1,17,18,19,-1,19,18,20,-1,19,20,21,-1,22,23,20,-1,20,23,21,-1,23,22,24,-1,23,24,25,-1,25,24,26,-1,25,26,27,-1,27,26,28,-1,27,28,29,-1,29,28,30,-1,29,30,31,-1,31,30,32,-1,31,32,33,-1,33,32,34,-1,33,34,35,-1,35,34,36,-1,35,36,37,-1,37,36,38,-1,37,38,39,-1,39,38,40,-1,39,40,41,-1,41,40,42,-1,41,42,43,-1,44,22,45,-1,45,22,20,-1,45,20,2,-1,2,20,18,-1,2,18,3,-1,3,18,4,-1,44,42,22,-1,22,42,40,-1,22,40,24,-1,24,40,38,-1,10,8,18,-1,18,8,6,-1,18,6,4,-1,38,36,24,-1,24,36,34,-1,24,34,32,-1,16,14,18,-1,18,14,12,-1,18,12,10,-1,32,30,24,-1,24,30,28,-1,24,28,26,-1,46,45,1,-1,1,45,2,-1,43,47,23,-1,23,47,21,-1,47,46,21,-1,21,46,1,-1,21,1,19,-1,19,1,0,-1,19,0,5,-1,43,23,41,-1,41,23,25,-1,41,25,39,-1,5,7,19,-1,19,7,9,-1,19,9,11,-1,33,35,25,-1,25,35,37,-1,25,37,39,-1,11,13,19,-1,19,13,15,-1,19,15,17,-1,27,29,25,-1,25,29,31,-1,25,31,33,-1,44,47,42,-1,42,47,43,-1,
        ]
    }
}
Shape{
    appearance Appearance {
        material  Material 	{
            diffuseColor 1.0 1.0 1.0
            specularColor 0.8784313725490196 0.8784313725490196 0.8784313725490196
            ambientIntensity 0.2
            transparency 0
            shininess 0.5
        }
    }
    geometry IndexedFaceSet {
        ccw TRUE
        solid FALSE
        coord DEF co Coordinate {
            point [
                11.9843 3.8835 -1.8511, 11.9852 3.7772 -1.8511, 12.0905 3.8835 -1.8511, 12.0896 3.7772 -1.8511, 12.0896 3.7772 -1.8511
            ]
        }
        coordIndex [
            0,1,2,-1,2,1,3,-1,
        ]
    }
}
Shape{
    appearance Appearance {
        material  Material 	{
            diffuseColor 0.7529411764705882 0.7529411764705882 0.7529411764705882
            specularColor 0.3764705882352941 0.3764705882352941 0.3764705882352941
            ambientIntensity 0.2
            transparency 0
            shininess 0.5
        }
    }
    geometry IndexedFaceSet {
        ccw TRUE
        solid FALSE
        coord DEF co Coordinate {
            point [
                12.0941 4.2786 -1.8511, 12.0934 4.2028 -1.8511, 11.9807 4.2797 -1.8511, 11.9813 4.2038 -1.8511, 12.0917 4.0058 -1.7979, 11.9831 4.0068 -1.7979, 11.9831 4.0068 -1.7979
            ]
        }
        coordIndex [
            0,1,2,-1,2,1,3,-1,1,4,3,-1,3,4,5,-1,
        ]
    }
}
Shape{
    appearance Appearance {
        material  Material 	{
            diffuseColor 1.0 1.0 1.0
            specularColor 0.8784313725490196 0.8784313725490196 0.8784313725490196
            ambientIntensity 0.2
            transparency 0
            shininess 0.5
        }
    }
    geometry IndexedFaceSet {
        ccw TRUE
        solid FALSE
        coord DEF co Coordinate {
            point [
                12.0917 4.0058 -1.7979, 12.0905 3.8835 -1.8511, 11.9831 4.0068 -1.7979, 11.9843 3.8845 -1.8511, 12.0896 3.7772 -1.8511, 11.9852 3.7781 -1.8511, 12.0916 3.9994 -1.7545, 11.9832 4.0004 -1.7545, 11.9832 4.0004 -1.7545
            ]
        }
        coordIndex [
            0,1,2,-1,2,1,3,-1,1,4,3,-1,3,4,5,-1,4,6,5,-1,5,6,7,-1,
        ]
    }
}
Shape{
    appearance Appearance {
        material  Material 	{
            diffuseColor 0.7529411764705882 0.7529411764705882 0.7529411764705882
            specularColor 0.3764705882352941 0.3764705882352941 0.3764705882352941
            ambientIntensity 0.2
            transparency 0
            shininess 0.5
        }
    }
    geometry IndexedFaceSet {
        ccw TRUE
        solid FALSE
        coord DEF co Coordinate {
            point [
                12.0916 3.9994 -1.7545, 12.0941 4.2786 -1.8511, 11.9832 4.0004 -1.7545, 11.9807 4.2797 -1.8511, 12.0896 3.7772 -1.8511, 12.0905 3.8835 -1.8511, 12.0917 4.0058 -1.7979, 12.0934 4.2028 -1.8511, 12.0934 4.2028 -1.8511
            ]
        }
        coordIndex [
            0,1,2,-1,2,1,3,-1,0,4,5,-1,5,6,0,-1,0,6,7,-1,0,7,1,-1,
        ]
    }
}
Shape{
    appearance Appearance {
        material  Material 	{
            diffuseColor 1.0 1.0 1.0
            specularColor 0.8784313725490196 0.8784313725490196 0.8784313725490196
            ambientIntensity 0.2
            transparency 0
            shininess 0.5
        }
    }
    geometry IndexedFaceSet {
        ccw TRUE
        solid FALSE
        coord DEF co Coordinate {
            point [
                11.9843 3.8845 -1.8511, 11.9852 3.7781 -1.8511, 11.9831 4.0068 -1.7979, 11.9832 4.0004 -1.7545, 11.9813 4.2038 -1.8511, 11.9807 4.2797 -1.8511, 11.9807 4.2797 -1.8511
            ]
        }
        coordIndex [
            0,1,2,-1,2,1,3,-1,2,3,4,-1,4,3,5,-1,
        ]
    }
}
Shape{
    appearance Appearance {
        material  Material 	{
            diffuseColor 0.7529411764705882 0.7529411764705882 0.7529411764705882
            specularColor 0.3764705882352941 0.3764705882352941 0.3764705882352941
            ambientIntensity 0.2
            transparency 0
            shininess 0.5
        }
    }
    geometry IndexedFaceSet {
        ccw TRUE
        solid FALSE
        coord DEF co Coordinate {
            point [
                11.9311 4.6796 -1.5165, 11.9231 4.6786 -1.5165, 11.9699 4.6786 -1.5165, 12.1129 5.1602 -1.5165, 12.1167 5.1589 -1.5165, 12.1167 5.165 -1.5165, 14.0433 5.3137 -1.5165, 14.0531 5.315 -1.5165, 14.0531 5.7087 -1.5165, 11.7865 5.1632 -1.5165, 11.8008 5.165 -1.5165, 11.7264 5.165 -1.5165, 11.8347 4.9761 -1.5165, 11.8227 4.975 -1.5165, 11.8845 4.975 -1.5165, 10.8631 4.5969 -1.5165, 10.8447 4.6046 -1.5165, 9.7063 4.6046 -1.5165, 10.6119 4.9056 -1.5165, 10.6147 4.9202 -1.5165, 9.7063 4.9202 -1.5165, 11.3741 5.0172 -1.5165, 11.41 4.9866 -1.5165, 11.5354 5.165 -1.5165, 11.5354 4.975 -1.5165, 11.1964 5.1843 -1.5165, 11.2251 5.165 -1.5165, 11.2556 5.1444 -1.5165, 11.299 5.0945 -1.5165, 11.3273 5.0395 -1.5165, 11.3347 5.037 -1.5165, 10.9208 5.165 -1.5165, 10.9478 5.1817 -1.5165, 9.7063 5.689 -1.5165, 11.009 5.2054 -1.5165, 11.5354 5.689 -1.5165, 11.075 5.2135 -1.5165, 11.1297 5.2078 -1.5165, 10.6738 5.0422 -1.5165, 10.6852 5.0528 -1.5165, 9.7063 5.165 -1.5165, 10.9156 5.1617 -1.5165, 10.7297 5.0828 -1.5165, 10.7792 5.1006 -1.5165, 10.8266 5.1059 -1.5165, 10.8843 5.135 -1.5165, 10.8418 5.1051 -1.5165, 10.8571 5.1033 -1.5165, 9.7063 4.975 -1.5165, 10.6222 4.9581 -1.5165, 10.6301 4.975 -1.5165, 10.6444 5.0053 -1.5165, 10.7511 4.6892 -1.5165, 10.7038 4.7138 -1.5165, 9.7063 4.6786 -1.5165, 10.6672 4.7459 -1.5165, 10.6626 4.7512 -1.5165, 10.6344 4.7939 -1.5165, 10.6166 4.8436 -1.5165, 10.6114 4.8907 -1.5165, 10.8324 4.6097 -1.5165, 10.8065 4.6293 -1.5165, 10.7734 4.6822 -1.5165, 10.7751 4.6786 -1.5165, 10.7867 4.6537 -1.5165, 11.5354 0.2752 -1.5165, 10.9317 4.5958 -1.5165, 10.8996 4.5918 -1.5165, 9.7063 0.2752 -1.5165, 10.8944 4.5919 -1.5165, 11.0241 4.6786 -1.5165, 11.024 4.6782 -1.5165, 11.5354 4.6046 -1.5165, 11.0084 4.6486 -1.5165, 10.9878 4.6256 -1.5165, 10.9614 4.6072 -1.5165, 10.9546 4.6046 -1.5165, 11.4097 4.7393 -1.5165, 11.3725 4.708 -1.5165, 11.5354 4.6786 -1.5165, 11.4354 4.7748 -1.5165, 10.9992 4.8137 -1.5165, 11.1772 4.9067 -1.5165, 10.9761 4.8348 -1.5165, 10.9479 4.8499 -1.5165, 11.1941 4.7572 -1.5165, 11.2032 4.7607 -1.5165, 11.2184 4.8363 -1.5165, 11.3759 4.8756 -1.5165, 11.3697 4.9012 -1.5165, 11.3594 4.9202 -1.5165, 10.6984 4.9202 -1.5165, 11.1859 4.7515 -1.5165, 11.2036 4.6806 -1.5165, 11.1947 4.6839 -1.5165, 11.186 4.6899 -1.5165, 11.1823 4.6936 -1.5165, 10.7061 4.8406 -1.5165, 10.722 4.8134 -1.5165, 10.7895 4.7998 -1.5165, 10.7459 4.789 -1.5165, 10.7748 4.7712 -1.5165, 10.8386 4.8437 -1.5165, 10.8115 4.8249 -1.5165, 10.6951 4.8934 -1.5165, 10.6966 4.8731 -1.5165, 11.2131 4.7619 -1.5165, 11.2144 4.7618 -1.5165, 11.2184 4.7609 -1.5165, 11.3319 4.6885 -1.5165, 11.2888 4.6795 -1.5165, 11.2105 4.6795 -1.5165, 10.868 4.855 -1.5165, 10.8996 4.8588 -1.5165, 10.9158 4.8579 -1.5165, 11.453 4.9081 -1.5165, 11.4589 4.8655 -1.5165, 11.5354 4.9202 -1.5165, 11.4588 4.8603 -1.5165, 11.4524 4.8167 -1.5165, 11.1719 4.7207 -1.5165, 11.1721 4.7246 -1.5165, 11.0325 4.738 -1.5165, 11.1745 4.7348 -1.5165, 11.1793 4.7441 -1.5165, 11.1766 4.702 -1.5165, 11.1731 4.711 -1.5165, 11.0318 4.7111 -1.5165, 11.0325 4.7247 -1.5165, 11.3496 4.7939 -1.5165, 11.3642 4.8147 -1.5165, 11.3733 4.8383 -1.5165, 11.3765 4.8642 -1.5165, 11.2211 4.7605 -1.5165, 11.2809 4.7605 -1.5165, 11.3046 4.7651 -1.5165, 11.328 4.7759 -1.5165, 11.3477 4.7919 -1.5165, 11.2623 4.9678 -1.5165, 10.7104 4.9551 -1.5165, 10.699 4.9255 -1.5165, 11.2729 4.9678 -1.5165, 11.3573 4.9241 -1.5165, 11.3419 4.9414 -1.5165, 11.3213 4.9557 -1.5165, 11.2981 4.9647 -1.5165, 11.2073 5.0799 -1.5165, 11.199 5.0875 -1.5165, 10.8983 5.0063 -1.5165, 11.2363 5.0432 -1.5165, 10.7242 4.975 -1.5165, 10.8886 5.0116 -1.5165, 11.2608 4.975 -1.5165, 11.2557 4.9999 -1.5165, 11.1615 5.1131 -1.5165, 11.1198 5.1287 -1.5165, 10.9175 5.0466 -1.5165, 11.0763 5.1338 -1.5165, 10.8588 5.0224 -1.5165, 10.8279 5.0262 -1.5165, 10.8143 5.0255 -1.5165, 11.0272 5.1275 -1.5165, 10.9838 5.1098 -1.5165, 10.9469 5.0825 -1.5165, 10.7815 5.0178 -1.5165, 10.7518 5.0021 -1.5165, 10.7288 4.9816 -1.5165, 11.4183 4.975 -1.5165, 11.4369 4.9487 -1.5165, 11.4482 4.9202 -1.5165, 12.316 5.0277 -1.5165, 12.2474 5.0277 -1.5165, 12.335 4.9766 -1.5165, 12.2474 4.975 -1.5165, 12.3617 4.9766 -1.5165, 14.0186 5.1385 -1.5165, 14.015 5.1476 -1.5165, 12.2905 5.1634 -1.5165, 14.0244 5.1306 -1.5165, 14.0138 5.1575 -1.5165, 14.0138 5.165 -1.5165, 12.2474 5.165 -1.5165, 14.3681 4.975 -1.5165, 14.3681 5.1185 -1.5165, 14.0531 5.1181 -1.5165, 14.0495 5.1183 -1.5165, 14.04 5.1204 -1.5165, 14.0313 5.1247 -1.5165, 12.2382 5.0277 -1.5165, 12.2202 4.9766 -1.5165, 12.1884 4.975 -1.5165, 12.1936 4.9766 -1.5165, 12.1884 5.165 -1.5165, 12.2474 5.1179 -1.5165, 12.2647 5.1634 -1.5165, 11.9699 5.0607 -1.5165, 11.9194 5.0607 -1.5165, 11.9699 4.9979 -1.5165, 11.9194 4.9979 -1.5165, 12.0134 5.165 -1.5165, 11.9699 5.165 -1.5165, 11.9915 5.1634 -1.5165, 11.9699 5.1634 -1.5165, 11.9915 5.1419 -1.5165, 11.9958 4.9979 -1.5165, 12.0134 4.975 -1.5165, 11.9958 4.9766 -1.5165, 11.9699 4.975 -1.5165, 11.9862 5.0607 -1.5165, 11.9862 5.0821 -1.5165, 11.9699 5.0821 -1.5165, 11.9699 5.1419 -1.5165, 11.9194 5.1419 -1.5165, 11.9194 5.0821 -1.5165, 11.8953 5.1634 -1.5165, 11.8845 5.165 -1.5165, 11.8953 4.9766 -1.5165, 11.8579 5.1589 -1.5165, 11.8383 5.1646 -1.5165, 11.8335 5.165 -1.5165, 11.9699 4.9766 -1.5165, 11.8579 5.1337 -1.5165, 11.8547 4.9827 -1.5165, 11.8185 4.9952 -1.5165, 11.8396 4.9992 -1.5165, 11.8579 5.0074 -1.5165, 11.8579 4.9843 -1.5165, 11.8369 5.142 -1.5165, 11.8139 5.1448 -1.5165, 11.7433 5.0679 -1.5165, 11.7526 5.0272 -1.5165, 11.7617 5.0146 -1.5165, 11.7653 5.0109 -1.5165, 11.7776 5.0023 -1.5165, 11.7909 4.9972 -1.5165, 11.8097 4.9949 -1.5165, 11.763 5.124 -1.5165, 11.7528 5.1098 -1.5165, 11.7757 5.1345 -1.5165, 11.7904 5.1413 -1.5165, 11.8066 5.1445 -1.5165, 11.7465 5.0938 -1.5165, 11.8558 5.1348 -1.5165, 11.7435 5.061 -1.5165, 11.7465 5.0423 -1.5165, 11.7264 5.689 -1.5165, 11.8136 5.1665 -1.5165, 11.8845 5.689 -1.5165, 11.8139 5.1665 -1.5165, 11.7315 5.1213 -1.5165, 11.745 5.139 -1.5165, 11.7495 5.1433 -1.5165, 11.767 5.1556 -1.5165, 11.7264 5.0241 -1.5165, 11.7218 5.0358 -1.5165, 11.7152 4.975 -1.5165, 11.718 5.0664 -1.5165, 11.7184 5.0762 -1.5165, 11.7152 5.165 -1.5165, 11.7226 5.1006 -1.5165, 11.7264 5.1094 -1.5165, 11.7747 4.9781 -1.5165, 11.757 4.9864 -1.5165, 11.7264 4.975 -1.5165, 11.742 4.9989 -1.5165, 11.7294 5.0163 -1.5165, 11.7898 4.975 -1.5165, 11.7264 4.9202 -1.5165, 11.7949 4.9739 -1.5165, 11.8062 4.9734 -1.5165, 11.8845 4.9202 -1.5165, 14.0342 5.3101 -1.5165, 13.217 5.6163 -1.5165, 13.2292 5.6243 -1.5165, 14.0138 5.2756 -1.5165, 14.0139 5.2792 -1.5165, 14.016 5.2888 -1.5165, 13.2391 5.6351 -1.5165, 13.1683 5.6147 -1.5165, 13.1568 5.6211 -1.5165, 13.146 5.631 -1.5165, 13.138 5.6432 -1.5165, 13.1319 5.689 -1.5165, 12.2474 5.689 -1.5165, 13.1319 5.6693 -1.5165, 13.1332 5.657 -1.5165, 13.2455 5.6467 -1.5165, 14.0204 5.2975 -1.5165, 13.2494 5.6608 -1.5165, 14.0263 5.3044 -1.5165, 13.25 5.7087 -1.5165, 13.25 5.6693 -1.5165, 13.2032 5.6115 -1.5165, 13.1909 5.6103 -1.5165, 13.1824 5.6109 -1.5165, 14.3681 0.0 -1.5165, 14.3681 0.6693 -1.5165, 13.25 -0.0004 -1.5165, 14.2362 0.6693 -1.5165, 13.25 -0.0 -1.5165, 12.2474 4.6046 -1.5165, 13.5167 2.4268 -1.5165, 13.544 2.4374 -1.5165, 13.8769 0.6698 -1.5165, 13.8483 0.6761 -1.5165, 14.3681 4.6046 -1.5165, 13.5728 2.4409 -1.5165, 14.3681 2.4409 -1.5165, 13.8222 0.6892 -1.5165, 13.8009 0.7074 -1.5165, 12.2474 0.2282 -1.5165, 13.4615 2.3623 -1.5165, 13.4746 2.3885 -1.5165, 13.4929 2.4098 -1.5165, 14.2362 0.8023 -1.5165, 13.9606 0.8023 -1.5165, 13.9606 0.6693 -1.5165, 13.8878 0.6693 -1.5165, 13.4951 1.6183 -1.5165, 13.4857 1.6274 -1.5165, 13.4688 1.6511 -1.5165, 13.4583 1.6783 -1.5165, 13.4547 1.7071 -1.5165, 13.7839 0.7313 -1.5165, 13.7733 0.7585 -1.5165, 13.7697 0.7874 -1.5165, 13.4547 2.3228 -1.5165, 13.4552 2.3337 -1.5165, 13.7697 1.3244 -1.5165, 13.769 1.3375 -1.5165, 13.7622 1.3657 -1.5165, 13.7487 1.3916 -1.5165, 13.7294 1.4132 -1.5165, 12.1884 4.6046 -1.5165, 12.1884 0.2417 -1.5165, 12.0134 0.2721 -1.5165, 12.0389 0.2706 -1.5165, 12.1167 4.6046 -1.5165, 12.1167 0.2575 -1.5165, 12.1255 0.256 -1.5165, 11.8845 0.2752 -1.5165, 11.9508 0.2756 -1.5165, 11.9699 4.6046 -1.5165, 11.8845 4.6046 -1.5165, 11.7264 4.6046 -1.5165, 11.7264 0.2752 -1.5165, 11.7152 4.6046 -1.5165, 11.7152 0.2752 -1.5165, 8.8012 3.6614 -1.5165, 8.8012 0.2752 -1.5165, 9.5777 5.6351 -1.5165, 9.5678 5.6243 -1.5165, 8.8012 5.3514 -1.5165, 8.8012 5.165 -1.5165, 9.4846 5.631 -1.5165, 9.5841 5.6467 -1.5165, 9.5886 5.689 -1.5165, 9.5886 5.6693 -1.5165, 9.588 5.6608 -1.5165, 9.521 5.6109 -1.5165, 9.5069 5.6147 -1.5165, 9.4954 5.6211 -1.5165, 9.4765 5.6432 -1.5165, 9.4718 5.657 -1.5165, 8.8012 5.7087 -1.5165, 9.4705 5.6693 -1.5165, 9.4705 5.7087 -1.5165, 9.5556 5.6163 -1.5165, 9.5418 5.6115 -1.5165, 9.5295 5.6103 -1.5165, 11.7152 5.689 -1.5165, 11.9699 5.689 -1.5165, 12.0134 5.689 -1.5165, 12.1167 5.689 -1.5165, 12.1884 5.689 -1.5165, 12.1781 5.0386 -1.5165, 12.1689 5.0193 -1.5165, 12.1615 5.1323 -1.5165, 12.1731 5.1161 -1.5165, 12.1167 4.9814 -1.5165, 12.1167 4.975 -1.5165, 12.1357 4.9888 -1.5165, 12.155 5.0027 -1.5165, 12.155 5.1386 -1.5165, 12.1354 5.152 -1.5165, 12.18 5.0983 -1.5165, 12.1832 5.0724 -1.5165, 12.1826 5.0605 -1.5165, 12.0844 5.1634 -1.5165, 12.1144 4.9805 -1.5165, 12.0825 4.9766 -1.5165, 12.0311 4.9766 -1.5165, 12.0311 5.1634 -1.5165, 11.7985 4.6817 -1.5165, 11.7897 4.6786 -1.5165, 11.8186 4.6802 -1.5165, 11.7434 4.7428 -1.5165, 11.7478 4.7815 -1.5165, 11.7386 4.7352 -1.5165, 11.7358 4.7266 -1.5165, 11.7995 4.7968 -1.5165, 11.7915 4.7977 -1.5165, 11.779 4.7594 -1.5165, 11.807 4.6874 -1.5165, 11.7631 4.6786 -1.5165, 11.7541 4.682 -1.5165, 11.7264 4.6786 -1.5165, 11.7502 4.7492 -1.5165, 11.7596 4.7544 -1.5165, 11.764 4.7917 -1.5165, 11.7786 4.7964 -1.5165, 11.7699 4.8138 -1.5165, 11.7525 4.807 -1.5165, 11.7478 4.8042 -1.5165, 11.7462 4.6875 -1.5165, 11.7439 4.6898 -1.5165, 11.739 4.6969 -1.5165, 11.8186 4.7008 -1.5165, 11.8179 4.7008 -1.5165, 11.8144 4.6953 -1.5165, 11.736 4.7047 -1.5165, 11.7347 4.7159 -1.5165, 11.8805 4.7565 -1.5165, 11.8774 4.7613 -1.5165, 11.842 4.766 -1.5165, 11.8748 4.7685 -1.5165, 11.8396 4.7858 -1.5165, 11.8738 4.7776 -1.5165, 11.8186 4.765 -1.5165, 11.8178 4.7752 -1.5165, 11.8154 4.7836 -1.5165, 11.8126 4.7884 -1.5165, 11.8843 4.7525 -1.5165, 11.8737 4.709 -1.5165, 11.8845 4.7523 -1.5165, 11.8821 4.7037 -1.5165, 11.8845 4.7028 -1.5165, 11.8091 4.7922 -1.5165, 11.8049 4.7949 -1.5165, 11.7937 4.8167 -1.5165, 11.7938 4.8167 -1.5165, 11.8102 4.8149 -1.5165, 11.8195 4.8116 -1.5165, 11.8269 4.8068 -1.5165, 11.8818 4.7998 -1.5165, 11.8747 4.7859 -1.5165, 11.8775 4.7934 -1.5165, 11.8358 4.7958 -1.5165, 11.8308 4.803 -1.5165, 11.789 4.6783 -1.5165, 11.7771 4.677 -1.5165, 11.7635 4.6786 -1.5165, 11.8737 4.6848 -1.5165, 11.842 4.6802 -1.5165, 11.8845 4.681 -1.5165, 11.8845 4.6786 -1.5165, 11.8901 4.6791 -1.5165, 11.8947 4.6786 -1.5165, 11.9099 4.677 -1.5165, 11.9574 4.8107 -1.5165, 11.9574 4.788 -1.5165, 11.8888 4.8061 -1.5165, 11.8945 4.8096 -1.5165, 11.8845 4.8022 -1.5165, 11.9627 4.7071 -1.5165, 11.9598 4.6997 -1.5165, 11.9555 4.6935 -1.5165, 11.907 4.8144 -1.5165, 11.9258 4.8167 -1.5165, 11.9699 4.9202 -1.5165, 11.9422 4.8152 -1.5165, 11.956 4.7385 -1.5165, 11.9603 4.7321 -1.5165, 11.9628 4.7252 -1.5165, 11.9638 4.7165 -1.5165, 11.9487 4.6876 -1.5165, 11.9434 4.6843 -1.5165, 11.9235 4.7977 -1.5165, 11.9166 4.7971 -1.5165, 11.8979 4.7797 -1.5165, 11.9103 4.7955 -1.5165, 11.905 4.7927 -1.5165, 11.8981 4.7766 -1.5165, 11.8991 4.7729 -1.5165, 11.9008 4.7698 -1.5165, 11.903 4.7673 -1.5165, 11.9113 4.7621 -1.5165, 11.9398 4.7957 -1.5165, 11.9258 4.7558 -1.5165, 11.9531 4.7905 -1.5165, 11.9348 4.7522 -1.5165, 11.9504 4.7435 -1.5165, 11.9015 4.7896 -1.5165, 11.8995 4.7866 -1.5165, 11.8984 4.7834 -1.5165, 11.8967 4.698 -1.5165, 11.9093 4.7388 -1.5165, 11.8953 4.7452 -1.5165, 11.9122 4.6961 -1.5165, 11.9132 4.6961 -1.5165, 11.9246 4.7324 -1.5165, 11.9252 4.6975 -1.5165, 11.9398 4.7142 -1.5165, 11.9395 4.7171 -1.5165, 11.9312 4.6997 -1.5165, 11.9334 4.701 -1.5165, 11.9361 4.7034 -1.5165, 11.9381 4.7064 -1.5165, 11.9393 4.7097 -1.5165, 11.9385 4.7207 -1.5165, 11.9367 4.7238 -1.5165, 11.9338 4.7269 -1.5165, 12.0798 4.8136 -1.5165, 12.1041 4.8136 -1.5165, 12.1167 4.9202 -1.5165, 12.037 4.7133 -1.5165, 12.0399 4.7023 -1.5165, 12.0405 4.7023 -1.5165, 12.0134 4.9202 -1.5165, 12.0134 4.7811 -1.5165, 12.0434 4.7131 -1.5165, 12.0416 4.7069 -1.5165, 12.0134 4.6786 -1.5165, 12.0134 4.7183 -1.5165, 11.976 4.8136 -1.5165, 12.0021 4.8136 -1.5165, 12.0283 4.6805 -1.5165, 12.0275 4.6786 -1.5165, 12.018 4.6562 -1.5165, 11.9808 4.6192 -1.5165, 11.9808 4.6401 -1.5165, 11.9856 4.6385 -1.5165, 11.9941 4.6374 -1.5165, 12.0134 4.6046 -1.5165, 12.0061 4.6186 -1.5165, 11.9959 4.6173 -1.5165, 11.9948 4.6374 -1.5165, 12.0004 4.6382 -1.5165, 12.0054 4.6403 -1.5165, 12.0089 4.6427 -1.5165, 12.0133 4.6475 -1.5165, 12.0134 4.6478 -1.5165, 11.9907 4.6175 -1.5165, 12.0231 4.628 -1.5165, 12.0152 4.6223 -1.5165, 12.0134 4.6216 -1.5165, 11.9699 0.2745 -1.5165, 12.0508 4.6786 -1.5165, 12.0435 4.66 -1.5165, 12.0328 4.6392 -1.5165, 12.1884 4.7643 -1.5165, 12.1534 4.7643 -1.5165, 12.1884 4.7015 -1.5165, 12.1534 4.7015 -1.5165, 12.2255 4.867 -1.5165, 12.2255 4.8455 -1.5165, 12.2474 4.9202 -1.5165, 12.2298 4.7015 -1.5165, 12.2474 4.6786 -1.5165, 12.2298 4.6802 -1.5165, 12.1884 4.6786 -1.5165, 12.2202 4.7643 -1.5165, 12.2202 4.7857 -1.5165, 12.1884 4.7857 -1.5165, 12.1884 4.8455 -1.5165, 12.1534 4.8455 -1.5165, 12.1534 4.7857 -1.5165, 12.1884 4.6802 -1.5165, 12.1293 4.6802 -1.5165, 12.1167 4.6786 -1.5165, 12.1293 4.867 -1.5165, 12.1884 4.867 -1.5165, 12.1884 4.9202 -1.5165, 11.7104 4.9979 -1.5165, 11.7104 4.9766 -1.5165, 11.6119 4.9766 -1.5165, 11.6119 5.1634 -1.5165, 11.636 5.1634 -1.5165, 11.636 4.9979 -1.5165, 11.7152 4.9202 -1.5165, 12.4542 4.6802 -1.5165, 12.4275 4.6802 -1.5165, 12.569 4.6802 -1.5165, 12.5499 4.7313 -1.5165, 12.4721 4.7313 -1.5165, 12.5956 4.6802 -1.5165, 14.3681 4.6786 -1.5165, 12.5245 4.867 -1.5165, 14.3681 4.9202 -1.5165, 12.4987 4.867 -1.5165, 12.4121 4.7422 -1.5165, 12.4166 4.7641 -1.5165, 12.4172 4.776 -1.5165, 12.414 4.8019 -1.5165, 12.4029 4.7229 -1.5165, 12.389 4.7063 -1.5165, 12.3696 4.6924 -1.5165, 12.265 4.867 -1.5165, 12.265 4.6802 -1.5165, 12.3164 4.6802 -1.5165, 12.3484 4.6841 -1.5165, 12.389 4.8423 -1.5165, 12.3955 4.8359 -1.5165, 12.4071 4.8197 -1.5165, 12.3183 4.867 -1.5165, 12.3469 4.8638 -1.5165, 12.3694 4.8556 -1.5165, 11.7152 4.6786 -1.5165, 11.6119 4.6802 -1.5165, 11.7123 4.6802 -1.5165, 11.7123 4.7015 -1.5165, 11.7081 4.8455 -1.5165, 11.6119 4.867 -1.5165, 11.7081 4.867 -1.5165, 11.636 4.7643 -1.5165, 11.636 4.7015 -1.5165, 11.7028 4.7643 -1.5165, 11.7028 4.7857 -1.5165, 11.636 4.7857 -1.5165, 11.636 4.8455 -1.5165, 8.8012 4.975 -1.5165, 8.8012 4.9202 -1.5165, 8.8012 4.6786 -1.5165, 8.8012 4.6046 -1.5165, 8.8012 4.6046 -1.5165
            ]
        }
        coordIndex [
            0,1,2,-1,3,4,5,-1,6,7,8,-1,9,10,11,-1,12,13,14,-1,15,16,17,-1,18,19,20,-1,21,22,23,-1,23,22,24,-1,25,26,23,-1,23,26,27,-1,23,27,28,-1,28,29,23,-1,23,29,30,-1,23,30,21,-1,31,32,33,-1,33,32,34,-1,33,34,35,-1,35,34,36,-1,35,36,37,-1,38,39,40,-1,41,31,40,-1,39,42,40,-1,40,42,43,-1,40,43,41,-1,41,43,44,-1,41,44,45,-1,45,44,46,-1,45,46,47,-1,20,19,48,-1,19,49,48,-1,48,49,50,-1,48,50,40,-1,40,50,51,-1,40,51,38,-1,52,53,54,-1,54,53,55,-1,54,55,56,-1,56,57,54,-1,54,57,58,-1,54,58,20,-1,20,58,59,-1,20,59,18,-1,17,16,54,-1,54,16,60,-1,54,60,61,-1,62,52,63,-1,63,52,54,-1,63,54,64,-1,64,54,61,-1,65,66,67,-1,65,67,68,-1,68,67,69,-1,68,69,15,-1,70,71,72,-1,72,71,73,-1,73,74,72,-1,72,74,75,-1,72,75,76,-1,77,78,79,-1,77,79,80,-1,81,82,83,-1,83,82,84,-1,85,86,87,-1,88,89,82,-1,82,89,90,-1,82,90,91,-1,85,87,92,-1,93,94,70,-1,70,94,95,-1,70,95,96,-1,97,98,99,-1,99,98,100,-1,99,100,101,-1,102,91,103,-1,103,91,104,-1,103,104,99,-1,99,104,105,-1,99,105,97,-1,86,106,87,-1,87,106,107,-1,87,107,108,-1,78,109,79,-1,79,109,110,-1,79,110,70,-1,70,110,111,-1,70,111,93,-1,102,112,91,-1,91,112,113,-1,91,113,82,-1,82,113,114,-1,82,114,84,-1,115,116,117,-1,117,116,118,-1,117,118,79,-1,79,118,119,-1,79,119,80,-1,120,121,122,-1,122,121,123,-1,122,123,87,-1,87,123,124,-1,87,124,92,-1,96,125,70,-1,70,125,126,-1,70,126,127,-1,127,126,120,-1,127,120,128,-1,128,120,122,-1,129,130,87,-1,87,130,131,-1,87,131,82,-1,82,131,132,-1,82,132,88,-1,108,133,87,-1,87,133,134,-1,87,134,135,-1,135,136,87,-1,87,136,137,-1,87,137,129,-1,138,139,140,-1,140,91,138,-1,138,91,90,-1,138,90,141,-1,141,90,142,-1,142,143,141,-1,141,143,144,-1,141,144,145,-1,146,147,148,-1,146,148,149,-1,150,148,151,-1,139,138,150,-1,150,138,152,-1,150,152,148,-1,148,152,153,-1,148,153,149,-1,147,154,148,-1,148,154,155,-1,148,155,156,-1,156,155,157,-1,151,158,150,-1,150,158,159,-1,150,159,160,-1,161,162,157,-1,157,162,163,-1,157,163,156,-1,164,165,160,-1,160,165,166,-1,160,166,150,-1,22,167,24,-1,24,167,168,-1,24,168,117,-1,117,168,169,-1,117,169,115,-1,170,171,172,-1,172,171,173,-1,172,173,174,-1,175,176,177,-1,175,177,178,-1,176,179,177,-1,177,179,180,-1,177,180,181,-1,182,183,184,-1,184,185,182,-1,182,185,186,-1,182,186,177,-1,177,186,187,-1,177,187,178,-1,171,188,173,-1,173,188,189,-1,173,189,190,-1,190,189,191,-1,190,191,192,-1,192,191,193,-1,192,193,181,-1,181,193,194,-1,181,194,177,-1,195,196,197,-1,197,196,198,-1,199,200,201,-1,201,200,202,-1,201,203,199,-1,199,203,204,-1,199,204,205,-1,205,204,206,-1,205,206,207,-1,195,197,208,-1,208,197,204,-1,208,204,209,-1,209,204,203,-1,209,203,210,-1,203,211,210,-1,210,211,212,-1,210,212,213,-1,202,200,214,-1,214,200,215,-1,214,215,216,-1,217,215,218,-1,218,215,219,-1,206,220,207,-1,207,220,216,-1,207,216,14,-1,14,216,215,-1,14,215,221,-1,221,215,217,-1,12,14,222,-1,223,224,221,-1,221,224,225,-1,221,225,14,-1,14,225,226,-1,14,226,222,-1,227,228,229,-1,230,231,221,-1,221,231,232,-1,221,232,233,-1,233,234,221,-1,221,234,235,-1,221,235,223,-1,236,237,238,-1,238,237,239,-1,228,240,229,-1,229,240,239,-1,229,239,241,-1,241,239,237,-1,227,229,242,-1,242,229,243,-1,242,243,221,-1,221,243,244,-1,221,244,230,-1,245,246,247,-1,247,246,248,-1,247,248,219,-1,11,249,250,-1,250,251,11,-1,11,251,252,-1,11,252,9,-1,253,254,255,-1,255,254,256,-1,256,257,258,-1,258,257,259,-1,258,259,11,-1,11,259,260,-1,11,260,249,-1,261,262,263,-1,263,262,264,-1,263,264,265,-1,261,263,266,-1,266,263,267,-1,266,267,268,-1,268,267,269,-1,269,267,270,-1,269,270,13,-1,6,8,271,-1,272,180,273,-1,273,180,274,-1,274,275,273,-1,273,275,276,-1,273,276,277,-1,278,279,181,-1,181,279,280,-1,181,280,281,-1,282,283,284,-1,284,283,285,-1,277,276,286,-1,286,276,287,-1,286,287,288,-1,271,8,289,-1,289,8,290,-1,289,290,287,-1,287,290,291,-1,287,291,288,-1,272,292,180,-1,180,292,293,-1,180,293,181,-1,181,293,294,-1,181,294,278,-1,295,296,297,-1,297,296,298,-1,297,298,299,-1,300,301,302,-1,303,304,299,-1,300,302,305,-1,305,302,306,-1,305,306,307,-1,304,308,299,-1,299,308,309,-1,299,309,310,-1,311,312,300,-1,300,312,313,-1,300,313,301,-1,314,315,298,-1,298,315,316,-1,298,316,299,-1,299,316,317,-1,299,317,303,-1,318,319,310,-1,319,320,310,-1,310,320,321,-1,310,321,322,-1,309,323,310,-1,310,323,324,-1,310,324,325,-1,322,326,300,-1,300,326,327,-1,300,327,311,-1,325,328,310,-1,310,328,329,-1,310,329,330,-1,330,331,310,-1,310,331,332,-1,310,332,318,-1,322,300,310,-1,310,300,333,-1,310,333,334,-1,335,336,337,-1,337,336,338,-1,337,338,333,-1,333,338,339,-1,333,339,334,-1,340,341,342,-1,342,343,340,-1,340,343,344,-1,340,344,345,-1,345,344,346,-1,345,346,347,-1,347,346,72,-1,347,72,65,-1,65,72,76,-1,65,76,66,-1,15,17,68,-1,68,17,348,-1,68,348,349,-1,350,351,40,-1,352,353,354,-1,31,33,40,-1,40,33,355,-1,40,355,350,-1,356,357,33,-1,33,357,358,-1,33,358,355,-1,359,360,353,-1,353,360,361,-1,353,361,354,-1,354,362,352,-1,352,362,363,-1,352,363,364,-1,364,363,365,-1,364,365,366,-1,351,367,40,-1,40,367,368,-1,40,368,369,-1,35,258,370,-1,370,258,11,-1,370,11,245,-1,245,11,10,-1,245,10,246,-1,219,215,247,-1,247,215,200,-1,247,200,371,-1,371,200,199,-1,371,199,372,-1,372,5,373,-1,373,5,192,-1,373,192,374,-1,374,192,181,-1,374,181,283,-1,283,181,281,-1,283,281,285,-1,375,376,190,-1,377,378,192,-1,379,380,381,-1,381,380,190,-1,381,190,382,-1,382,190,376,-1,377,192,383,-1,5,4,192,-1,192,4,384,-1,192,384,383,-1,378,385,192,-1,192,385,386,-1,192,386,190,-1,190,386,387,-1,190,387,375,-1,372,199,5,-1,5,199,388,-1,5,388,3,-1,379,389,380,-1,380,389,390,-1,380,390,205,-1,205,390,391,-1,205,391,199,-1,199,391,392,-1,199,392,388,-1,393,394,395,-1,396,397,398,-1,398,397,399,-1,400,401,402,-1,393,395,403,-1,404,405,406,-1,396,407,397,-1,397,407,408,-1,397,408,409,-1,409,408,402,-1,409,402,410,-1,410,402,401,-1,411,267,412,-1,412,267,413,-1,405,414,406,-1,406,414,415,-1,406,415,416,-1,417,418,395,-1,395,418,419,-1,395,419,403,-1,416,420,406,-1,406,420,421,-1,406,421,267,-1,267,421,399,-1,267,399,413,-1,413,399,397,-1,422,423,424,-1,424,423,425,-1,424,425,426,-1,426,425,427,-1,428,429,402,-1,402,429,430,-1,402,430,431,-1,432,433,434,-1,434,433,435,-1,434,435,436,-1,431,437,402,-1,402,437,438,-1,402,438,400,-1,411,439,267,-1,267,439,440,-1,267,440,441,-1,442,443,444,-1,427,445,426,-1,426,445,446,-1,426,446,447,-1,447,446,444,-1,447,444,448,-1,448,444,443,-1,394,449,343,-1,343,449,344,-1,344,449,450,-1,344,450,451,-1,432,422,433,-1,433,422,424,-1,433,424,452,-1,452,424,453,-1,452,453,454,-1,454,453,455,-1,454,455,456,-1,456,455,457,-1,458,457,343,-1,343,457,455,-1,343,455,394,-1,394,455,453,-1,394,453,395,-1,459,460,2,-1,461,462,270,-1,441,442,267,-1,267,442,444,-1,267,444,270,-1,270,444,463,-1,270,463,461,-1,464,465,2,-1,2,465,466,-1,462,467,270,-1,270,467,468,-1,270,468,469,-1,469,468,470,-1,469,470,459,-1,471,472,460,-1,460,472,473,-1,460,473,2,-1,2,473,474,-1,2,474,464,-1,466,475,2,-1,2,475,476,-1,2,476,0,-1,477,478,479,-1,479,478,480,-1,479,480,481,-1,479,482,477,-1,477,482,483,-1,477,483,484,-1,484,485,477,-1,477,485,486,-1,477,486,487,-1,487,486,488,-1,487,488,489,-1,489,488,490,-1,489,490,460,-1,460,490,491,-1,460,491,471,-1,492,493,481,-1,481,493,494,-1,481,494,479,-1,495,496,436,-1,436,496,497,-1,436,497,434,-1,495,498,496,-1,496,498,499,-1,496,499,500,-1,500,499,501,-1,500,502,503,-1,501,504,500,-1,500,504,505,-1,500,505,506,-1,506,507,500,-1,500,507,508,-1,500,508,502,-1,503,509,500,-1,500,509,510,-1,500,510,511,-1,512,513,514,-1,515,516,517,-1,514,518,512,-1,512,518,519,-1,512,519,520,-1,520,519,515,-1,520,515,521,-1,521,515,517,-1,522,523,2,-1,2,523,524,-1,459,2,469,-1,469,2,524,-1,469,524,518,-1,518,524,525,-1,518,525,519,-1,526,523,527,-1,527,523,522,-1,527,522,528,-1,342,529,530,-1,531,532,2,-1,533,534,535,-1,458,343,1,-1,1,343,342,-1,1,342,2,-1,2,342,530,-1,2,530,531,-1,532,536,2,-1,2,536,537,-1,2,537,538,-1,538,539,2,-1,2,539,540,-1,2,540,522,-1,522,540,541,-1,522,541,528,-1,533,535,342,-1,342,535,542,-1,342,542,529,-1,543,544,533,-1,533,544,545,-1,533,545,534,-1,341,546,342,-1,342,546,335,-1,342,335,533,-1,533,335,337,-1,533,337,543,-1,547,548,337,-1,337,548,549,-1,337,549,543,-1,550,551,552,-1,552,551,553,-1,554,555,556,-1,556,555,557,-1,556,557,558,-1,558,557,559,-1,558,559,560,-1,550,552,561,-1,561,552,557,-1,561,557,562,-1,562,557,555,-1,562,555,563,-1,555,564,563,-1,563,564,565,-1,563,565,566,-1,559,567,560,-1,560,567,568,-1,560,568,569,-1,569,568,570,-1,554,556,571,-1,571,556,572,-1,571,572,570,-1,570,572,514,-1,570,514,569,-1,569,514,513,-1,569,513,547,-1,256,258,255,-1,255,258,573,-1,255,573,574,-1,24,575,23,-1,23,575,576,-1,23,576,577,-1,578,573,577,-1,577,573,258,-1,577,258,23,-1,23,258,35,-1,23,35,25,-1,25,35,37,-1,13,270,14,-1,14,270,469,-1,14,469,207,-1,207,469,518,-1,207,518,205,-1,205,518,514,-1,205,514,380,-1,380,514,572,-1,380,572,190,-1,190,572,556,-1,190,556,173,-1,574,575,255,-1,255,575,24,-1,255,24,579,-1,579,24,117,-1,580,581,558,-1,582,583,584,-1,584,580,582,-1,582,580,558,-1,582,558,585,-1,585,558,586,-1,585,586,587,-1,587,586,588,-1,177,174,182,-1,182,174,173,-1,182,173,588,-1,588,173,556,-1,588,556,587,-1,587,556,589,-1,590,581,591,-1,591,581,589,-1,591,589,592,-1,592,589,593,-1,590,594,581,-1,581,594,595,-1,581,595,596,-1,597,556,598,-1,598,556,558,-1,598,558,599,-1,599,558,581,-1,599,581,600,-1,600,581,596,-1,601,602,589,-1,589,602,603,-1,589,603,593,-1,597,604,556,-1,556,604,605,-1,556,605,589,-1,589,605,606,-1,589,606,601,-1,265,253,263,-1,263,253,255,-1,263,255,267,-1,267,255,579,-1,267,579,406,-1,406,579,607,-1,79,607,608,-1,608,607,609,-1,609,607,610,-1,610,607,579,-1,610,579,611,-1,79,608,117,-1,117,608,612,-1,117,612,579,-1,579,612,613,-1,579,613,611,-1,614,615,616,-1,616,615,610,-1,616,610,617,-1,617,610,611,-1,617,611,618,-1,618,611,619,-1,547,337,569,-1,569,337,333,-1,569,333,560,-1,560,333,300,-1,560,300,558,-1,558,300,305,-1,558,305,586,-1,70,72,79,-1,79,72,346,-1,79,346,607,-1,607,346,344,-1,607,344,406,-1,406,344,451,-1,406,451,404,-1,369,359,40,-1,40,359,353,-1,40,353,48,-1,48,353,620,-1,48,620,20,-1,20,620,621,-1,20,621,54,-1,54,621,622,-1,54,622,17,-1,17,622,623,-1,17,623,348,-1,
        ]
    }
}
Shape{
    appearance Appearance {
        material  Material 	{
            diffuseColor 0.25098039215686274 0.25098039215686274 0.25098039215686274
            specularColor 0.12549019607843137 0.12549019607843137 0.12549019607843137
            ambientIntensity 0.2
            transparency 0
            shininess 0.5
        }
    }
    geometry IndexedFaceSet {
        ccw TRUE
        solid FALSE
        coord DEF co Coordinate {
            point [
                14.065 5.1181 -1.6543, 13.9862 5.1181 -1.5755, 14.0531 5.1182 -1.5755, 14.4193 5.1181 -2.2251, 14.065 5.1181 -2.2251, 14.4193 5.1181 -1.6543, 14.3406 5.1181 -1.5755, 8.9468 0.2756 -2.0283, 8.9468 0.2756 -1.5755, 8.8287 0.2756 -1.5755, 12.0534 0.2756 -2.2251, 12.0534 0.2756 -2.0283, 8.75 0.2756 -2.2251, 8.75 0.2756 -1.6543, 13.4744 -0.0 -2.0283, 13.1681 0.0 -2.0283, 13.1681 0.0 -2.2251, 14.3406 0.0 -1.5755, 13.4744 0.0 -1.5755, 14.4193 0.0 -1.6543, 14.4193 0.0 -2.2251, 14.4193 0.0 -2.2251
            ]
        }
        coordIndex [
            0,1,2,-1,3,4,5,-1,5,4,0,-1,5,0,6,-1,6,0,2,-1,7,8,9,-1,10,11,12,-1,12,11,7,-1,12,7,13,-1,13,7,9,-1,14,15,16,-1,17,18,19,-1,19,18,14,-1,19,14,20,-1,20,14,16,-1,
        ]
    }
}
Shape{
    appearance Appearance {
        material  Material 	{
            diffuseColor 0.7529411764705882 0.7529411764705882 0.7529411764705882
            specularColor 0.3764705882352941 0.3764705882352941 0.3764705882352941
            ambientIntensity 0.2
            transparency 0
            shininess 0.5
        }
    }
    geometry IndexedFaceSet {
        ccw TRUE
        solid FALSE
        coord DEF co Coordinate {
            point [
                11.227 3.9665 -1.8511, 11.227 3.9591 -1.8511, 11.1155 3.9665 -1.8511, 11.1156 3.9601 -1.8511, 11.12 3.4612 -1.9044, 11.1198 3.4643 -1.9024, 11.1195 3.4971 -1.9515, 11.1197 3.494 -1.9535, 11.121 3.4884 -1.9572, 11.1213 3.4556 -1.9081, 11.1234 3.4831 -1.9608, 11.1237 3.4503 -1.9117, 11.1269 3.4783 -1.9641, 11.1271 3.4455 -1.9149, 11.1313 3.474 -1.9669, 11.1316 3.4412 -1.9178, 11.1365 3.4704 -1.9694, 11.1368 3.4376 -1.9203, 11.1424 3.4676 -1.9713, 11.1427 3.4348 -1.9222, 11.1488 3.4657 -1.9726, 11.1491 3.4329 -1.9235, 11.1555 3.4648 -1.9732, 11.1558 3.432 -1.9241, 11.1589 3.4646 -1.9733, 11.1592 3.4318 -1.9241, 11.1836 3.4646 -1.9733, 11.1833 3.4318 -1.9241, 11.1873 3.4648 -1.9732, 11.187 3.4319 -1.924, 11.194 3.4658 -1.9725, 11.1937 3.4329 -1.9233, 11.2003 3.4677 -1.9712, 11.2 3.4348 -1.9219, 11.2062 3.4705 -1.9693, 11.2059 3.4376 -1.92, 11.2114 3.4741 -1.9669, 11.2111 3.4412 -1.9176, 11.2157 3.4784 -1.964, 11.2155 3.4455 -1.9147, 11.2192 3.4832 -1.9607, 11.2189 3.4503 -1.9115, 11.2215 3.4885 -1.9572, 11.2213 3.4556 -1.9079, 11.2228 3.494 -1.9535, 11.2225 3.4611 -1.9042, 11.223 3.4971 -1.9515, 11.2227 3.4642 -1.9023, 11.2243 3.6473 -1.8511, 11.1182 3.6473 -1.8511, 11.1183 3.6408 -1.8511, 11.1191 3.541 -1.8511, 11.1166 3.8411 -1.7868, 11.1149 4.0346 -1.8511, 11.1146 4.0424 -1.8511, 11.1147 4.0537 -1.8588, 11.1151 4.0078 -1.8992, 11.1152 4.0004 -1.8915, 11.1083 4.8097 -1.9986, 11.1083 4.8097 -2.0586, 11.1145 4.0808 -1.8696, 11.1146 4.0705 -1.9278, 11.1146 4.0764 -1.8687, 11.1146 4.0689 -1.9275, 11.1146 4.0678 -1.8656, 11.1148 4.0483 -1.9209, 11.1147 4.0586 -1.8622, 11.1149 4.0365 -1.9171, 11.115 4.0229 -1.9086, 11.1153 3.9843 -1.8747, 11.1166 3.8411 -1.7246, 11.1192 3.5344 -1.8511, 11.1592 3.4318 -1.9241, 11.1221 3.4534 -1.9096, 11.1265 3.4462 -1.9145, 11.1869 3.4319 -1.924, 11.1964 3.4336 -1.9228, 11.2051 3.4372 -1.9203, 11.2234 3.541 -1.8511, 11.12 3.4613 -1.9043, 11.212 3.4419 -1.9171, 11.2177 3.4485 -1.9127, 11.2214 3.456 -1.9077, 11.1323 3.4406 -1.9182, 11.1402 3.4359 -1.9215, 11.1493 3.4329 -1.9235, 11.2242 3.6399 -1.8511, 11.2259 3.8402 -1.7868, 11.2259 3.8402 -1.7246, 11.2233 3.5335 -1.8511, 11.2343 4.8097 -2.0586, 11.2343 4.8097 -1.9986, 11.2279 4.0705 -1.9278, 11.228 4.0808 -1.8696, 11.2279 4.0667 -1.927, 11.2277 4.0482 -1.921, 11.228 4.0676 -1.8661, 11.2276 4.0351 -1.9167, 11.228 4.0534 -1.8592, 11.2275 4.0226 -1.909, 11.2276 4.0336 -1.8511, 11.2272 3.9843 -1.8747, 11.2273 4.0004 -1.8915, 11.2278 4.0424 -1.8511, 11.2274 4.0092 -1.9007, 11.2274 4.0092 -1.9007
            ]
        }
        coordIndex [
            0,1,2,-1,2,1,3,-1,4,5,6,-1,6,7,4,-1,4,7,8,-1,4,8,9,-1,9,8,10,-1,9,10,11,-1,11,10,12,-1,11,12,13,-1,13,12,14,-1,13,14,15,-1,15,14,16,-1,15,16,17,-1,17,16,18,-1,17,18,19,-1,19,18,20,-1,19,20,21,-1,21,20,22,-1,21,22,23,-1,23,22,24,-1,23,24,25,-1,26,27,24,-1,24,27,25,-1,27,26,28,-1,27,28,29,-1,29,28,30,-1,29,30,31,-1,31,30,32,-1,31,32,33,-1,33,32,34,-1,33,34,35,-1,35,34,36,-1,35,36,37,-1,37,36,38,-1,37,38,39,-1,39,38,40,-1,39,40,41,-1,41,40,42,-1,41,42,43,-1,43,42,44,-1,43,44,45,-1,45,44,46,-1,45,46,47,-1,48,26,49,-1,49,26,24,-1,49,24,6,-1,6,24,22,-1,6,22,7,-1,7,22,8,-1,48,46,26,-1,26,46,44,-1,26,44,28,-1,28,44,42,-1,14,12,22,-1,22,12,10,-1,22,10,8,-1,42,40,28,-1,28,40,38,-1,28,38,36,-1,20,18,22,-1,22,18,16,-1,22,16,14,-1,36,34,28,-1,28,34,32,-1,28,32,30,-1,50,49,6,-1,6,5,50,-1,50,5,51,-1,50,51,52,-1,53,54,55,-1,56,57,55,-1,2,3,52,-1,58,59,60,-1,60,59,61,-1,60,61,62,-1,62,61,63,-1,62,63,64,-1,64,63,65,-1,64,65,66,-1,66,65,67,-1,66,67,55,-1,55,67,68,-1,55,68,56,-1,57,69,55,-1,55,69,2,-1,55,2,53,-1,53,2,52,-1,53,52,70,-1,70,52,51,-1,70,51,71,-1,72,27,47,-1,73,74,72,-1,27,75,47,-1,47,75,76,-1,47,76,77,-1,78,51,47,-1,47,51,5,-1,47,5,72,-1,72,5,79,-1,72,79,73,-1,77,80,47,-1,47,80,81,-1,47,81,82,-1,74,83,72,-1,72,83,84,-1,72,84,85,-1,78,47,86,-1,86,47,46,-1,86,46,48,-1,86,87,78,-1,78,87,88,-1,78,88,89,-1,90,91,92,-1,92,91,93,-1,92,93,94,-1,94,93,95,-1,95,93,96,-1,95,96,97,-1,97,96,98,-1,97,98,99,-1,87,1,88,-1,88,1,0,-1,88,0,100,-1,100,0,101,-1,100,101,102,-1,98,103,99,-1,99,103,100,-1,99,100,104,-1,104,100,102,-1,
        ]
    }
}
Shape{
    appearance Appearance {
        material  Material 	{
            diffuseColor 1.0 1.0 1.0
            specularColor 0.8784313725490196 0.8784313725490196 0.8784313725490196
            ambientIntensity 0.2
            transparency 0
            shininess 0.5
        }
    }
    geometry IndexedFaceSet {
        ccw TRUE
        solid FALSE
        coord DEF co Coordinate {
            point [
                11.2242 3.6399 -1.8511, 11.2243 3.6473 -1.8511, 11.1183 3.6408 -1.8511, 11.1182 3.6473 -1.8511, 11.2234 3.541 -1.8511, 11.2233 3.5335 -1.8511, 11.1191 3.541 -1.8511, 11.1192 3.5344 -1.8511, 11.2259 3.8402 -1.7246, 11.1166 3.8411 -1.7246, 11.2276 4.0336 -1.8511, 11.1149 4.0346 -1.8511, 11.227 3.9591 -1.8511, 11.2259 3.8402 -1.7868, 11.1156 3.9601 -1.8511, 11.1166 3.8411 -1.7868, 11.1166 3.8411 -1.7868
            ]
        }
        coordIndex [
            0,1,2,-1,2,1,3,-1,4,5,6,-1,6,5,7,-1,5,8,7,-1,7,8,9,-1,8,10,9,-1,9,10,11,-1,12,13,14,-1,14,13,15,-1,13,0,15,-1,15,0,2,-1,
        ]
    }
}
Shape{
    appearance Appearance {
        material  Material 	{
            diffuseColor 0.7529411764705882 0.7529411764705882 0.7529411764705882
            specularColor 0.3764705882352941 0.3764705882352941 0.3764705882352941
            ambientIntensity 0.2
            transparency 0
            shininess 0.5
        }
    }
    geometry IndexedFaceSet {
        ccw TRUE
        solid FALSE
        coord DEF co Coordinate {
            point [
                10.2543 3.4588 -1.906, 10.2537 3.4643 -1.9024, 10.2534 3.4971 -1.9515, 10.254 3.4916 -1.9551, 10.2568 3.4839 -1.9603, 10.2571 3.4511 -1.9112, 10.2619 3.477 -1.9649, 10.2622 3.4442 -1.9158, 10.2688 3.4714 -1.9687, 10.2691 3.4386 -1.9196, 10.2772 3.4673 -1.9715, 10.2775 3.4345 -1.9224, 10.2865 3.4651 -1.973, 10.2868 3.4323 -1.9239, 10.2927 3.4646 -1.9733, 10.293 3.4318 -1.9241, 10.3175 3.4646 -1.9733, 10.3172 3.4318 -1.9241, 10.3241 3.4651 -1.973, 10.3238 3.4322 -1.9237, 10.3333 3.4674 -1.9714, 10.333 3.4345 -1.9222, 10.3416 3.4715 -1.9687, 10.3413 3.4386 -1.9194, 10.3484 3.4771 -1.9649, 10.3482 3.4442 -1.9156, 10.3534 3.484 -1.9602, 10.3532 3.451 -1.911, 10.3563 3.4916 -1.9551, 10.356 3.4587 -1.9058, 10.3569 3.4971 -1.9515, 10.3566 3.4642 -1.9023, 10.3581 3.6473 -1.8511, 10.2521 3.6473 -1.8511, 10.2488 4.0229 -1.9086, 10.249 4.0078 -1.8992, 10.249 4.0004 -1.8915, 10.2486 4.0537 -1.8588, 10.2486 4.0586 -1.8622, 10.2493 3.9675 -1.8511, 10.2485 4.0705 -1.9278, 10.2421 4.8097 -2.0586, 10.2492 3.9843 -1.8747, 10.2494 3.9665 -1.8511, 10.2487 4.0365 -1.9171, 10.2486 4.0483 -1.9209, 10.2485 4.0689 -1.9275, 10.253 3.541 -1.8511, 10.253 3.5419 -1.8511, 10.2504 3.8485 -1.7246, 10.2521 3.6482 -1.8511, 10.2504 3.8485 -1.7868, 10.2485 4.0424 -1.8511, 10.2485 4.0678 -1.8656, 10.2484 4.0764 -1.8687, 10.2484 4.0808 -1.8696, 10.2421 4.8097 -1.9986, 10.3572 3.541 -1.8511, 10.3619 4.0534 -1.8592, 10.3617 4.0424 -1.8511, 10.3615 4.0411 -1.8511, 10.361 3.9843 -1.8747, 10.3612 4.0004 -1.8915, 10.3599 3.8476 -1.7246, 10.3599 3.8476 -1.7868, 10.3609 3.9665 -1.8511, 10.3681 4.8097 -2.0586, 10.3681 4.8097 -1.9986, 10.3618 4.0705 -1.9278, 10.3619 4.0808 -1.8696, 10.3612 4.0092 -1.9007, 10.3614 4.0226 -1.909, 10.3615 4.0351 -1.9167, 10.3619 4.0676 -1.8661, 10.3616 4.0482 -1.921, 10.3617 4.0667 -1.927, 10.3617 4.0667 -1.927
            ]
        }
        coordIndex [
            0,1,2,-1,2,3,0,-1,0,3,4,-1,0,4,5,-1,5,4,6,-1,5,6,7,-1,7,6,8,-1,7,8,9,-1,9,8,10,-1,9,10,11,-1,11,10,12,-1,11,12,13,-1,13,12,14,-1,13,14,15,-1,16,17,14,-1,14,17,15,-1,17,16,18,-1,17,18,19,-1,19,18,20,-1,19,20,21,-1,21,20,22,-1,21,22,23,-1,23,22,24,-1,23,24,25,-1,25,24,26,-1,25,26,27,-1,27,26,28,-1,27,28,29,-1,29,28,30,-1,29,30,31,-1,32,16,33,-1,33,16,14,-1,33,14,2,-1,2,14,12,-1,2,12,3,-1,3,12,4,-1,32,30,16,-1,16,30,28,-1,16,28,18,-1,18,28,26,-1,10,8,12,-1,12,8,6,-1,12,6,4,-1,26,24,18,-1,18,24,22,-1,18,22,20,-1,34,35,36,-1,37,38,39,-1,40,36,41,-1,41,36,42,-1,41,42,39,-1,39,42,43,-1,44,34,45,-1,45,34,36,-1,45,36,46,-1,46,36,40,-1,1,47,2,-1,2,47,48,-1,2,48,33,-1,33,48,49,-1,33,49,50,-1,50,49,51,-1,51,49,39,-1,39,49,52,-1,39,52,37,-1,38,53,39,-1,39,53,54,-1,39,54,41,-1,41,54,55,-1,41,55,56,-1,31,57,17,-1,17,57,15,-1,57,47,15,-1,15,47,1,-1,15,1,13,-1,13,1,0,-1,13,0,5,-1,31,17,29,-1,29,17,19,-1,29,19,27,-1,5,7,13,-1,13,7,9,-1,13,9,11,-1,21,23,19,-1,19,23,25,-1,19,25,27,-1,58,59,60,-1,61,62,60,-1,31,30,57,-1,57,30,32,-1,57,32,63,-1,63,32,64,-1,63,64,60,-1,60,64,65,-1,60,65,61,-1,66,67,68,-1,68,67,69,-1,62,70,60,-1,60,70,71,-1,60,71,58,-1,58,71,72,-1,58,72,73,-1,73,72,74,-1,73,74,69,-1,69,74,75,-1,69,75,68,-1,
        ]
    }
}
Shape{
    appearance Appearance {
        material  Material 	{
            diffuseColor 1.0 1.0 1.0
            specularColor 0.8784313725490196 0.8784313725490196 0.8784313725490196
            ambientIntensity 0.2
            transparency 0
            shininess 0.5
        }
    }
    geometry IndexedFaceSet {
        ccw TRUE
        solid FALSE
        coord DEF co Coordinate {
            point [
                10.3572 3.541 -1.8511, 10.253 3.5419 -1.8511, 10.253 3.541 -1.8511, 10.2521 3.6473 -1.8511, 10.2521 3.6482 -1.8511, 10.3581 3.6473 -1.8511, 10.3599 3.8476 -1.7246, 10.2504 3.8485 -1.7246, 10.3615 4.0411 -1.8511, 10.2485 4.0424 -1.8511, 10.3609 3.9665 -1.8511, 10.3599 3.8476 -1.7868, 10.2493 3.9675 -1.8511, 10.2504 3.8485 -1.7868, 10.3617 4.0424 -1.8511, 9.9278 4.0846 -1.8511, 9.9286 4.1605 -1.8511, 9.9242 4.0846 -1.8511, 9.9242 4.1605 -1.8511, 10.794 4.0846 -1.8511, 10.7948 4.1605 -1.8511, 10.7904 4.0846 -1.8511, 10.7904 4.1605 -1.8511, 11.6601 4.0846 -1.8511, 11.6609 4.1605 -1.8511, 11.6565 4.0846 -1.8511, 11.6565 4.1605 -1.8511, 9.4911 3.6647 -1.8511, 9.492 3.7654 -1.8511, 9.4911 3.7654 -1.8511, 9.4911 3.7654 -1.8511
            ]
        }
        coordIndex [
            0,1,2,-1,3,4,5,-1,0,6,1,-1,1,6,7,-1,6,8,7,-1,7,8,9,-1,10,11,12,-1,12,11,13,-1,11,5,13,-1,13,5,4,-1,8,14,9,-1,15,16,17,-1,17,16,18,-1,19,20,21,-1,21,20,22,-1,23,24,25,-1,25,24,26,-1,27,28,29,-1,
        ]
    }
}
Shape{
    appearance Appearance {
        material  Material 	{
            diffuseColor 0.7529411764705882 0.7529411764705882 0.7529411764705882
            specularColor 0.3764705882352941 0.3764705882352941 0.3764705882352941
            ambientIntensity 0.2
            transparency 0
            shininess 0.5
        }
    }
    geometry IndexedFaceSet {
        ccw TRUE
        solid FALSE
        coord DEF co Coordinate {
            point [
                9.3881 3.5769 -1.906, 9.3875 3.5824 -1.9024, 9.3872 3.6152 -1.9515, 9.3878 3.6097 -1.9551, 9.3907 3.602 -1.9603, 9.391 3.5692 -1.9112, 9.3957 3.5951 -1.9649, 9.396 3.5623 -1.9158, 9.4027 3.5895 -1.9687, 9.4029 3.5567 -1.9196, 9.411 3.5854 -1.9715, 9.4113 3.5526 -1.9224, 9.4204 3.5832 -1.973, 9.4206 3.5504 -1.9239, 9.4266 3.5827 -1.9733, 9.4269 3.5499 -1.9241, 9.4513 3.5827 -1.9733, 9.4511 3.5499 -1.9241, 9.4579 3.5832 -1.973, 9.4576 3.5503 -1.9237, 9.4672 3.5855 -1.9714, 9.4669 3.5526 -1.9222, 9.4755 3.5896 -1.9687, 9.4752 3.5567 -1.9194, 9.4823 3.5952 -1.9649, 9.482 3.5623 -1.9156, 9.4873 3.6021 -1.9602, 9.487 3.5692 -1.911, 9.4901 3.6097 -1.9551, 9.4898 3.5768 -1.9058, 9.4907 3.6152 -1.9515, 9.4904 3.5823 -1.9023, 9.3859 3.7654 -1.8511, 9.3868 3.7654 -1.8511, 9.4911 3.7654 -1.8511, 9.492 3.7654 -1.8511, 9.3868 3.6591 -1.8511, 9.3868 3.6647 -1.8511, 9.4911 3.6591 -1.8511, 9.4911 3.6647 -1.8511, 9.4911 3.6647 -1.8511
            ]
        }
        coordIndex [
            0,1,2,-1,2,3,0,-1,0,3,4,-1,0,4,5,-1,5,4,6,-1,5,6,7,-1,7,6,8,-1,7,8,9,-1,9,8,10,-1,9,10,11,-1,11,10,12,-1,11,12,13,-1,13,12,14,-1,13,14,15,-1,16,17,14,-1,14,17,15,-1,17,16,18,-1,17,18,19,-1,19,18,20,-1,19,20,21,-1,21,20,22,-1,21,22,23,-1,23,22,24,-1,23,24,25,-1,25,24,26,-1,25,26,27,-1,27,26,28,-1,27,28,29,-1,29,28,30,-1,29,30,31,-1,2,32,33,-1,28,33,30,-1,30,33,34,-1,30,34,35,-1,4,3,12,-1,12,3,2,-1,12,2,14,-1,14,2,33,-1,14,33,16,-1,28,26,33,-1,33,26,24,-1,33,24,22,-1,10,8,12,-1,12,8,6,-1,12,6,4,-1,22,20,33,-1,33,20,18,-1,33,18,16,-1,1,36,2,-1,2,36,37,-1,2,37,32,-1,31,38,36,-1,15,36,1,-1,15,1,13,-1,13,1,0,-1,13,0,5,-1,36,15,31,-1,31,15,17,-1,31,17,29,-1,29,17,19,-1,29,19,27,-1,5,7,13,-1,13,7,9,-1,13,9,11,-1,21,23,19,-1,19,23,25,-1,19,25,27,-1,38,31,39,-1,39,31,30,-1,39,30,35,-1,
        ]
    }
}
Shape{
    appearance Appearance {
        material  Material 	{
            diffuseColor 1.0 1.0 1.0
            specularColor 0.8784313725490196 0.8784313725490196 0.8784313725490196
            ambientIntensity 0.2
            transparency 0
            shininess 0.5
        }
    }
    geometry IndexedFaceSet {
        ccw TRUE
        solid FALSE
        coord DEF co Coordinate {
            point [
                9.3868 3.6647 -1.8511, 9.3868 3.7654 -1.8511, 9.3859 3.7654 -1.8511, 9.3868 4.1605 -1.8511, 9.3868 4.1605 -1.8137, 9.4911 4.1605 -1.8511, 9.4911 4.1605 -1.8137, 9.3868 3.9009 -1.8011, 9.3868 4.0846 -1.8511, 9.4911 3.9009 -1.8011, 9.4911 4.0846 -1.8511, 9.4911 3.7654 -1.8511, 9.3868 3.9009 -1.7532, 9.3868 3.6591 -1.8511, 9.4911 3.9009 -1.7532, 9.4911 3.6591 -1.8511, 9.4911 3.6647 -1.8511, 9.4947 4.0846 -1.8511, 9.4954 4.1605 -1.8511, 12.5226 3.6647 -1.8511, 12.5235 3.7654 -1.8511, 12.5226 3.7654 -1.8511, 12.5226 3.7654 -1.8511
            ]
        }
        coordIndex [
            0,1,2,-1,3,4,5,-1,5,4,6,-1,7,8,9,-1,9,8,10,-1,1,7,11,-1,11,7,9,-1,12,13,14,-1,14,13,15,-1,4,12,6,-1,6,12,14,-1,7,12,8,-1,8,12,4,-1,8,4,3,-1,7,1,12,-1,12,1,0,-1,12,0,13,-1,16,11,9,-1,15,16,14,-1,14,16,9,-1,14,9,6,-1,6,9,10,-1,6,10,5,-1,10,17,5,-1,5,17,18,-1,19,20,21,-1,
        ]
    }
}
Shape{
    appearance Appearance {
        material  Material 	{
            diffuseColor 0.7529411764705882 0.7529411764705882 0.7529411764705882
            specularColor 0.3764705882352941 0.3764705882352941 0.3764705882352941
            ambientIntensity 0.2
            transparency 0
            shininess 0.5
        }
    }
    geometry IndexedFaceSet {
        ccw TRUE
        solid FALSE
        coord DEF co Coordinate {
            point [
                12.4196 3.5769 -1.906, 12.419 3.5824 -1.9024, 12.4187 3.6152 -1.9515, 12.4193 3.6097 -1.9551, 12.4222 3.602 -1.9603, 12.4225 3.5692 -1.9112, 12.4272 3.5951 -1.9649, 12.4275 3.5623 -1.9158, 12.4342 3.5895 -1.9687, 12.4344 3.5567 -1.9196, 12.4425 3.5854 -1.9715, 12.4428 3.5526 -1.9224, 12.4519 3.5832 -1.973, 12.4521 3.5504 -1.9239, 12.4581 3.5827 -1.9733, 12.4584 3.5499 -1.9241, 12.4828 3.5827 -1.9733, 12.4826 3.5499 -1.9241, 12.4894 3.5832 -1.973, 12.4891 3.5503 -1.9237, 12.4987 3.5855 -1.9714, 12.4984 3.5526 -1.9222, 12.507 3.5896 -1.9687, 12.5067 3.5567 -1.9194, 12.5138 3.5952 -1.9649, 12.5135 3.5623 -1.9156, 12.5188 3.6021 -1.9602, 12.5185 3.5692 -1.911, 12.5216 3.6097 -1.9551, 12.5213 3.5768 -1.9058, 12.5222 3.6152 -1.9515, 12.5219 3.5823 -1.9023, 12.4174 3.7654 -1.8511, 12.4183 3.7654 -1.8511, 12.5226 3.7654 -1.8511, 12.5235 3.7654 -1.8511, 12.4183 3.6591 -1.8511, 12.4183 3.6647 -1.8511, 12.5226 3.6591 -1.8511, 12.5226 3.6647 -1.8511, 12.5226 3.6647 -1.8511
            ]
        }
        coordIndex [
            0,1,2,-1,2,3,0,-1,0,3,4,-1,0,4,5,-1,5,4,6,-1,5,6,7,-1,7,6,8,-1,7,8,9,-1,9,8,10,-1,9,10,11,-1,11,10,12,-1,11,12,13,-1,13,12,14,-1,13,14,15,-1,16,17,14,-1,14,17,15,-1,17,16,18,-1,17,18,19,-1,19,18,20,-1,19,20,21,-1,21,20,22,-1,21,22,23,-1,23,22,24,-1,23,24,25,-1,25,24,26,-1,25,26,27,-1,27,26,28,-1,27,28,29,-1,29,28,30,-1,29,30,31,-1,2,32,33,-1,28,33,30,-1,30,33,34,-1,30,34,35,-1,4,3,12,-1,12,3,2,-1,12,2,14,-1,14,2,33,-1,14,33,16,-1,28,26,33,-1,33,26,24,-1,33,24,22,-1,10,8,12,-1,12,8,6,-1,12,6,4,-1,22,20,33,-1,33,20,18,-1,33,18,16,-1,1,36,2,-1,2,36,37,-1,2,37,32,-1,31,38,36,-1,15,36,1,-1,15,1,13,-1,13,1,0,-1,13,0,5,-1,36,15,31,-1,31,15,17,-1,31,17,29,-1,29,17,19,-1,29,19,27,-1,5,7,13,-1,13,7,9,-1,13,9,11,-1,21,23,19,-1,19,23,25,-1,19,25,27,-1,38,31,39,-1,39,31,30,-1,39,30,35,-1,
        ]
    }
}
Shape{
    appearance Appearance {
        material  Material 	{
            diffuseColor 1.0 1.0 1.0
            specularColor 0.8784313725490196 0.8784313725490196 0.8784313725490196
            ambientIntensity 0.2
            transparency 0
            shininess 0.5
        }
    }
    geometry IndexedFaceSet {
        ccw TRUE
        solid FALSE
        coord DEF co Coordinate {
            point [
                12.4183 3.6647 -1.8511, 12.4183 3.7654 -1.8511, 12.4174 3.7654 -1.8511, 12.4183 4.1605 -1.8511, 12.4183 4.1605 -1.8137, 12.5226 4.1605 -1.8511, 12.5226 4.1605 -1.8137, 12.4183 3.9009 -1.8011, 12.4183 4.0846 -1.8511, 12.5226 3.9009 -1.8011, 12.5226 4.0846 -1.8511, 12.5226 3.7654 -1.8511, 12.4183 3.9009 -1.7532, 12.4183 3.6591 -1.8511, 12.5226 3.9009 -1.7532, 12.5226 3.6591 -1.8511, 12.5226 3.6647 -1.8511, 12.5262 4.0846 -1.8511, 12.527 4.1605 -1.8511, 12.527 4.1605 -1.8511
            ]
        }
        coordIndex [
            0,1,2,-1,3,4,5,-1,5,4,6,-1,7,8,9,-1,9,8,10,-1,1,7,11,-1,11,7,9,-1,12,13,14,-1,14,13,15,-1,4,12,6,-1,6,12,14,-1,7,12,8,-1,8,12,4,-1,8,4,3,-1,7,1,12,-1,12,1,0,-1,12,0,13,-1,16,11,9,-1,15,16,14,-1,14,16,9,-1,14,9,6,-1,6,9,10,-1,6,10,5,-1,10,17,5,-1,5,17,18,-1,
        ]
    }
}
Shape{
    appearance Appearance {
        material  Material 	{
            diffuseColor 0.7529411764705882 0.7529411764705882 0.7529411764705882
            specularColor 0.3764705882352941 0.3764705882352941 0.3764705882352941
            ambientIntensity 0.2
            transparency 0
            shininess 0.5
        }
    }
    geometry IndexedFaceSet {
        ccw TRUE
        solid FALSE
        coord DEF co Coordinate {
            point [
                14.1319 2.4082 -1.8623, 14.1319 2.3987 -1.8604, 14.1291 2.3989 -1.8595, 14.0901 2.449 -1.8984, 14.0935 2.4464 -1.8984, 14.0932 2.4453 -1.8894, 14.1169 2.4184 -1.745, 14.1169 2.3923 -1.7428, 14.1319 2.3923 -1.7409, 14.1166 2.3923 -1.7429, 14.1042 2.4175 -1.7499, 14.1042 2.3923 -1.7478, 14.1025 2.3923 -1.749, 14.092 2.4161 -1.7584, 14.092 2.3923 -1.7564, 14.0903 2.3923 -1.7583, 14.083 2.4143 -1.7687, 14.083 2.3923 -1.7668, 14.0811 2.3923 -1.7706, 14.0766 2.4123 -1.7808, 14.0766 2.3923 -1.7791, 14.0753 2.3923 -1.7848, 14.0731 2.4098 -1.7955, 14.0731 2.3923 -1.794, 14.0733 2.3923 -1.7999, 14.0735 2.4073 -1.8098, 14.0735 2.3923 -1.8086, 14.0753 2.3923 -1.8151, 14.0773 2.405 -1.8235, 14.0773 2.3923 -1.8224, 14.0811 2.3923 -1.8293, 14.0841 2.403 -1.8355, 14.0841 2.3923 -1.8346, 14.0904 2.3923 -1.8415, 14.0932 2.4013 -1.8454, 14.0932 2.3923 -1.8446, 14.1025 2.3923 -1.8509, 14.1049 2.4 -1.8531, 14.1049 2.3923 -1.8525, 14.1166 2.3923 -1.857, 14.1168 2.3992 -1.8576, 14.1168 2.3923 -1.8571, 14.1291 2.3923 -1.8586, 14.1319 2.3923 -1.859, 14.1319 2.4317 -1.8984, 14.1291 2.4312 -1.8918, 14.1291 2.432 -1.8984, 14.1168 2.433 -1.8914, 14.1166 2.4337 -1.8984, 14.1049 2.4375 -1.8907, 14.1051 2.4385 -1.8984, 14.1024 2.4396 -1.8984, 14.0845 2.4564 -1.8984, 14.0841 2.4552 -1.8877, 14.0807 2.4612 -1.8984, 14.0773 2.4672 -1.8856, 14.0777 2.4684 -1.8984, 14.0748 2.4754 -1.8984, 14.0735 2.4808 -1.8833, 14.074 2.4822 -1.8984, 14.0728 2.4907 -1.8984, 14.0731 2.4952 -1.8809, 14.0736 2.4966 -1.8984, 14.0748 2.506 -1.8984, 14.0766 2.5099 -1.8784, 14.0771 2.5114 -1.8984, 14.0807 2.5203 -1.8984, 14.083 2.522 -1.8763, 14.0833 2.5236 -1.8984, 14.092 2.5323 -1.8746, 14.0901 2.5325 -1.8984, 14.1024 2.5419 -1.8984, 14.1042 2.5408 -1.8731, 14.1043 2.5427 -1.8984, 14.1166 2.5478 -1.8984, 14.1169 2.5456 -1.8723, 14.1169 2.5478 -1.8984, 14.1319 2.5498 -1.8984, 14.1319 2.5476 -1.872, 14.1319 2.5364 -1.8349, 14.1319 2.4303 -1.8919, 14.1291 2.4284 -1.8825, 14.1168 2.4301 -1.8817, 14.1049 2.4343 -1.8799, 14.0932 2.4415 -1.8767, 14.0841 2.4507 -1.8727, 14.0773 2.4618 -1.8677, 14.0735 2.4745 -1.8621, 14.0731 2.4878 -1.8563, 14.0766 2.5014 -1.8503, 14.083 2.5127 -1.8453, 14.092 2.5222 -1.8411, 14.1042 2.5301 -1.8376, 14.1169 2.5346 -1.8356, 14.1319 2.5165 -1.8016, 14.1319 2.4283 -1.8825, 14.1291 2.4234 -1.8741, 14.1168 2.4249 -1.873, 14.1049 2.4285 -1.8702, 14.0932 2.4347 -1.8653, 14.0841 2.4426 -1.8592, 14.0773 2.4522 -1.8517, 14.0735 2.4631 -1.8432, 14.0731 2.4746 -1.8342, 14.0766 2.4864 -1.8251, 14.083 2.4961 -1.8175, 14.092 2.5043 -1.8111, 14.1042 2.5111 -1.8058, 14.1169 2.515 -1.8028, 14.1319 2.4891 -1.7742, 14.1319 2.4234 -1.8742, 14.1291 2.4165 -1.8673, 14.1168 2.4177 -1.8658, 14.1049 2.4205 -1.8622, 14.0932 2.4254 -1.856, 14.0841 2.4315 -1.8481, 14.0773 2.439 -1.8385, 14.0735 2.4475 -1.8275, 14.0731 2.4565 -1.816, 14.0766 2.4656 -1.8043, 14.083 2.4732 -1.7946, 14.092 2.4796 -1.7864, 14.1042 2.4849 -1.7796, 14.1169 2.4879 -1.7757, 14.1319 2.4558 -1.7543, 14.1319 2.4165 -1.8673, 14.1291 2.4082 -1.8623, 14.1168 2.409 -1.8606, 14.1049 2.4108 -1.8564, 14.0932 2.414 -1.8492, 14.0841 2.418 -1.84, 14.0773 2.4229 -1.8289, 14.0735 2.4285 -1.8162, 14.0731 2.4344 -1.8029, 14.0766 2.4404 -1.7892, 14.083 2.4454 -1.778, 14.092 2.4496 -1.7684, 14.1042 2.453 -1.7606, 14.1169 2.455 -1.756, 14.1319 2.4187 -1.7431, 14.1347 2.4187 -1.7432, 14.1347 2.5475 -1.872, 14.1347 2.5494 -1.8984, 14.1469 2.5456 -1.8723, 14.1472 2.5478 -1.8984, 14.1588 2.5411 -1.8731, 14.1587 2.543 -1.8984, 14.1614 2.5419 -1.8984, 14.1705 2.5334 -1.8744, 14.1703 2.5351 -1.8984, 14.1736 2.5325 -1.8984, 14.1797 2.5235 -1.8761, 14.1793 2.5251 -1.8984, 14.183 2.5203 -1.8984, 14.1865 2.5115 -1.8781, 14.186 2.513 -1.8984, 14.1889 2.506 -1.8984, 14.1903 2.4978 -1.8804, 14.1898 2.4993 -1.8984, 14.1909 2.4907 -1.8984, 14.1906 2.4835 -1.8829, 14.1902 2.4848 -1.8984, 14.1889 2.4754 -1.8984, 14.1871 2.4688 -1.8854, 14.1867 2.4701 -1.8984, 14.183 2.4612 -1.8984, 14.1808 2.4567 -1.8874, 14.1805 2.4579 -1.8984, 14.1718 2.4464 -1.8892, 14.1736 2.449 -1.8984, 14.1614 2.4396 -1.8984, 14.1596 2.4379 -1.8906, 14.1595 2.4388 -1.8984, 14.1472 2.4337 -1.8984, 14.1469 2.433 -1.8915, 14.1469 2.4336 -1.8984, 14.1469 2.3992 -1.8576, 14.1469 2.3923 -1.8571, 14.1472 2.3923 -1.857, 14.1596 2.4 -1.8528, 14.1596 2.3923 -1.8521, 14.1613 2.3923 -1.8509, 14.1718 2.4015 -1.8443, 14.1718 2.3923 -1.8435, 14.1735 2.3923 -1.8415, 14.1808 2.4032 -1.834, 14.1808 2.3923 -1.8331, 14.1827 2.3923 -1.8293, 14.1871 2.4053 -1.8219, 14.1871 2.3923 -1.8208, 14.1885 2.3923 -1.8151, 14.1906 2.4078 -1.8072, 14.1906 2.3923 -1.8059, 14.1905 2.3923 -1.8, 14.1903 2.4102 -1.7928, 14.1903 2.3923 -1.7913, 14.1885 2.3923 -1.7848, 14.1865 2.4126 -1.7792, 14.1865 2.3923 -1.7775, 14.1827 2.3923 -1.7706, 14.1797 2.4146 -1.7672, 14.1797 2.3923 -1.7653, 14.1734 2.3923 -1.7584, 14.1705 2.4163 -1.7573, 14.1705 2.3923 -1.7553, 14.1613 2.3923 -1.749, 14.1588 2.4176 -1.7495, 14.1588 2.3923 -1.7474, 14.1472 2.3923 -1.7429, 14.1469 2.4184 -1.745, 14.1469 2.3923 -1.7428, 14.1347 2.3923 -1.7412, 14.1347 2.5363 -1.8349, 14.1469 2.5346 -1.8356, 14.1588 2.5305 -1.8375, 14.1705 2.5232 -1.8407, 14.1797 2.5141 -1.8447, 14.1865 2.5029 -1.8496, 14.1903 2.4902 -1.8552, 14.1906 2.4769 -1.8611, 14.1871 2.4633 -1.8671, 14.1808 2.4521 -1.872, 14.1718 2.4425 -1.8762, 14.1596 2.4346 -1.8797, 14.1469 2.4301 -1.8817, 14.1347 2.5165 -1.8016, 14.1469 2.515 -1.8028, 14.1588 2.5114 -1.8056, 14.1705 2.5052 -1.8104, 14.1797 2.4973 -1.8166, 14.1865 2.4877 -1.8241, 14.1903 2.4767 -1.8326, 14.1906 2.4652 -1.8415, 14.1871 2.4535 -1.8507, 14.1808 2.4438 -1.8582, 14.1718 2.4356 -1.8646, 14.1596 2.4288 -1.8699, 14.1469 2.4249 -1.873, 14.1347 2.4891 -1.7742, 14.1469 2.4879 -1.7757, 14.1588 2.4851 -1.7793, 14.1705 2.4802 -1.7855, 14.1797 2.4741 -1.7934, 14.1865 2.4666 -1.803, 14.1903 2.4581 -1.8139, 14.1906 2.4491 -1.8254, 14.1871 2.44 -1.8372, 14.1808 2.4324 -1.8469, 14.1718 2.426 -1.8551, 14.1596 2.4207 -1.8619, 14.1469 2.4177 -1.8658, 14.1347 2.4558 -1.7543, 14.1469 2.455 -1.756, 14.1588 2.4532 -1.7602, 14.1705 2.45 -1.7675, 14.1797 2.446 -1.7766, 14.1865 2.4411 -1.7877, 14.1903 2.4355 -1.8004, 14.1906 2.4296 -1.8138, 14.1871 2.4236 -1.8274, 14.1808 2.4186 -1.8386, 14.1718 2.4144 -1.8482, 14.1596 2.411 -1.856, 14.1469 2.409 -1.8606, 14.0812 2.4607 -2.0165, 14.0847 2.456 -2.0165, 14.0884 2.4512 -2.0165, 14.0901 2.449 -2.0165, 14.0977 2.4432 -2.0165, 14.1024 2.4396 -2.0165, 14.1084 2.4371 -2.0165, 14.1166 2.4337 -2.0165, 14.12 2.4332 -2.0165, 14.1319 2.4317 -2.0165, 14.1378 2.4324 -2.0165, 14.1438 2.4332 -2.0165, 14.1472 2.4337 -2.0165, 14.1554 2.4371 -2.0165, 14.1614 2.4396 -2.0165, 14.1661 2.4432 -2.0165, 14.171 2.447 -2.0165, 14.1736 2.449 -2.0165, 14.1754 2.4512 -2.0165, 14.1826 2.4607 -2.0165, 14.183 2.4612 -2.0165, 14.1871 2.471 -2.0165, 14.1889 2.4754 -2.0165, 14.1897 2.4811 -2.0165, 14.1909 2.4907 -2.0165, 14.1897 2.5003 -2.0165, 14.1889 2.506 -2.0165, 14.1871 2.5104 -2.0165, 14.183 2.5203 -2.0165, 14.1826 2.5208 -2.0165, 14.179 2.5255 -2.0165, 14.1754 2.5302 -2.0165, 14.1736 2.5325 -2.0165, 14.1661 2.5383 -2.0165, 14.1614 2.5419 -2.0165, 14.1554 2.5444 -2.0165, 14.1472 2.5478 -2.0165, 14.1438 2.5482 -2.0165, 14.1319 2.5498 -2.0165, 14.126 2.549 -2.0165, 14.12 2.5482 -2.0165, 14.1166 2.5478 -2.0165, 14.1084 2.5444 -2.0165, 14.1024 2.5419 -2.0165, 14.0977 2.5383 -2.0165, 14.0927 2.5345 -2.0165, 14.0901 2.5325 -2.0165, 14.0884 2.5302 -2.0165, 14.0812 2.5208 -2.0165, 14.0807 2.5203 -2.0165, 14.0767 2.5104 -2.0165, 14.0748 2.506 -2.0165, 14.0741 2.5003 -2.0165, 14.0728 2.4907 -2.0165, 14.0741 2.4811 -2.0165, 14.0748 2.4754 -2.0165, 14.0767 2.471 -2.0165, 14.0807 2.4612 -2.0165, 14.1442 2.1696 -1.7422, 14.1471 2.1695 -1.7432, 14.0797 2.1654 -1.7724, 14.0748 0.6693 -1.7847, 14.081 2.1533 -1.7706, 14.0807 0.6693 -1.7704, 14.0904 2.0707 -1.7584, 14.0901 0.6693 -1.7582, 14.113 1.9722 -1.744, 14.1024 0.6693 -1.7488, 14.1166 1.9657 -1.743, 14.1166 0.6693 -1.7429, 14.1203 1.959 -1.742, 14.1062 1.9912 -1.7468, 14.1026 2.0078 -1.7492, 14.0919 2.0577 -1.7565, 14.1319 1.9512 -1.7409, 14.1319 0.6693 -1.7409, 14.146 1.9631 -1.7426, 14.1471 1.9657 -1.743, 14.1472 0.6693 -1.7429, 14.1559 1.9861 -1.746, 14.1614 0.6693 -1.7488, 14.1611 2.0082 -1.7492, 14.1696 2.0434 -1.7545, 14.1736 0.6693 -1.7582, 14.1731 2.0724 -1.7587, 14.183 0.6693 -1.7704, 14.1828 2.153 -1.7706, 14.1889 0.6693 -1.7847, 14.1838 2.1609 -1.7717, 14.1731 2.1647 -1.7586, 14.1828 2.1612 -1.7706, 14.1575 2.1691 -1.7467, 14.1612 2.1681 -1.7491, 14.1698 2.1658 -1.7547, 14.17 2.1658 -1.7549, 14.1319 2.17 -1.7409, 14.1168 2.1689 -1.744, 14.1085 2.1682 -1.7457, 14.1025 2.1678 -1.7491, 14.0972 2.1673 -1.7521, 14.0904 2.1666 -1.7585, 14.0865 2.1662 -1.7621, 14.0809 2.1655 -1.7705, 14.0728 0.6693 -1.7999, 14.0748 0.6693 -1.8152, 14.0807 0.6693 -1.8295, 14.0901 0.6693 -1.8417, 14.1024 0.6693 -1.8511, 14.1166 0.6693 -1.857, 14.1319 0.6693 -1.859, 14.1472 0.6693 -1.857, 14.1614 0.6693 -1.8511, 14.1736 0.6693 -1.8417, 14.183 0.6693 -1.8295, 14.1889 0.6693 -1.8152, 14.1909 0.6693 -1.7999, 14.1909 0.6693 -1.7999
            ]
        }
        coordIndex [
            0,1,2,-1,3,4,5,-1,6,7,8,-1,7,6,9,-1,9,6,10,-1,9,10,11,-1,11,10,12,-1,12,10,13,-1,12,13,14,-1,14,13,15,-1,15,13,16,-1,15,16,17,-1,17,16,18,-1,18,16,19,-1,18,19,20,-1,20,19,21,-1,21,19,22,-1,21,22,23,-1,23,22,24,-1,24,22,25,-1,24,25,26,-1,26,25,27,-1,27,25,28,-1,27,28,29,-1,29,28,30,-1,30,28,31,-1,30,31,32,-1,32,31,33,-1,33,31,34,-1,33,34,35,-1,35,34,36,-1,36,34,37,-1,36,37,38,-1,38,37,39,-1,39,37,40,-1,39,40,41,-1,41,40,2,-1,41,2,42,-1,42,2,1,-1,42,1,43,-1,44,45,46,-1,46,45,47,-1,46,47,48,-1,48,47,49,-1,48,49,50,-1,5,4,49,-1,49,4,51,-1,49,51,50,-1,3,5,52,-1,52,5,53,-1,52,53,54,-1,54,53,55,-1,54,55,56,-1,56,55,57,-1,57,55,58,-1,57,58,59,-1,59,58,60,-1,60,58,61,-1,60,61,62,-1,62,61,63,-1,63,61,64,-1,63,64,65,-1,65,64,66,-1,66,64,67,-1,66,67,68,-1,68,67,69,-1,68,69,70,-1,70,69,71,-1,71,69,72,-1,71,72,73,-1,73,72,74,-1,74,72,75,-1,74,75,76,-1,77,76,78,-1,78,76,75,-1,78,75,79,-1,44,80,45,-1,45,80,81,-1,45,81,47,-1,47,81,82,-1,47,82,49,-1,49,82,83,-1,49,83,5,-1,5,83,84,-1,5,84,53,-1,53,84,85,-1,53,85,55,-1,55,85,86,-1,55,86,58,-1,58,86,87,-1,58,87,61,-1,61,87,88,-1,61,88,64,-1,64,88,89,-1,64,89,67,-1,67,89,90,-1,67,90,69,-1,69,90,91,-1,69,91,72,-1,72,91,92,-1,72,92,75,-1,75,92,93,-1,75,93,79,-1,79,93,94,-1,80,95,81,-1,81,95,96,-1,81,96,82,-1,82,96,97,-1,82,97,83,-1,83,97,98,-1,83,98,84,-1,84,98,99,-1,84,99,85,-1,85,99,100,-1,85,100,86,-1,86,100,101,-1,86,101,87,-1,87,101,102,-1,87,102,88,-1,88,102,103,-1,88,103,89,-1,89,103,104,-1,89,104,90,-1,90,104,105,-1,90,105,91,-1,91,105,106,-1,91,106,92,-1,92,106,107,-1,92,107,93,-1,93,107,108,-1,93,108,94,-1,94,108,109,-1,95,110,96,-1,96,110,111,-1,96,111,97,-1,97,111,112,-1,97,112,98,-1,98,112,113,-1,98,113,99,-1,99,113,114,-1,99,114,100,-1,100,114,115,-1,100,115,101,-1,101,115,116,-1,101,116,102,-1,102,116,117,-1,102,117,103,-1,103,117,118,-1,103,118,104,-1,104,118,119,-1,104,119,105,-1,105,119,120,-1,105,120,106,-1,106,120,121,-1,106,121,107,-1,107,121,122,-1,107,122,108,-1,108,122,123,-1,108,123,109,-1,109,123,124,-1,110,125,111,-1,111,125,126,-1,111,126,112,-1,112,126,127,-1,112,127,113,-1,113,127,128,-1,113,128,114,-1,114,128,129,-1,114,129,115,-1,115,129,130,-1,115,130,116,-1,116,130,131,-1,116,131,117,-1,117,131,132,-1,117,132,118,-1,118,132,133,-1,118,133,119,-1,119,133,134,-1,119,134,120,-1,120,134,135,-1,120,135,121,-1,121,135,136,-1,121,136,122,-1,122,136,137,-1,122,137,123,-1,123,137,138,-1,123,138,124,-1,124,138,139,-1,125,0,126,-1,126,0,2,-1,126,2,127,-1,127,2,40,-1,127,40,128,-1,128,40,37,-1,128,37,129,-1,129,37,34,-1,129,34,130,-1,130,34,31,-1,130,31,131,-1,131,31,28,-1,131,28,132,-1,132,28,25,-1,132,25,133,-1,133,25,22,-1,133,22,134,-1,134,22,19,-1,134,19,135,-1,135,19,16,-1,135,16,136,-1,136,16,13,-1,136,13,137,-1,137,13,10,-1,137,10,138,-1,138,10,6,-1,138,6,139,-1,139,6,8,-1,124,139,140,-1,77,141,142,-1,142,141,143,-1,142,143,144,-1,144,143,145,-1,144,145,146,-1,146,145,147,-1,147,145,148,-1,147,148,149,-1,149,148,150,-1,150,148,151,-1,150,151,152,-1,152,151,153,-1,153,151,154,-1,153,154,155,-1,155,154,156,-1,156,154,157,-1,156,157,158,-1,158,157,159,-1,159,157,160,-1,159,160,161,-1,161,160,162,-1,162,160,163,-1,162,163,164,-1,164,163,165,-1,165,163,166,-1,165,166,167,-1,167,166,168,-1,167,168,169,-1,169,168,170,-1,170,168,171,-1,170,171,172,-1,172,171,173,-1,173,171,174,-1,173,174,175,-1,176,177,43,-1,177,176,178,-1,178,176,179,-1,178,179,180,-1,180,179,181,-1,181,179,182,-1,181,182,183,-1,183,182,184,-1,184,182,185,-1,184,185,186,-1,186,185,187,-1,187,185,188,-1,187,188,189,-1,189,188,190,-1,190,188,191,-1,190,191,192,-1,192,191,193,-1,193,191,194,-1,193,194,195,-1,195,194,196,-1,196,194,197,-1,196,197,198,-1,198,197,199,-1,199,197,200,-1,199,200,201,-1,201,200,202,-1,202,200,203,-1,202,203,204,-1,204,203,205,-1,205,203,206,-1,205,206,207,-1,207,206,208,-1,208,206,209,-1,208,209,210,-1,210,209,140,-1,210,140,211,-1,211,140,139,-1,211,139,8,-1,44,175,80,-1,80,175,174,-1,80,174,95,-1,77,78,141,-1,141,78,212,-1,141,212,143,-1,143,212,213,-1,143,213,145,-1,145,213,214,-1,145,214,148,-1,148,214,215,-1,148,215,151,-1,151,215,216,-1,151,216,154,-1,154,216,217,-1,154,217,157,-1,157,217,218,-1,157,218,160,-1,160,218,219,-1,160,219,163,-1,163,219,220,-1,163,220,166,-1,166,220,221,-1,166,221,168,-1,168,221,222,-1,168,222,171,-1,171,222,223,-1,171,223,174,-1,174,223,224,-1,174,224,95,-1,95,224,110,-1,78,79,212,-1,212,79,225,-1,212,225,213,-1,213,225,226,-1,213,226,214,-1,214,226,227,-1,214,227,215,-1,215,227,228,-1,215,228,216,-1,216,228,229,-1,216,229,217,-1,217,229,230,-1,217,230,218,-1,218,230,231,-1,218,231,219,-1,219,231,232,-1,219,232,220,-1,220,232,233,-1,220,233,221,-1,221,233,234,-1,221,234,222,-1,222,234,235,-1,222,235,223,-1,223,235,236,-1,223,236,224,-1,224,236,237,-1,224,237,110,-1,110,237,125,-1,79,94,225,-1,225,94,238,-1,225,238,226,-1,226,238,239,-1,226,239,227,-1,227,239,240,-1,227,240,228,-1,228,240,241,-1,228,241,229,-1,229,241,242,-1,229,242,230,-1,230,242,243,-1,230,243,231,-1,231,243,244,-1,231,244,232,-1,232,244,245,-1,232,245,233,-1,233,245,246,-1,233,246,234,-1,234,246,247,-1,234,247,235,-1,235,247,248,-1,235,248,236,-1,236,248,249,-1,236,249,237,-1,237,249,250,-1,237,250,125,-1,125,250,0,-1,94,109,238,-1,238,109,251,-1,238,251,239,-1,239,251,252,-1,239,252,240,-1,240,252,253,-1,240,253,241,-1,241,253,254,-1,241,254,242,-1,242,254,255,-1,242,255,243,-1,243,255,256,-1,243,256,244,-1,244,256,257,-1,244,257,245,-1,245,257,258,-1,245,258,246,-1,246,258,259,-1,246,259,247,-1,247,259,260,-1,247,260,248,-1,248,260,261,-1,248,261,249,-1,249,261,262,-1,249,262,250,-1,250,262,263,-1,250,263,0,-1,0,263,1,-1,109,124,251,-1,251,124,140,-1,251,140,252,-1,252,140,209,-1,252,209,253,-1,253,209,206,-1,253,206,254,-1,254,206,203,-1,254,203,255,-1,255,203,200,-1,255,200,256,-1,256,200,197,-1,256,197,257,-1,257,197,194,-1,257,194,258,-1,258,194,191,-1,258,191,259,-1,259,191,188,-1,259,188,260,-1,260,188,185,-1,260,185,261,-1,261,185,182,-1,261,182,262,-1,262,182,179,-1,262,179,263,-1,263,179,176,-1,263,176,1,-1,1,176,43,-1,52,54,264,-1,264,265,52,-1,52,265,266,-1,52,266,3,-1,3,266,267,-1,3,267,4,-1,4,267,268,-1,4,268,51,-1,51,268,269,-1,51,269,50,-1,50,269,270,-1,50,270,48,-1,270,271,48,-1,48,271,272,-1,48,272,46,-1,46,272,273,-1,46,273,44,-1,44,273,175,-1,273,274,175,-1,175,274,275,-1,175,275,173,-1,275,276,173,-1,173,276,277,-1,173,277,172,-1,172,277,278,-1,172,278,170,-1,278,279,170,-1,170,279,280,-1,170,280,169,-1,280,281,169,-1,169,281,282,-1,169,282,167,-1,167,282,283,-1,167,283,165,-1,165,283,284,-1,165,284,164,-1,164,284,285,-1,164,285,162,-1,162,285,286,-1,162,286,161,-1,161,286,287,-1,161,287,159,-1,159,287,288,-1,159,288,158,-1,158,288,289,-1,158,289,156,-1,156,289,290,-1,156,290,155,-1,155,290,291,-1,155,291,153,-1,291,292,153,-1,153,292,293,-1,153,293,152,-1,293,294,152,-1,152,294,295,-1,152,295,150,-1,150,295,296,-1,150,296,149,-1,149,296,297,-1,149,297,147,-1,147,297,298,-1,147,298,146,-1,146,298,299,-1,146,299,144,-1,299,300,144,-1,144,300,301,-1,144,301,142,-1,142,301,302,-1,142,302,77,-1,77,302,303,-1,77,303,76,-1,76,303,304,-1,76,304,74,-1,304,305,74,-1,74,305,306,-1,74,306,73,-1,73,306,307,-1,73,307,71,-1,307,308,71,-1,71,308,309,-1,71,309,70,-1,309,310,70,-1,70,310,311,-1,70,311,68,-1,68,311,312,-1,68,312,66,-1,66,312,313,-1,66,313,65,-1,65,313,314,-1,65,314,63,-1,63,314,315,-1,63,315,62,-1,62,315,316,-1,62,316,60,-1,60,316,317,-1,60,317,59,-1,59,317,318,-1,59,318,57,-1,57,318,319,-1,57,319,56,-1,56,319,320,-1,56,320,54,-1,54,320,321,-1,54,321,264,-1,322,323,208,-1,324,325,326,-1,326,325,327,-1,326,327,328,-1,328,327,329,-1,330,331,332,-1,332,331,333,-1,332,333,334,-1,330,335,331,-1,331,335,336,-1,331,336,329,-1,329,336,337,-1,329,337,328,-1,334,333,338,-1,338,333,339,-1,338,339,340,-1,340,339,341,-1,341,339,342,-1,341,342,343,-1,343,342,344,-1,343,344,345,-1,345,344,346,-1,346,344,347,-1,346,347,348,-1,348,347,349,-1,348,349,350,-1,350,349,351,-1,350,351,352,-1,202,353,201,-1,201,353,354,-1,208,323,207,-1,207,323,355,-1,207,355,205,-1,205,355,356,-1,205,356,204,-1,204,356,357,-1,204,357,202,-1,202,357,358,-1,202,358,353,-1,322,208,359,-1,359,208,210,-1,359,210,211,-1,211,8,359,-1,359,8,7,-1,359,7,360,-1,360,7,9,-1,360,9,361,-1,361,9,11,-1,361,11,362,-1,362,11,12,-1,362,12,363,-1,363,12,14,-1,363,14,364,-1,364,14,15,-1,364,15,365,-1,365,15,17,-1,365,17,366,-1,17,18,366,-1,366,18,20,-1,366,20,324,-1,324,20,21,-1,324,21,325,-1,325,21,23,-1,325,23,367,-1,367,23,24,-1,367,24,368,-1,24,26,368,-1,368,26,27,-1,368,27,369,-1,27,29,369,-1,369,29,30,-1,369,30,370,-1,30,32,370,-1,370,32,33,-1,370,33,371,-1,33,35,371,-1,371,35,36,-1,371,36,372,-1,36,38,372,-1,372,38,39,-1,372,39,373,-1,373,39,41,-1,41,42,373,-1,373,42,43,-1,373,43,374,-1,374,43,177,-1,177,178,374,-1,374,178,180,-1,374,180,375,-1,180,181,375,-1,375,181,183,-1,375,183,376,-1,183,184,376,-1,376,184,186,-1,376,186,377,-1,186,187,377,-1,377,187,189,-1,377,189,378,-1,189,190,378,-1,378,190,192,-1,378,192,379,-1,192,193,379,-1,379,193,195,-1,379,195,351,-1,351,195,196,-1,351,196,352,-1,352,196,198,-1,352,198,354,-1,354,198,199,-1,354,199,201,-1,
        ]
    }
}
Shape{
    appearance Appearance {
        material  Material 	{
            diffuseColor 0.25098039215686274 0.25098039215686274 0.25098039215686274
            specularColor 0.12549019607843137 0.12549019607843137 0.12549019607843137
            ambientIntensity 0.2
            transparency 0
            shininess 0.5
        }
    }
    geometry IndexedFaceSet {
        ccw TRUE
        solid FALSE
        coord DEF co Coordinate {
            point [
                14.0335 2.3836 -1.859, 14.0335 2.8346 -1.859, 13.5807 2.8346 -1.859, 13.7889 1.9488 -1.859, 13.9414 2.1305 -1.859, 14.1901 0.8366 -1.859, 14.1859 0.8226 -1.859, 14.2697 0.7087 -1.859, 13.6578 1.7852 -1.859, 13.6819 1.8213 -1.859, 13.9895 2.2028 -1.859, 14.0239 2.2973 -1.859, 13.6586 0.7999 -1.859, 13.6483 0.8102 -1.859, 13.5807 0.6693 -1.859, 13.6408 0.8226 -1.859, 13.6367 0.8366 -1.859, 13.7736 1.9488 -1.859, 13.7736 1.9307 -1.859, 13.6949 0.7874 -1.859, 13.685 0.7882 -1.859, 13.6711 0.7924 -1.859, 14.2697 2.8346 -1.859, 14.1909 2.8346 -1.859, 14.1909 0.8465 -1.859, 13.6358 0.8465 -1.859, 13.6358 1.6948 -1.859, 13.6406 1.738 -1.859, 13.7749 0.7986 -1.859, 13.7633 0.7921 -1.859, 14.1319 0.6693 -1.859, 13.7506 0.7883 -1.859, 13.7403 0.7874 -1.859, 14.1319 0.7874 -1.859, 14.086 0.7874 -1.859, 14.0759 0.7883 -1.859, 14.0632 0.792 -1.859, 14.0517 0.7984 -1.859, 13.7848 0.8076 -1.859, 14.0419 0.8072 -1.859, 13.7908 0.8159 -1.859, 14.0358 0.8153 -1.859, 13.9114 1.0157 -1.859, 14.1785 0.8102 -1.859, 14.1682 0.7999 -1.859, 14.2303 0.6693 -1.859, 14.1557 0.7924 -1.859, 14.1418 0.7882 -1.859, 14.1418 0.7882 -1.859
            ]
        }
        coordIndex [
            0,1,2,-1,3,4,2,-1,5,6,7,-1,2,8,9,-1,4,10,2,-1,2,10,11,-1,2,11,0,-1,12,13,14,-1,14,13,15,-1,14,15,16,-1,3,2,17,-1,17,2,9,-1,17,9,18,-1,19,20,14,-1,14,20,21,-1,14,21,12,-1,22,23,7,-1,7,23,24,-1,7,24,5,-1,16,25,14,-1,14,25,26,-1,14,26,2,-1,2,26,27,-1,2,27,8,-1,28,29,30,-1,30,29,31,-1,30,31,14,-1,14,31,32,-1,14,32,19,-1,33,34,30,-1,34,35,30,-1,30,35,36,-1,30,36,28,-1,28,36,37,-1,28,37,38,-1,38,37,39,-1,38,39,40,-1,40,39,41,-1,40,41,42,-1,6,43,7,-1,7,43,44,-1,7,44,45,-1,45,44,46,-1,45,46,30,-1,30,46,47,-1,30,47,33,-1,
        ]
    }
}
Shape{
    appearance Appearance {
        material  Material 	{
            diffuseColor 0.7529411764705882 0.7529411764705882 0.7529411764705882
            specularColor 0.3764705882352941 0.3764705882352941 0.3764705882352941
            ambientIntensity 0.2
            transparency 0
            shininess 0.5
        }
    }
    geometry IndexedFaceSet {
        ccw TRUE
        solid FALSE
        coord DEF co Coordinate {
            point [
                13.9432 1.5429 -1.6807, 13.9429 1.5441 -1.6809, 14.1319 1.9512 -1.7409, 13.6533 2.1587 -1.7714, 13.6549 2.1597 -1.7715, 13.6719 2.1642 -1.7722, 13.6724 1.807 -1.7197, 13.6474 1.8347 -1.7238, 14.1062 1.9912 -1.7468, 13.643 1.8395 -1.7245, 14.146 1.9631 -1.7426, 14.2362 0.8553 -1.5797, 13.9606 0.8553 -1.5797, 13.9606 1.4623 -1.669, 13.9569 1.4995 -1.6744, 13.9567 1.5017 -1.6747, 14.113 1.9722 -1.744, 14.1166 1.9657 -1.743, 13.8946 1.6095 -1.6906, 14.1203 1.959 -1.742, 13.9197 1.5819 -1.6865, 13.9221 1.5793 -1.6861, 14.1471 1.9657 -1.743, 14.1559 1.9861 -1.746, 14.2362 2.0875 -1.7609, 14.1828 2.153 -1.7706, 14.1838 2.1609 -1.7717, 14.1885 2.1585 -1.7714, 13.685 2.1654 -1.7724, 14.0797 2.1654 -1.7724, 14.081 2.1533 -1.7706, 13.6236 1.8734 -1.7294, 13.6236 1.8735 -1.7295, 14.1026 2.0078 -1.7492, 14.0904 2.0707 -1.7584, 13.6063 1.9541 -1.7413, 14.0919 2.0577 -1.7565, 13.6102 1.917 -1.7359, 13.6106 1.9129 -1.7353, 14.1611 2.0082 -1.7492, 14.1696 2.0434 -1.7545, 14.236 2.0931 -1.7618, 14.1731 2.0724 -1.7587, 14.2346 2.1005 -1.7628, 14.2326 2.111 -1.7644, 13.6729 2.1645 -1.7723, 14.219 2.1353 -1.768, 14.2255 2.1267 -1.7667, 14.229 2.1189 -1.7655, 13.6063 2.0875 -1.7609, 13.6079 2.1004 -1.7628, 13.6088 2.1078 -1.7639, 13.6131 2.1188 -1.7655, 13.615 2.1236 -1.7663, 13.6232 2.1352 -1.7679, 14.2016 2.1521 -1.7704, 14.2054 2.149 -1.77, 14.214 2.1418 -1.7689, 13.6256 2.1386 -1.7684, 13.6369 2.1486 -1.7699, 13.6403 2.1517 -1.7704, 14.1575 2.1691 -1.7467, 14.1575 2.1739 -1.714, 14.1612 2.1681 -1.7491, 14.17 2.173 -1.7138, 14.1887 2.1675 -1.713, 14.1828 2.1612 -1.7706, 14.1731 2.1647 -1.7586, 14.17 2.1658 -1.7549, 14.1698 2.1658 -1.7547, 14.2362 2.096 -1.7025, 14.2055 2.1578 -1.7116, 14.2194 2.1442 -1.7096, 14.2295 2.1276 -1.7071, 14.2351 2.1092 -1.7044, 14.1471 2.1695 -1.7432, 14.1442 2.1696 -1.7422, 14.1319 2.17 -1.7409, 14.1168 2.1689 -1.744, 14.1085 2.1682 -1.7457, 13.685 2.1739 -1.714, 14.1025 2.1678 -1.7491, 14.0972 2.1673 -1.7521, 14.0904 2.1666 -1.7585, 14.0809 2.1655 -1.7705, 14.0865 2.1662 -1.7621, 13.6719 2.1728 -1.7138, 13.6533 2.1673 -1.713, 13.6366 2.1575 -1.7115, 13.6229 2.1439 -1.7095, 13.613 2.1275 -1.7071, 13.6063 2.096 -1.7025, 13.6074 2.1091 -1.7044, 13.9197 1.5818 -1.6268, 13.9228 1.5783 -1.6263, 13.9422 1.5456 -1.6214, 13.9431 1.5429 -1.621, 13.956 1.5048 -1.6155, 13.9606 0.8596 -1.5207, 14.2362 0.8596 -1.5207, 13.9606 1.4623 -1.6093, 13.9566 1.4994 -1.6147, 13.6103 1.9148 -1.6759, 13.6237 1.8735 -1.6699, 13.6472 1.8345 -1.6641, 13.6724 1.807 -1.66, 13.8946 1.6095 -1.6309, 13.6241 1.8723 -1.6697, 13.6448 1.8371 -1.6645, 13.6063 1.9541 -1.6816, 13.61 1.9169 -1.6762, 14.2362 0.798 -1.5755, 14.2362 0.8023 -1.5165, 14.2362 0.6693 -1.5755, 14.2362 0.6693 -1.5165, 13.9606 0.798 -1.5755, 13.9606 0.6693 -1.5755, 13.9606 0.6693 -1.5165, 13.9606 0.8023 -1.5165, 13.3957 0.6693 -1.6425, 13.3957 0.6693 -1.5755, 13.5807 0.6693 -1.6425, 13.8878 0.6693 -1.5755, 13.5807 0.6693 -1.859, 13.9272 0.6693 -1.7409, 14.1319 0.6693 -1.7409, 14.1166 0.6693 -1.7429, 14.0901 0.6693 -1.8417, 14.1024 0.6693 -1.8511, 14.1166 0.6693 -1.857, 14.1319 0.6693 -1.859, 14.0807 0.6693 -1.7704, 14.0748 0.6693 -1.7847, 14.0728 0.6693 -1.7999, 14.0748 0.6693 -1.8152, 14.0807 0.6693 -1.8295, 14.1024 0.6693 -1.7488, 14.0901 0.6693 -1.7582, 13.8878 0.6693 -1.5165, 13.9272 0.6693 -1.5755, 14.2303 0.6693 -1.859, 14.2303 0.6693 -2.1464, 14.2697 0.7087 -1.859, 14.2697 0.7087 -2.107, 13.7889 1.9488 -1.859, 13.7736 1.9488 -1.859, 13.7889 1.9488 -1.9377, 13.7736 1.9488 -1.9377, 13.7736 1.9307 -1.859, 13.7736 1.9307 -1.9337, 14.0531 1.3183 -2.0952, 14.1909 1.3183 -2.0952, 14.0531 1.3584 -2.0911, 14.1909 1.3584 -2.0911, 14.0531 1.7912 -2.0009, 14.1909 1.7912 -2.0009, 14.0531 1.8313 -1.9968, 14.1909 1.8313 -1.9968, 14.1909 2.2546 -1.9968, 14.1899 2.246 -1.9968, 14.1897 2.2445 -1.9968, 14.1865 2.2366 -1.9968, 14.186 2.2354 -1.9968, 14.0531 1.9488 -1.9968, 14.1817 2.2293 -1.9968, 13.9463 1.9488 -1.9968, 14.1817 2.2293 -2.0559, 14.1865 2.2366 -2.0559, 14.1909 2.2546 -2.0559, 14.19 2.246 -2.0559, 13.949 0.9552 -2.0952, 14.0358 0.8153 -2.0952, 14.1783 0.8103 -2.0952, 14.0421 0.8073 -2.0952, 14.0435 0.8053 -2.0952, 14.1805 0.8128 -2.0952, 14.1859 0.8226 -2.0952, 14.1866 0.8239 -2.0952, 14.0519 0.7986 -2.0952, 14.0544 0.7965 -2.0952, 14.0634 0.7924 -2.0952, 14.1557 0.7925 -2.0952, 14.1592 0.7939 -2.0952, 14.1681 0.8 -2.0952, 14.1909 0.8465 -2.0952, 14.0531 1.0827 -2.0952, 14.1903 0.8374 -2.0952, 14.1901 0.8366 -2.0952, 14.0681 0.7902 -2.0952, 14.0759 0.7887 -2.0952, 14.0822 0.7875 -2.0952, 14.086 0.7874 -2.0952, 14.1319 0.7874 -2.0952, 14.1417 0.7886 -2.0952, 14.1706 0.8018 -2.0952, 14.1472 0.7893 -2.0952, 14.0812 2.5208 -2.02, 14.0812 2.5208 -2.0165, 14.0884 2.5302 -2.0165, 14.0737 2.4907 -2.0248, 14.0736 2.4907 -2.0236, 14.0743 2.5003 -2.0236, 14.1319 2.5478 -2.0272, 14.1319 2.5471 -2.0307, 14.1262 2.5467 -2.031, 14.1319 2.5491 -2.0199, 14.1319 2.5485 -2.0235, 14.126 2.5488 -2.0236, 14.1319 2.5196 -2.0548, 14.1319 2.5176 -2.055, 14.1211 2.5153 -2.0552, 14.1051 2.4907 -2.055, 14.0978 2.4907 -2.0531, 14.1066 2.4998 -2.0552, 14.0997 2.5022 -2.0531, 14.0977 2.4907 -2.0531, 14.0907 2.4907 -2.0493, 14.0912 2.4975 -2.0494, 14.0894 2.4907 -2.0486, 14.085 2.4985 -2.0443, 14.0967 2.5227 -2.0443, 14.1041 2.5293 -2.0443, 14.1078 2.5242 -2.0494, 14.1014 2.5184 -2.0494, 14.1119 2.5185 -2.0531, 14.1066 2.5137 -2.0531, 14.1154 2.5285 -2.0494, 14.1128 2.5343 -2.0443, 14.1236 2.5311 -2.0494, 14.1223 2.5373 -2.0443, 14.1319 2.5318 -2.0492, 14.1319 2.5366 -2.0459, 14.1319 2.5381 -2.0442, 14.1319 2.5426 -2.0391, 14.1186 2.5053 -2.0559, 14.112 2.5088 -2.0552, 14.1226 2.5081 -2.0559, 14.124 2.5086 -2.0559, 14.1319 2.5282 -2.0516, 14.125 2.5242 -2.0531, 14.1182 2.522 -2.0531, 14.099 2.5364 -2.031, 14.0944 2.5327 -2.031, 14.093 2.5343 -2.0236, 14.0893 2.5294 -2.0273, 14.0902 2.5286 -2.031, 14.0914 2.5275 -2.0346, 14.0929 2.5261 -2.038, 14.1011 2.5334 -2.038, 14.0968 2.53 -2.038, 14.1319 2.5451 -2.0344, 14.1266 2.5431 -2.038, 14.1205 2.5459 -2.031, 14.1213 2.5423 -2.038, 14.1149 2.5444 -2.031, 14.116 2.5409 -2.038, 14.1093 2.5423 -2.031, 14.1108 2.5389 -2.038, 14.104 2.5396 -2.031, 14.1201 2.5479 -2.0236, 14.1142 2.5464 -2.0236, 14.1085 2.5442 -2.0236, 14.1029 2.5414 -2.0236, 14.0977 2.5381 -2.0236, 14.1058 2.5364 -2.038, 14.0728 2.4907 -2.0165, 14.0741 2.5003 -2.0165, 14.0769 2.5104 -2.0236, 14.0748 2.506 -2.0165, 14.0767 2.5104 -2.0165, 14.0807 2.5203 -2.0165, 14.0901 2.5325 -2.0165, 14.0927 2.5345 -2.0165, 14.0883 2.5303 -2.02, 14.0887 2.53 -2.0236, 14.0817 2.5205 -2.0236, 14.0824 2.5201 -2.0273, 14.0777 2.5101 -2.0273, 14.0789 2.5097 -2.031, 14.0764 2.5 -2.031, 14.0823 2.5084 -2.038, 14.0758 2.4907 -2.0309, 14.0845 2.4907 -2.0441, 14.0823 2.4907 -2.042, 14.08 2.4994 -2.038, 14.0795 2.4907 -2.0378, 14.0767 2.4907 -2.0335, 14.0866 2.5176 -2.038, 14.0849 2.5186 -2.0346, 14.0835 2.5194 -2.031, 14.0931 2.5046 -2.0494, 14.0871 2.5067 -2.0443, 14.1319 2.5104 -2.0559, 14.1273 2.5099 -2.0559, 14.1155 2.5016 -2.0559, 14.1025 2.5082 -2.0531, 14.0964 2.5117 -2.0494, 14.091 2.515 -2.0443, 14.1122 2.4907 -2.0559, 14.1071 2.4907 -2.0555, 14.1124 2.4931 -2.0559, 14.1134 2.4973 -2.0559, 14.1134 2.4975 -2.0559, 14.1319 2.5432 -2.038, 14.1319 2.5498 -2.0165, 14.126 2.549 -2.0165, 14.12 2.5482 -2.0165, 14.1166 2.5478 -2.0165, 14.1084 2.5444 -2.0165, 14.1024 2.5419 -2.0165, 14.0977 2.5383 -2.0165, 14.1319 2.5248 -2.0528, 14.1011 2.448 -2.038, 14.0929 2.4553 -2.038, 14.0967 2.4588 -2.0443, 14.1223 2.4442 -2.0443, 14.1319 2.4416 -2.0427, 14.1319 2.4384 -2.0378, 14.0914 2.454 -2.0346, 14.0902 2.4529 -2.031, 14.0866 2.4573 -2.031, 14.0847 2.456 -2.0165, 14.0812 2.4607 -2.0165, 14.0817 2.4609 -2.0236, 14.0912 2.484 -2.0494, 14.0964 2.4697 -2.0494, 14.1014 2.463 -2.0494, 14.1236 2.4503 -2.0494, 14.125 2.4573 -2.0531, 14.1319 2.4566 -2.0531, 14.1319 2.4496 -2.0493, 14.1319 2.4484 -2.0487, 14.1319 2.4433 -2.0442, 14.1211 2.4661 -2.0552, 14.1274 2.4716 -2.0559, 14.1319 2.471 -2.0559, 14.1319 2.4658 -2.0555, 14.1319 2.4639 -2.055, 14.1319 2.4568 -2.0532, 14.085 2.4829 -2.0443, 14.0871 2.4747 -2.0443, 14.0931 2.4768 -2.0494, 14.091 2.4665 -2.0443, 14.1066 2.4677 -2.0531, 14.1025 2.4733 -2.0531, 14.0997 2.4792 -2.0531, 14.1169 2.478 -2.0559, 14.112 2.4727 -2.0552, 14.1143 2.4818 -2.0559, 14.1066 2.4817 -2.0552, 14.1135 2.4841 -2.0559, 14.1127 2.4862 -2.0559, 14.0893 2.452 -2.0273, 14.0887 2.4515 -2.0236, 14.0849 2.4561 -2.0236, 14.0883 2.4511 -2.02, 14.0823 2.473 -2.038, 14.0866 2.4639 -2.038, 14.0835 2.462 -2.031, 14.0895 2.4595 -2.038, 14.079 2.466 -2.0236, 14.0807 2.4612 -2.0165, 14.0769 2.4711 -2.0236, 14.0767 2.471 -2.0165, 14.0748 2.4754 -2.0165, 14.0741 2.4811 -2.0165, 14.0743 2.4812 -2.0236, 14.0789 2.4718 -2.031, 14.0809 2.4669 -2.031, 14.0764 2.4815 -2.031, 14.08 2.4821 -2.038, 14.1084 2.4371 -2.0165, 14.1024 2.4396 -2.0165, 14.0975 2.4429 -2.02, 14.0977 2.4432 -2.0165, 14.0901 2.449 -2.0165, 14.0884 2.4512 -2.0165, 14.1319 2.4317 -2.0165, 14.12 2.4332 -2.0165, 14.1319 2.4321 -2.02, 14.12 2.433 -2.02, 14.1319 2.4325 -2.0236, 14.1201 2.4335 -2.0236, 14.1319 2.4327 -2.0256, 14.1203 2.4344 -2.0273, 14.1319 2.4347 -2.0309, 14.1205 2.4356 -2.031, 14.1319 2.4359 -2.0343, 14.1209 2.4372 -2.0346, 14.1213 2.4392 -2.038, 14.1128 2.4472 -2.0443, 14.1154 2.453 -2.0494, 14.1182 2.4594 -2.0531, 14.0977 2.4433 -2.0236, 14.0983 2.444 -2.0273, 14.099 2.4451 -2.031, 14.0999 2.4464 -2.0346, 14.1188 2.476 -2.0559, 14.1228 2.4732 -2.0559, 14.124 2.4728 -2.0559, 14.1119 2.463 -2.0531, 14.1078 2.4573 -2.0494, 14.1041 2.4522 -2.0443, 14.1108 2.4425 -2.038, 14.11 2.4407 -2.0346, 14.1093 2.4392 -2.031, 14.1088 2.438 -2.0273, 14.1085 2.4372 -2.0236, 14.1083 2.4368 -2.02, 14.1166 2.4337 -2.0165, 14.1826 2.4607 -2.02, 14.1826 2.4607 -2.0165, 14.1754 2.4512 -2.0165, 14.1901 2.4907 -2.0248, 14.1902 2.4907 -2.0236, 14.1895 2.4812 -2.0236, 14.1708 2.4472 -2.0236, 14.166 2.4433 -2.0236, 14.1648 2.4451 -2.031, 14.1587 2.4907 -2.055, 14.166 2.4907 -2.0531, 14.1572 2.4817 -2.0552, 14.1641 2.4792 -2.0531, 14.1661 2.4907 -2.0531, 14.173 2.4907 -2.0493, 14.1726 2.484 -2.0494, 14.1744 2.4907 -2.0486, 14.1788 2.4829 -2.0443, 14.1624 2.463 -2.0494, 14.1671 2.4588 -2.0443, 14.156 2.4573 -2.0494, 14.1597 2.4522 -2.0443, 14.1572 2.4677 -2.0531, 14.1519 2.463 -2.0531, 14.1456 2.4594 -2.0531, 14.1452 2.4762 -2.0559, 14.1518 2.4727 -2.0552, 14.1412 2.4734 -2.0559, 14.1427 2.4661 -2.0552, 14.1397 2.4728 -2.0559, 14.1365 2.4716 -2.0559, 14.1388 2.4573 -2.0531, 14.1402 2.4503 -2.0494, 14.1415 2.4442 -2.0443, 14.1608 2.44 -2.0236, 14.1598 2.4418 -2.031, 14.1694 2.4488 -2.031, 14.167 2.4515 -2.038, 14.1709 2.4553 -2.038, 14.1745 2.452 -2.0273, 14.1736 2.4529 -2.031, 14.1724 2.454 -2.0346, 14.1627 2.448 -2.038, 14.1372 2.4384 -2.038, 14.1375 2.4347 -2.031, 14.151 2.4472 -2.0443, 14.153 2.4425 -2.038, 14.1478 2.4406 -2.038, 14.1545 2.4392 -2.031, 14.1489 2.4371 -2.031, 14.1553 2.4372 -2.0236, 14.1496 2.4351 -2.0236, 14.1378 2.4326 -2.0236, 14.1484 2.453 -2.0494, 14.158 2.445 -2.038, 14.1909 2.4907 -2.0165, 14.1897 2.4811 -2.0165, 14.1869 2.4711 -2.0236, 14.1889 2.4754 -2.0165, 14.1871 2.471 -2.0165, 14.183 2.4612 -2.0165, 14.1736 2.449 -2.0165, 14.171 2.447 -2.0165, 14.1755 2.4511 -2.02, 14.1751 2.4515 -2.0236, 14.1821 2.4609 -2.0236, 14.1814 2.4614 -2.0273, 14.1861 2.4714 -2.0273, 14.1849 2.4718 -2.031, 14.1874 2.4815 -2.031, 14.1815 2.473 -2.038, 14.188 2.4907 -2.0309, 14.1792 2.4907 -2.0441, 14.1815 2.4907 -2.042, 14.1838 2.4821 -2.038, 14.1843 2.4907 -2.0378, 14.1871 2.4907 -2.0335, 14.1772 2.4639 -2.038, 14.1789 2.4629 -2.0346, 14.1803 2.462 -2.031, 14.1707 2.4768 -2.0494, 14.1766 2.4747 -2.0443, 14.1483 2.4799 -2.0559, 14.1613 2.4733 -2.0531, 14.1674 2.4697 -2.0494, 14.1728 2.4665 -2.0443, 14.1516 2.4907 -2.0559, 14.1567 2.4907 -2.0555, 14.1514 2.4883 -2.0559, 14.1504 2.4841 -2.0559, 14.1504 2.484 -2.0559, 14.1425 2.4392 -2.038, 14.1432 2.4356 -2.031, 14.1437 2.4335 -2.0236, 14.1378 2.4324 -2.0165, 14.1438 2.4332 -2.0165, 14.1472 2.4337 -2.0165, 14.1554 2.4371 -2.0165, 14.1614 2.4396 -2.0165, 14.1661 2.4432 -2.0165, 14.1627 2.5334 -2.038, 14.1709 2.5261 -2.038, 14.1671 2.5227 -2.0443, 14.1724 2.5275 -2.0346, 14.1736 2.5286 -2.031, 14.1772 2.5241 -2.031, 14.179 2.5255 -2.0165, 14.1826 2.5208 -2.0165, 14.1821 2.5205 -2.0236, 14.1726 2.4975 -2.0494, 14.1674 2.5117 -2.0494, 14.1624 2.5184 -2.0494, 14.1456 2.522 -2.0531, 14.1427 2.5153 -2.0552, 14.1364 2.5099 -2.0559, 14.1788 2.4985 -2.0443, 14.1766 2.5067 -2.0443, 14.1707 2.5046 -2.0494, 14.1728 2.515 -2.0443, 14.1572 2.5137 -2.0531, 14.1613 2.5082 -2.0531, 14.1641 2.5022 -2.0531, 14.1469 2.5034 -2.0559, 14.1518 2.5088 -2.0552, 14.1495 2.4996 -2.0559, 14.1572 2.4998 -2.0552, 14.1503 2.4973 -2.0559, 14.151 2.4953 -2.0559, 14.1745 2.5294 -2.0273, 14.1751 2.53 -2.0236, 14.1789 2.5254 -2.0236, 14.1755 2.5303 -2.02, 14.1815 2.5084 -2.038, 14.1772 2.5176 -2.038, 14.1803 2.5194 -2.031, 14.1743 2.522 -2.038, 14.1848 2.5155 -2.0236, 14.183 2.5203 -2.0165, 14.1869 2.5104 -2.0236, 14.1871 2.5104 -2.0165, 14.1889 2.506 -2.0165, 14.1897 2.5003 -2.0165, 14.1895 2.5003 -2.0236, 14.1849 2.5097 -2.031, 14.1829 2.5146 -2.031, 14.1874 2.5 -2.031, 14.1838 2.4994 -2.038, 14.1554 2.5444 -2.0165, 14.1614 2.5419 -2.0165, 14.1663 2.5385 -2.02, 14.1661 2.5383 -2.0165, 14.1736 2.5325 -2.0165, 14.1754 2.5302 -2.0165, 14.1438 2.5482 -2.0165, 14.1438 2.5484 -2.02, 14.1437 2.5479 -2.0236, 14.1435 2.5471 -2.0273, 14.1432 2.5459 -2.031, 14.1429 2.5443 -2.0346, 14.1425 2.5423 -2.038, 14.1388 2.5242 -2.0531, 14.1402 2.5311 -2.0494, 14.1415 2.5373 -2.0443, 14.1484 2.5285 -2.0494, 14.151 2.5343 -2.0443, 14.166 2.5381 -2.0236, 14.1655 2.5374 -2.0273, 14.1648 2.5364 -2.031, 14.1638 2.5351 -2.0346, 14.145 2.5054 -2.0559, 14.1409 2.5082 -2.0559, 14.1397 2.5086 -2.0559, 14.1519 2.5185 -2.0531, 14.156 2.5242 -2.0494, 14.1597 2.5293 -2.0443, 14.153 2.5389 -2.038, 14.1538 2.5408 -2.0346, 14.1545 2.5423 -2.031, 14.155 2.5434 -2.0273, 14.1553 2.5442 -2.0236, 14.1555 2.5447 -2.02, 14.1472 2.5478 -2.0165, 14.1472 2.5478 -2.0165
            ]
        }
        coordIndex [
            0,1,2,-1,3,4,5,-1,6,7,8,-1,8,7,9,-1,10,11,2,-1,2,11,12,-1,2,12,13,-1,13,14,2,-1,2,14,15,-1,2,15,0,-1,8,16,6,-1,6,16,17,-1,6,17,18,-1,18,17,19,-1,18,19,20,-1,20,19,2,-1,20,2,21,-1,21,2,1,-1,10,22,11,-1,11,22,23,-1,11,23,24,-1,25,26,27,-1,28,29,30,-1,9,31,8,-1,8,31,32,-1,8,32,33,-1,5,34,35,-1,35,34,36,-1,35,36,37,-1,37,36,33,-1,37,33,38,-1,38,33,32,-1,23,39,24,-1,24,39,40,-1,24,40,41,-1,41,40,42,-1,41,42,43,-1,43,42,44,-1,45,28,5,-1,5,28,30,-1,5,30,34,-1,46,47,42,-1,42,47,48,-1,42,48,44,-1,35,49,5,-1,5,49,50,-1,5,50,51,-1,51,52,5,-1,5,52,53,-1,5,53,54,-1,27,55,25,-1,25,55,56,-1,25,56,42,-1,42,56,57,-1,42,57,46,-1,54,58,5,-1,5,58,59,-1,5,59,3,-1,3,59,60,-1,61,62,63,-1,63,62,64,-1,27,26,65,-1,65,26,66,-1,66,67,65,-1,65,67,68,-1,65,68,64,-1,64,68,69,-1,64,69,63,-1,70,24,41,-1,27,65,55,-1,55,65,71,-1,55,71,56,-1,56,71,57,-1,57,71,72,-1,57,72,46,-1,46,72,47,-1,47,72,73,-1,47,73,48,-1,70,41,74,-1,74,41,43,-1,74,43,73,-1,73,43,44,-1,73,44,48,-1,61,75,62,-1,62,75,76,-1,62,76,77,-1,77,78,62,-1,62,78,79,-1,62,79,80,-1,79,81,80,-1,80,81,82,-1,80,82,83,-1,29,28,84,-1,84,28,80,-1,84,80,85,-1,85,80,83,-1,28,45,80,-1,80,45,86,-1,45,5,86,-1,86,5,4,-1,86,4,87,-1,4,3,87,-1,87,3,60,-1,87,60,88,-1,60,59,88,-1,88,59,58,-1,88,58,89,-1,58,54,89,-1,89,54,53,-1,89,53,90,-1,49,91,50,-1,50,91,92,-1,50,92,51,-1,51,92,90,-1,51,90,52,-1,52,90,53,-1,93,94,70,-1,94,95,70,-1,70,95,96,-1,70,96,97,-1,98,99,100,-1,100,99,70,-1,100,70,101,-1,101,70,97,-1,102,103,70,-1,64,62,70,-1,104,105,70,-1,70,105,106,-1,70,106,93,-1,92,91,86,-1,103,107,70,-1,70,107,108,-1,70,108,104,-1,91,109,70,-1,70,109,110,-1,70,110,102,-1,70,62,91,-1,91,62,80,-1,91,80,86,-1,73,72,71,-1,70,74,64,-1,64,74,73,-1,64,73,65,-1,65,73,71,-1,86,87,92,-1,92,87,88,-1,92,88,90,-1,90,88,89,-1,24,70,11,-1,11,70,99,-1,11,99,111,-1,111,99,112,-1,111,112,113,-1,113,112,114,-1,12,11,115,-1,115,11,111,-1,116,117,115,-1,115,117,118,-1,115,118,12,-1,12,118,98,-1,12,98,13,-1,13,98,100,-1,119,120,121,-1,121,120,122,-1,121,122,123,-1,124,125,126,-1,127,128,123,-1,123,128,129,-1,123,129,130,-1,124,131,132,-1,133,134,123,-1,123,134,135,-1,123,135,127,-1,126,136,124,-1,124,136,137,-1,124,137,131,-1,117,116,138,-1,138,116,139,-1,138,139,122,-1,122,139,124,-1,122,124,123,-1,123,124,132,-1,123,132,133,-1,140,141,142,-1,142,141,143,-1,144,145,146,-1,146,145,147,-1,145,148,147,-1,147,148,149,-1,150,151,152,-1,152,151,153,-1,152,153,154,-1,154,153,155,-1,156,154,157,-1,157,154,155,-1,158,159,157,-1,157,159,160,-1,157,160,156,-1,160,161,156,-1,156,161,162,-1,156,162,163,-1,163,162,164,-1,163,164,165,-1,164,162,166,-1,166,162,167,-1,158,168,159,-1,159,168,169,-1,159,169,160,-1,160,169,167,-1,160,167,161,-1,161,167,162,-1,170,171,172,-1,172,171,173,-1,172,173,174,-1,172,175,170,-1,170,175,176,-1,170,176,177,-1,174,178,172,-1,172,178,179,-1,172,179,180,-1,181,182,183,-1,151,150,184,-1,184,150,185,-1,184,185,186,-1,186,185,170,-1,186,170,187,-1,187,170,177,-1,180,188,172,-1,172,188,189,-1,172,189,190,-1,190,191,172,-1,172,191,192,-1,172,192,193,-1,194,172,183,-1,183,172,193,-1,183,193,181,-1,181,193,195,-1,196,197,198,-1,199,200,201,-1,202,203,204,-1,205,206,207,-1,208,209,210,-1,211,212,213,-1,213,212,214,-1,215,216,217,-1,217,216,218,-1,217,218,219,-1,220,221,222,-1,220,222,223,-1,223,222,224,-1,223,224,225,-1,226,227,228,-1,228,227,229,-1,230,228,231,-1,231,228,229,-1,231,229,232,-1,232,229,233,-1,234,235,236,-1,236,235,210,-1,236,210,237,-1,230,238,228,-1,228,238,239,-1,228,239,226,-1,226,239,240,-1,241,242,243,-1,244,243,245,-1,245,243,242,-1,245,242,246,-1,246,242,247,-1,241,248,242,-1,242,248,249,-1,242,249,247,-1,203,250,204,-1,204,250,251,-1,204,251,252,-1,252,251,253,-1,252,253,254,-1,254,253,255,-1,254,255,256,-1,256,255,257,-1,256,257,258,-1,206,202,207,-1,207,202,204,-1,207,204,259,-1,259,204,252,-1,259,252,260,-1,260,252,254,-1,260,254,261,-1,261,254,256,-1,261,256,262,-1,262,256,258,-1,262,258,263,-1,264,227,221,-1,221,227,226,-1,221,226,222,-1,222,226,240,-1,222,240,224,-1,200,265,201,-1,201,265,266,-1,201,266,267,-1,266,268,267,-1,267,268,269,-1,267,269,196,-1,196,269,270,-1,196,270,197,-1,271,272,273,-1,273,272,274,-1,273,274,275,-1,275,274,276,-1,275,276,277,-1,277,276,278,-1,277,278,279,-1,279,278,280,-1,281,199,279,-1,279,199,201,-1,279,201,277,-1,277,201,267,-1,277,267,275,-1,275,267,196,-1,275,196,273,-1,273,196,198,-1,273,198,271,-1,218,282,219,-1,219,282,283,-1,219,283,284,-1,284,283,285,-1,284,285,286,-1,241,264,248,-1,248,264,221,-1,248,221,249,-1,249,221,220,-1,249,220,247,-1,247,220,287,-1,247,287,246,-1,246,287,288,-1,246,288,245,-1,245,288,289,-1,245,289,244,-1,212,215,214,-1,214,215,217,-1,214,217,290,-1,290,217,219,-1,290,219,291,-1,291,219,284,-1,209,292,210,-1,210,292,293,-1,210,293,237,-1,234,294,235,-1,235,294,213,-1,235,213,295,-1,295,213,214,-1,295,214,296,-1,296,214,290,-1,296,290,297,-1,297,290,291,-1,297,291,280,-1,280,291,284,-1,280,284,279,-1,279,284,286,-1,279,286,281,-1,298,299,300,-1,300,299,211,-1,300,211,301,-1,301,211,213,-1,301,213,302,-1,302,213,294,-1,250,303,251,-1,251,303,233,-1,251,233,253,-1,253,233,229,-1,253,229,255,-1,255,229,227,-1,255,227,257,-1,257,227,264,-1,257,264,258,-1,258,264,241,-1,258,241,263,-1,263,241,243,-1,304,205,305,-1,305,205,207,-1,305,207,306,-1,306,207,259,-1,306,259,307,-1,307,259,260,-1,307,260,308,-1,308,260,261,-1,308,261,309,-1,309,261,262,-1,309,262,310,-1,310,262,263,-1,310,263,272,-1,272,263,243,-1,272,243,274,-1,274,243,244,-1,274,244,276,-1,276,244,289,-1,276,289,278,-1,278,289,288,-1,278,288,280,-1,280,288,287,-1,280,287,297,-1,297,287,220,-1,297,220,296,-1,296,220,223,-1,296,223,295,-1,295,223,225,-1,295,225,235,-1,235,225,224,-1,235,224,210,-1,210,224,240,-1,210,240,208,-1,208,240,239,-1,208,239,311,-1,311,239,238,-1,312,313,314,-1,315,316,317,-1,318,319,320,-1,321,322,323,-1,218,216,324,-1,325,326,314,-1,327,328,329,-1,329,330,327,-1,327,330,331,-1,327,331,315,-1,315,331,332,-1,315,332,316,-1,333,334,335,-1,335,336,333,-1,333,336,337,-1,333,337,328,-1,328,337,338,-1,328,338,329,-1,282,218,339,-1,339,218,324,-1,339,324,340,-1,340,324,341,-1,340,341,342,-1,343,326,344,-1,344,326,325,-1,344,325,345,-1,346,347,348,-1,348,347,349,-1,348,349,350,-1,350,349,351,-1,352,353,354,-1,354,353,355,-1,356,357,358,-1,358,357,320,-1,358,320,354,-1,354,320,319,-1,354,319,352,-1,313,359,314,-1,314,359,342,-1,314,342,325,-1,325,342,341,-1,325,341,345,-1,345,341,324,-1,345,324,215,-1,215,324,216,-1,323,322,360,-1,360,322,361,-1,360,361,362,-1,362,361,363,-1,362,363,364,-1,364,365,366,-1,366,365,265,-1,366,265,200,-1,364,366,362,-1,362,366,367,-1,362,367,360,-1,360,367,368,-1,360,368,323,-1,369,370,356,-1,200,199,366,-1,366,199,369,-1,366,369,367,-1,367,369,356,-1,367,356,368,-1,368,356,358,-1,368,358,323,-1,323,358,354,-1,323,354,321,-1,321,354,355,-1,371,372,373,-1,374,375,355,-1,355,375,376,-1,355,376,321,-1,377,378,379,-1,379,378,380,-1,379,380,381,-1,381,380,382,-1,381,382,383,-1,383,382,384,-1,383,384,385,-1,385,384,386,-1,385,386,387,-1,387,386,388,-1,387,388,317,-1,317,388,389,-1,317,389,315,-1,315,389,390,-1,315,390,327,-1,327,390,391,-1,327,391,328,-1,328,391,392,-1,328,392,333,-1,372,374,373,-1,373,374,355,-1,373,355,393,-1,393,355,353,-1,393,353,394,-1,394,353,352,-1,394,352,395,-1,395,352,319,-1,395,319,396,-1,396,319,318,-1,396,318,312,-1,298,351,299,-1,299,351,349,-1,299,349,211,-1,211,349,212,-1,397,398,333,-1,333,398,399,-1,333,399,334,-1,346,397,347,-1,347,397,333,-1,347,333,400,-1,400,333,392,-1,400,392,401,-1,401,392,391,-1,401,391,402,-1,402,391,390,-1,402,390,403,-1,403,390,389,-1,403,389,404,-1,404,389,388,-1,404,388,405,-1,405,388,386,-1,405,386,406,-1,406,386,384,-1,406,384,407,-1,407,384,382,-1,407,382,408,-1,408,382,380,-1,408,380,409,-1,409,380,378,-1,199,281,369,-1,369,281,286,-1,369,286,370,-1,370,286,285,-1,370,285,283,-1,312,318,313,-1,313,318,320,-1,313,320,359,-1,359,320,357,-1,359,357,342,-1,342,357,356,-1,342,356,340,-1,340,356,370,-1,340,370,339,-1,339,370,283,-1,339,283,282,-1,409,371,408,-1,408,371,373,-1,408,373,407,-1,407,373,393,-1,407,393,406,-1,406,393,394,-1,406,394,405,-1,405,394,395,-1,405,395,404,-1,404,395,396,-1,404,396,403,-1,403,396,312,-1,403,312,402,-1,402,312,314,-1,402,314,401,-1,401,314,326,-1,401,326,400,-1,400,326,343,-1,400,343,347,-1,347,343,344,-1,347,344,349,-1,349,344,345,-1,349,345,212,-1,212,345,215,-1,410,411,412,-1,413,414,415,-1,416,417,418,-1,419,420,421,-1,421,420,422,-1,423,424,425,-1,425,424,426,-1,425,426,427,-1,428,429,430,-1,430,429,431,-1,432,428,433,-1,433,428,430,-1,433,430,434,-1,435,436,437,-1,437,436,438,-1,437,438,439,-1,439,438,440,-1,329,441,330,-1,330,441,442,-1,330,442,331,-1,331,442,443,-1,417,444,445,-1,446,447,448,-1,449,416,450,-1,450,416,446,-1,450,446,451,-1,451,446,448,-1,416,418,446,-1,446,418,452,-1,446,452,447,-1,453,454,387,-1,455,456,457,-1,457,456,458,-1,457,458,459,-1,459,458,460,-1,459,460,461,-1,379,381,462,-1,462,381,383,-1,462,383,454,-1,454,383,385,-1,454,385,387,-1,434,430,463,-1,463,430,431,-1,463,431,455,-1,455,431,464,-1,455,464,456,-1,456,464,445,-1,456,445,458,-1,458,445,444,-1,458,444,460,-1,414,465,415,-1,415,465,466,-1,415,466,467,-1,466,468,467,-1,467,468,469,-1,467,469,410,-1,410,469,470,-1,410,470,411,-1,471,472,473,-1,473,472,474,-1,473,474,475,-1,475,474,476,-1,475,476,477,-1,477,476,478,-1,477,478,479,-1,479,478,480,-1,481,413,479,-1,479,413,415,-1,479,415,477,-1,477,415,467,-1,477,467,475,-1,475,467,410,-1,475,410,473,-1,473,410,412,-1,473,412,471,-1,426,482,427,-1,427,482,483,-1,427,483,484,-1,484,483,485,-1,484,485,486,-1,417,445,418,-1,418,445,464,-1,418,464,452,-1,452,464,431,-1,452,431,447,-1,447,431,429,-1,447,429,448,-1,448,429,487,-1,448,487,451,-1,451,487,488,-1,451,488,450,-1,450,488,489,-1,450,489,449,-1,420,423,422,-1,422,423,425,-1,422,425,490,-1,490,425,427,-1,490,427,491,-1,491,427,484,-1,335,440,336,-1,336,440,438,-1,336,438,337,-1,337,438,441,-1,337,441,338,-1,338,441,329,-1,435,492,436,-1,436,492,421,-1,436,421,493,-1,493,421,422,-1,493,422,494,-1,494,422,490,-1,494,490,495,-1,495,490,491,-1,495,491,480,-1,480,491,484,-1,480,484,479,-1,479,484,486,-1,479,486,481,-1,496,497,498,-1,498,497,419,-1,498,419,499,-1,499,419,421,-1,499,421,500,-1,500,421,492,-1,443,501,453,-1,453,501,502,-1,453,502,454,-1,454,502,503,-1,454,503,462,-1,387,317,453,-1,453,317,316,-1,453,316,443,-1,443,316,332,-1,443,332,331,-1,377,379,504,-1,504,379,462,-1,504,462,505,-1,505,462,503,-1,505,503,506,-1,506,503,461,-1,506,461,507,-1,507,461,460,-1,507,460,508,-1,508,460,444,-1,508,444,509,-1,509,444,417,-1,509,417,472,-1,472,417,416,-1,472,416,474,-1,474,416,449,-1,474,449,476,-1,476,449,489,-1,476,489,478,-1,478,489,488,-1,478,488,480,-1,480,488,487,-1,480,487,495,-1,495,487,429,-1,495,429,494,-1,494,429,428,-1,494,428,493,-1,493,428,432,-1,493,432,436,-1,436,432,433,-1,436,433,438,-1,438,433,434,-1,438,434,441,-1,441,434,463,-1,441,463,442,-1,442,463,455,-1,442,455,443,-1,443,455,457,-1,443,457,501,-1,501,457,459,-1,501,459,502,-1,502,459,461,-1,502,461,503,-1,510,511,512,-1,513,514,515,-1,516,517,518,-1,426,424,519,-1,520,521,512,-1,522,523,209,-1,209,523,524,-1,209,524,292,-1,482,426,525,-1,525,426,519,-1,525,519,526,-1,526,519,527,-1,526,527,528,-1,529,521,530,-1,530,521,520,-1,530,520,531,-1,532,533,534,-1,534,533,535,-1,534,535,536,-1,536,535,537,-1,538,539,540,-1,540,539,541,-1,542,543,544,-1,544,543,515,-1,544,515,540,-1,540,515,514,-1,540,514,538,-1,511,545,512,-1,512,545,528,-1,512,528,520,-1,520,528,527,-1,520,527,531,-1,531,527,519,-1,531,519,423,-1,423,519,424,-1,518,517,546,-1,546,517,547,-1,546,547,548,-1,548,547,549,-1,548,549,550,-1,550,551,552,-1,552,551,465,-1,552,465,414,-1,550,552,548,-1,548,552,553,-1,548,553,546,-1,546,553,554,-1,546,554,518,-1,555,556,542,-1,414,413,552,-1,552,413,555,-1,552,555,553,-1,553,555,542,-1,553,542,554,-1,554,542,544,-1,554,544,518,-1,518,544,540,-1,518,540,516,-1,516,540,541,-1,557,558,559,-1,560,561,541,-1,541,561,562,-1,541,562,516,-1,304,563,205,-1,205,563,564,-1,205,564,206,-1,206,564,565,-1,206,565,202,-1,202,565,566,-1,202,566,203,-1,203,566,567,-1,203,567,250,-1,250,567,568,-1,250,568,303,-1,303,568,569,-1,303,569,233,-1,208,311,570,-1,570,311,238,-1,570,238,571,-1,571,238,230,-1,571,230,572,-1,572,230,231,-1,572,231,232,-1,209,208,522,-1,522,208,570,-1,522,570,573,-1,573,570,571,-1,573,571,574,-1,574,571,572,-1,574,572,569,-1,569,572,232,-1,569,232,233,-1,558,560,559,-1,559,560,541,-1,559,541,575,-1,575,541,539,-1,575,539,576,-1,576,539,538,-1,576,538,577,-1,577,538,514,-1,577,514,578,-1,578,514,513,-1,578,513,510,-1,496,537,497,-1,497,537,535,-1,497,535,419,-1,419,535,420,-1,579,580,523,-1,523,580,581,-1,523,581,524,-1,532,579,533,-1,533,579,523,-1,533,523,582,-1,582,523,522,-1,582,522,583,-1,583,522,573,-1,583,573,584,-1,584,573,574,-1,584,574,585,-1,585,574,569,-1,585,569,586,-1,586,569,568,-1,586,568,587,-1,587,568,567,-1,587,567,588,-1,588,567,566,-1,588,566,589,-1,589,566,565,-1,589,565,590,-1,590,565,564,-1,590,564,591,-1,591,564,563,-1,413,481,555,-1,555,481,486,-1,555,486,556,-1,556,486,485,-1,556,485,483,-1,510,513,511,-1,511,513,515,-1,511,515,545,-1,545,515,543,-1,545,543,528,-1,528,543,542,-1,528,542,526,-1,526,542,556,-1,526,556,525,-1,525,556,483,-1,525,483,482,-1,591,557,590,-1,590,557,559,-1,590,559,589,-1,589,559,575,-1,589,575,588,-1,588,575,576,-1,588,576,587,-1,587,576,577,-1,587,577,586,-1,586,577,578,-1,586,578,585,-1,585,578,510,-1,585,510,584,-1,584,510,512,-1,584,512,583,-1,583,512,521,-1,583,521,582,-1,582,521,529,-1,582,529,533,-1,533,529,530,-1,533,530,535,-1,535,530,531,-1,535,531,420,-1,420,531,423,-1,
        ]
    }
}
Shape{
    appearance Appearance {
        material  Material 	{
            diffuseColor 0.25098039215686274 0.25098039215686274 0.25098039215686274
            specularColor 0.12549019607843137 0.12549019607843137 0.12549019607843137
            ambientIntensity 0.2
            transparency 0
            shininess 0.5
        }
    }
    geometry IndexedFaceSet {
        ccw TRUE
        solid FALSE
        coord DEF co Coordinate {
            point [
                14.1452 2.4762 -2.0559, 14.1412 2.4734 -2.0559, 14.1909 2.2546 -2.0559, 14.1504 2.4841 -2.0559, 14.1504 2.484 -2.0559, 14.1483 2.4799 -2.0559, 14.1134 2.4975 -2.0559, 14.1155 2.5016 -2.0559, 14.0335 2.8346 -2.0559, 14.1186 2.5053 -2.0559, 14.1226 2.5081 -2.0559, 14.1503 2.4973 -2.0559, 14.151 2.4953 -2.0559, 14.1909 2.8346 -2.0559, 14.1516 2.4907 -2.0559, 14.1514 2.4883 -2.0559, 14.1364 2.5099 -2.0559, 14.1397 2.5086 -2.0559, 14.1409 2.5082 -2.0559, 14.145 2.5054 -2.0559, 14.1817 2.2293 -2.0559, 14.1319 2.471 -2.0559, 13.8657 1.8527 -2.0559, 14.1274 2.4716 -2.0559, 14.124 2.4728 -2.0559, 14.124 2.5086 -2.0559, 14.1273 2.5099 -2.0559, 14.1319 2.5104 -2.0559, 14.1469 2.5034 -2.0559, 14.1495 2.4996 -2.0559, 14.1397 2.4728 -2.0559, 14.1365 2.4716 -2.0559, 14.19 2.246 -2.0559, 14.1865 2.2366 -2.0559, 13.9576 2.1513 -2.0559, 13.9414 2.1305 -2.0559, 14.1169 2.478 -2.0559, 14.1143 2.4818 -2.0559, 14.0335 2.3836 -2.0559, 14.1135 2.4841 -2.0559, 14.1127 2.4862 -2.0559, 13.8238 1.792 -2.0559, 13.6819 1.8213 -2.0559, 13.6615 1.792 -2.0559, 14.0286 2.3214 -2.0559, 14.1228 2.4732 -2.0559, 14.1188 2.476 -2.0559, 14.0228 2.2975 -2.0559, 14.014 2.2614 -2.0559, 13.9901 2.2041 -2.0559, 13.9894 2.2029 -2.0559, 14.1122 2.4907 -2.0559, 14.1124 2.4931 -2.0559, 14.1134 2.4973 -2.0559, 14.0335 2.3836 -1.859, 14.0239 2.2973 -1.859, 13.9895 2.2028 -1.859, 13.9414 2.1305 -1.859, 13.7736 1.9307 -1.859, 13.6819 1.8213 -1.859, 13.7736 1.9307 -1.9337, 13.7889 1.9488 -1.9377, 13.7889 1.9488 -1.859, 13.6578 1.7852 -1.859, 13.6583 1.7849 -2.0552, 13.6421 1.7442 -2.05, 13.6462 1.7579 -2.0529, 13.6507 1.768 -2.0538, 13.6412 1.7379 -2.0484, 13.6406 1.738 -1.859, 13.6359 1.7009 -2.0391, 13.6358 1.6948 -1.859, 13.6358 1.6948 -2.0376, 13.6358 1.24 -1.9239, 13.6358 0.8465 -1.859, 13.6358 0.8465 -1.9771, 13.6358 0.9173 -1.9771, 13.6358 0.9173 -1.9181, 13.6358 1.1923 -1.9181, 13.6358 1.2164 -1.9195, 13.6949 0.7874 -1.859, 13.6949 0.7874 -1.9771, 13.685 0.7882 -1.859, 13.6858 0.788 -1.9771, 13.6367 0.8366 -1.859, 13.637 0.8366 -1.9771, 13.685 0.7883 -1.9771, 13.6723 0.7917 -1.9771, 13.6711 0.7924 -1.859, 13.6711 0.7924 -1.9771, 13.6612 0.7978 -1.9771, 13.6586 0.7999 -1.859, 13.6588 0.8001 -1.9771, 13.6502 0.8078 -1.9771, 13.6483 0.8102 -1.859, 13.6485 0.8103 -1.9771, 13.6423 0.8191 -1.9771, 13.6408 0.8226 -1.859, 13.6409 0.8227 -1.9771, 13.6377 0.8311 -1.9771, 13.7403 0.7874 -1.859, 13.7403 0.7874 -1.9771, 13.7506 0.7883 -1.859, 13.7505 0.7885 -1.9771, 13.7908 0.8159 -1.859, 13.7908 0.8159 -1.9771, 13.7884 0.8121 -1.9771, 13.7848 0.8076 -1.859, 13.7749 0.7986 -1.859, 13.766 0.7933 -1.9771, 13.7633 0.7921 -1.859, 13.7632 0.7923 -1.9771, 13.7528 0.7887 -1.9771, 13.7845 0.8079 -1.9771, 13.7787 0.8016 -1.9771, 13.7747 0.799 -1.9771, 13.9114 1.0157 -1.859, 13.9114 1.0157 -1.9771, 13.9114 1.0157 -1.9771
            ]
        }
        coordIndex [
            0,1,2,-1,3,4,2,-1,2,4,5,-1,2,5,0,-1,6,7,8,-1,8,7,9,-1,8,9,10,-1,11,12,13,-1,13,12,14,-1,13,14,2,-1,2,14,15,-1,2,15,3,-1,16,17,13,-1,13,17,18,-1,13,18,19,-1,20,21,22,-1,22,21,23,-1,22,23,24,-1,10,25,8,-1,8,25,26,-1,8,26,13,-1,13,26,27,-1,13,27,16,-1,19,28,13,-1,13,28,29,-1,13,29,11,-1,1,30,2,-1,2,30,31,-1,2,31,32,-1,32,31,21,-1,32,21,33,-1,33,21,20,-1,22,34,35,-1,36,37,38,-1,38,37,39,-1,38,39,40,-1,22,35,41,-1,41,35,42,-1,41,42,43,-1,44,45,38,-1,38,45,46,-1,38,46,36,-1,44,47,45,-1,45,47,48,-1,45,48,24,-1,24,48,49,-1,24,49,22,-1,22,49,50,-1,22,50,34,-1,40,51,38,-1,38,51,52,-1,38,52,8,-1,8,52,53,-1,8,53,6,-1,38,54,44,-1,44,54,55,-1,50,56,34,-1,34,56,57,-1,34,57,35,-1,50,49,56,-1,56,49,48,-1,56,48,55,-1,55,48,47,-1,55,47,44,-1,58,59,60,-1,60,59,42,-1,60,42,61,-1,61,42,35,-1,61,35,62,-1,62,35,57,-1,42,59,43,-1,43,59,63,-1,43,63,64,-1,65,66,63,-1,63,66,67,-1,63,67,64,-1,65,63,68,-1,68,63,69,-1,68,69,70,-1,70,69,71,-1,70,71,72,-1,73,72,71,-1,74,75,76,-1,76,77,74,-1,74,77,78,-1,74,78,71,-1,71,78,79,-1,71,79,73,-1,80,81,82,-1,82,81,83,-1,84,85,74,-1,74,85,75,-1,83,86,82,-1,82,86,87,-1,82,87,88,-1,87,89,88,-1,88,89,90,-1,88,90,91,-1,90,92,91,-1,91,92,93,-1,91,93,94,-1,93,95,94,-1,94,95,96,-1,94,96,97,-1,97,96,98,-1,97,98,84,-1,84,98,99,-1,84,99,85,-1,100,101,80,-1,80,101,81,-1,102,103,100,-1,100,103,101,-1,104,105,106,-1,104,106,107,-1,108,109,110,-1,110,109,111,-1,110,111,102,-1,102,111,112,-1,102,112,103,-1,106,113,107,-1,107,113,114,-1,107,114,108,-1,108,114,115,-1,108,115,109,-1,116,117,104,-1,104,117,105,-1,
        ]
    }
}
Shape{
    appearance Appearance {
        material  Material 	{
            diffuseColor 0.7529411764705882 0.7529411764705882 0.7529411764705882
            specularColor 0.3764705882352941 0.3764705882352941 0.3764705882352941
            ambientIntensity 0.2
            transparency 0
            shininess 0.5
        }
    }
    geometry IndexedFaceSet {
        ccw TRUE
        solid FALSE
        coord DEF co Coordinate {
            point [
                14.0358 0.8153 -2.0952, 13.949 0.9552 -2.0952, 14.0358 0.8153 -1.859, 13.949 0.9552 -2.0362, 13.9114 1.0157 -2.0362, 13.9114 1.0157 -1.9771, 13.9114 1.0157 -1.859, 14.0419 0.8072 -1.859, 14.0421 0.8073 -2.0952, 14.086 0.7874 -1.859, 14.086 0.7874 -2.0952, 14.0822 0.7875 -2.0952, 14.0759 0.7883 -1.859, 14.0759 0.7887 -2.0952, 14.0681 0.7902 -2.0952, 14.0632 0.792 -1.859, 14.0634 0.7924 -2.0952, 14.0544 0.7965 -2.0952, 14.0517 0.7984 -1.859, 14.0519 0.7986 -2.0952, 14.0435 0.8053 -2.0952, 14.1319 0.7874 -2.0952, 14.1319 0.7874 -1.859, 14.1418 0.7882 -1.859, 14.1417 0.7886 -2.0952, 14.1909 0.8465 -1.859, 14.1909 0.8465 -2.0952, 14.1901 0.8366 -1.859, 14.1903 0.8374 -2.0952, 14.1901 0.8366 -2.0952, 14.1866 0.8239 -2.0952, 14.1859 0.8226 -1.859, 14.1859 0.8226 -2.0952, 14.1805 0.8128 -2.0952, 14.1785 0.8102 -1.859, 14.1783 0.8103 -2.0952, 14.1706 0.8018 -2.0952, 14.1682 0.7999 -1.859, 14.1681 0.8 -2.0952, 14.1592 0.7939 -2.0952, 14.1557 0.7924 -1.859, 14.1557 0.7925 -2.0952, 14.1472 0.7893 -2.0952, 14.1472 0.7893 -2.0952
            ]
        }
        coordIndex [
            0,1,2,-1,2,1,3,-1,3,4,2,-1,2,4,5,-1,2,5,6,-1,7,8,2,-1,2,8,0,-1,9,10,11,-1,9,11,12,-1,11,13,12,-1,12,13,14,-1,12,14,15,-1,14,16,15,-1,15,16,17,-1,15,17,18,-1,18,17,19,-1,18,19,7,-1,7,19,20,-1,7,20,8,-1,10,9,21,-1,21,9,22,-1,23,24,22,-1,22,24,21,-1,25,26,27,-1,27,26,28,-1,28,29,27,-1,27,29,30,-1,27,30,31,-1,30,32,31,-1,31,32,33,-1,31,33,34,-1,33,35,34,-1,34,35,36,-1,34,36,37,-1,36,38,37,-1,37,38,39,-1,37,39,40,-1,40,39,41,-1,40,41,23,-1,23,41,42,-1,23,42,24,-1,
        ]
    }
}
Shape{
    appearance Appearance {
        material  Material 	{
            diffuseColor 0.25098039215686274 0.25098039215686274 0.25098039215686274
            specularColor 0.12549019607843137 0.12549019607843137 0.12549019607843137
            ambientIntensity 0.2
            transparency 0
            shininess 0.5
        }
    }
    geometry IndexedFaceSet {
        ccw TRUE
        solid FALSE
        coord DEF co Coordinate {
            point [
                14.0335 2.3836 -1.859, 14.0335 2.3836 -2.0559, 14.0335 2.8346 -1.859, 14.0335 2.8346 -2.0559, 14.2697 2.8346 -1.6425, 14.2303 2.8346 -1.6031, 13.5807 2.8346 -1.6031, 13.5807 2.8346 -1.859, 14.2697 2.8346 -1.859, 14.1909 2.8346 -1.859, 14.1909 2.8346 -2.0559, 14.1909 2.8346 -2.0559
            ]
        }
        coordIndex [
            0,1,2,-1,2,1,3,-1,4,5,2,-1,2,5,6,-1,2,6,7,-1,8,4,9,-1,9,4,2,-1,9,2,10,-1,10,2,3,-1,
        ]
    }
}
Shape{
    appearance Appearance {
        material  Material 	{
            diffuseColor 0.7529411764705882 0.7529411764705882 0.7529411764705882
            specularColor 0.3764705882352941 0.3764705882352941 0.3764705882352941
            ambientIntensity 0.2
            transparency 0
            shininess 0.5
        }
    }
    geometry IndexedFaceSet {
        ccw TRUE
        solid FALSE
        coord DEF co Coordinate {
            point [
                14.2697 0.7087 -1.859, 14.2697 0.7087 -2.107, 14.2697 2.8346 -1.859, 14.2697 3.1102 -2.107, 14.2697 2.8346 -1.6425, 14.2697 3.1102 -1.6425, 14.2697 3.1102 -1.6425
            ]
        }
        coordIndex [
            0,1,2,-1,2,1,3,-1,2,3,4,-1,4,3,5,-1,
        ]
    }
}
Shape{
    appearance Appearance {
        material  Material 	{
            diffuseColor 0.25098039215686274 0.25098039215686274 0.25098039215686274
            specularColor 0.12549019607843137 0.12549019607843137 0.12549019607843137
            ambientIntensity 0.2
            transparency 0
            shininess 0.5
        }
    }
    geometry IndexedFaceSet {
        ccw TRUE
        solid FALSE
        coord DEF co Coordinate {
            point [
                13.5807 0.6693 -1.6425, 13.5807 0.6693 -1.859, 13.5807 0.7087 -1.6031, 13.5807 2.8346 -1.859, 13.5807 2.8346 -1.6031, 13.5807 2.8346 -1.6031
            ]
        }
        coordIndex [
            0,1,2,-1,2,1,3,-1,2,3,4,-1,
        ]
    }
}
Shape{
    appearance Appearance {
        material  Material 	{
            diffuseColor 0.7529411764705882 0.7529411764705882 0.7529411764705882
            specularColor 0.3764705882352941 0.3764705882352941 0.3764705882352941
            ambientIntensity 0.2
            transparency 0
            shininess 0.5
        }
    }
    geometry IndexedFaceSet {
        ccw TRUE
        solid FALSE
        coord DEF co Coordinate {
            point [
                14.1472 0.6693 -1.7429, 14.1319 0.6693 -1.7409, 14.2815 0.6693 -1.7409, 14.2815 0.6693 -2.1464, 14.2303 0.6693 -2.1464, 14.2303 0.6693 -1.859, 14.1889 0.6693 -1.7847, 14.183 0.6693 -1.7704, 14.1319 0.6693 -1.859, 14.1472 0.6693 -1.857, 14.1614 0.6693 -1.8511, 14.1736 0.6693 -1.8417, 14.1736 0.6693 -1.7582, 14.1614 0.6693 -1.7488, 14.183 0.6693 -1.8295, 14.1889 0.6693 -1.8152, 14.1909 0.6693 -1.7999, 13.9197 1.5819 -1.6865, 13.9221 1.5793 -1.6861, 13.9228 1.5783 -1.6263, 13.9429 1.5441 -1.6809, 13.9422 1.5456 -1.6214, 13.9432 1.5429 -1.6807, 13.9431 1.5429 -1.621, 13.9567 1.5017 -1.6747, 13.956 1.5048 -1.6155, 13.9569 1.4995 -1.6744, 13.9566 1.4994 -1.6147, 13.9606 1.4623 -1.669, 13.9606 1.4623 -1.6093, 13.9197 1.5818 -1.6268, 13.8946 1.6095 -1.6309, 13.8946 1.6095 -1.6906, 13.6724 1.807 -1.66, 13.6724 1.807 -1.7197, 13.6472 1.8345 -1.6641, 13.6474 1.8347 -1.7238, 13.643 1.8395 -1.7245, 13.6448 1.8371 -1.6645, 13.6236 1.8734 -1.7294, 13.6241 1.8723 -1.6697, 13.6236 1.8735 -1.7295, 13.6237 1.8735 -1.6699, 13.6103 1.9148 -1.6759, 13.6106 1.9129 -1.7353, 13.61 1.9169 -1.6762, 13.6102 1.917 -1.7359, 13.6063 1.9541 -1.6816, 13.6063 1.9541 -1.7413, 13.6063 2.096 -1.7025, 13.6063 2.0875 -1.7609, 14.2087 0.4537 -1.776, 14.2065 0.4472 -1.7803, 14.2065 0.4472 -1.5755, 14.2894 0.6926 -2.1464, 14.2345 0.5301 -1.741, 14.2347 0.5306 -1.7409, 14.2815 0.6693 -1.5755, 14.2894 0.6926 -1.5755, 14.2307 0.5188 -1.7423, 14.2291 0.514 -1.7429, 14.2264 0.5062 -1.7458, 14.2242 0.4995 -1.7484, 14.2239 0.4987 -1.7487, 14.2209 0.4899 -1.752, 14.2192 0.4849 -1.7553, 14.2166 0.4773 -1.7603, 14.2145 0.4709 -1.7646, 14.213 0.4664 -1.7675, 14.2102 0.4582 -1.773, 14.2303 3.1102 -2.1464, 13.8681 3.2283 -2.1464, 13.8681 3.1102 -2.1464, 13.0217 3.1102 -2.1464, 13.0217 1.6929 -2.1464, 13.5335 1.6929 -2.1464, 13.1083 0.6693 -2.1464, 13.1083 0.1772 -2.1464, 13.3957 0.1772 -2.1464, 14.2894 4.8425 -2.1464, 13.5532 4.8425 -2.1464, 13.5532 4.4094 -2.1464, 13.5335 3.1102 -2.1464, 13.002 4.4094 -2.1464, 12.9232 3.1102 -2.1464, 12.9252 1.2795 -2.1464, 12.9232 1.2852 -2.1464, 12.872 1.378 -2.1464, 12.872 4.8425 -2.1464, 13.002 4.8425 -2.1464, 13.5532 3.2283 -2.1464, 13.5532 3.1102 -2.1464, 13.3563 1.2795 -2.1464, 13.3957 1.4764 -2.1464, 13.3563 1.4764 -2.1464, 14.0386 0.5449 -1.7409, 13.9272 0.6693 -1.7409, 14.0232 0.5187 -1.7409, 14.0197 0.5092 -1.7409, 14.2187 0.5525 -1.7409, 14.1979 0.5704 -1.7409, 14.0602 0.5663 -1.7409, 14.0865 0.5815 -1.7409, 14.105 0.5874 -1.7409, 14.1319 0.5905 -1.7409, 14.1468 0.5896 -1.7409, 14.1735 0.583 -1.7409, 14.1735 0.583 -1.7409
            ]
        }
        coordIndex [
            0,1,2,-1,3,4,2,-1,2,4,5,-1,6,7,2,-1,8,9,5,-1,5,9,10,-1,5,10,11,-1,7,12,2,-1,2,12,13,-1,2,13,0,-1,11,14,5,-1,5,14,15,-1,5,15,2,-1,2,15,16,-1,2,16,6,-1,17,18,19,-1,19,18,20,-1,19,20,21,-1,21,20,22,-1,21,22,23,-1,23,22,24,-1,23,24,25,-1,25,24,26,-1,25,26,27,-1,27,26,28,-1,27,28,29,-1,19,30,17,-1,17,30,31,-1,17,31,32,-1,33,34,31,-1,31,34,32,-1,33,35,34,-1,34,35,36,-1,36,35,37,-1,37,35,38,-1,37,38,39,-1,39,38,40,-1,39,40,41,-1,40,42,41,-1,41,42,43,-1,41,43,44,-1,44,43,45,-1,44,45,46,-1,46,45,47,-1,46,47,48,-1,49,50,47,-1,47,50,48,-1,51,52,53,-1,54,3,2,-1,55,53,56,-1,56,53,57,-1,56,57,2,-1,2,57,58,-1,2,58,54,-1,55,59,53,-1,53,59,60,-1,53,60,61,-1,61,62,53,-1,53,62,63,-1,53,63,64,-1,64,65,53,-1,53,65,66,-1,53,66,67,-1,67,68,53,-1,53,68,69,-1,53,69,51,-1,70,4,3,-1,71,72,70,-1,73,74,75,-1,76,77,78,-1,79,80,81,-1,75,82,73,-1,73,82,83,-1,73,83,84,-1,85,86,87,-1,87,86,84,-1,87,84,88,-1,88,84,83,-1,88,83,89,-1,3,54,70,-1,70,54,79,-1,70,79,71,-1,71,79,81,-1,71,81,90,-1,90,81,83,-1,90,83,91,-1,91,83,82,-1,87,76,85,-1,85,76,78,-1,85,78,92,-1,92,78,93,-1,92,93,94,-1,95,96,97,-1,97,96,98,-1,56,2,99,-1,99,2,100,-1,95,101,96,-1,96,101,102,-1,96,102,1,-1,1,102,103,-1,103,104,1,-1,1,104,105,-1,1,105,2,-1,2,105,106,-1,2,106,100,-1,
        ]
    }
}
Shape{
    appearance Appearance {
        material  Material 	{
            diffuseColor 0.25098039215686274 0.25098039215686274 0.25098039215686274
            specularColor 0.12549019607843137 0.12549019607843137 0.12549019607843137
            ambientIntensity 0.2
            transparency 0
            shininess 0.5
        }
    }
    geometry IndexedFaceSet {
        ccw TRUE
        solid FALSE
        coord DEF co Coordinate {
            point [
                13.3957 0.7087 -1.6031, 13.5807 0.7087 -1.6031, 13.3957 1.4764 -1.6031, 13.5807 2.8346 -1.6031, 14.2303 2.8346 -1.6031, 14.2303 3.1102 -1.6031, 13.376 3.1102 -1.6031, 13.376 1.4764 -1.6031, 13.376 1.4764 -1.6031
            ]
        }
        coordIndex [
            0,1,2,-1,2,1,3,-1,4,5,3,-1,3,5,6,-1,3,6,2,-1,2,6,7,-1,
        ]
    }
}
Shape{
    appearance Appearance {
        material  Material 	{
            diffuseColor 0.7529411764705882 0.7529411764705882 0.7529411764705882
            specularColor 0.3764705882352941 0.3764705882352941 0.3764705882352941
            ambientIntensity 0.2
            transparency 0
            shininess 0.5
        }
    }
    geometry IndexedFaceSet {
        ccw TRUE
        solid FALSE
        coord DEF co Coordinate {
            point [
                13.3957 0.6693 -1.6425, 13.5807 0.6693 -1.6425, 13.3957 0.7087 -1.6031, 13.5807 0.7087 -1.6031, 14.2697 0.7087 -2.107, 14.2303 0.6693 -2.1464, 14.2697 3.1102 -2.107, 14.2303 3.1102 -2.1464, 14.25 3.1299 -2.1267, 14.2303 3.1496 -2.107, 14.2697 3.1102 -1.6425, 14.2303 3.1496 -1.6425, 14.25 3.1299 -1.6228, 14.2303 2.8346 -1.6031, 14.2697 2.8346 -1.6425, 14.2303 3.1102 -1.6031, 14.0531 1.0827 -2.0362, 13.949 0.9552 -2.0362, 14.0531 1.0827 -2.0952, 13.949 0.9552 -2.0952, 13.9114 1.0157 -2.0362, 13.8657 1.1988 -2.0362, 13.8127 1.1339 -2.0362, 13.9569 1.199 -2.0362, 13.9506 1.2056 -2.0362, 13.872 1.2054 -2.0362, 13.9388 1.2137 -2.0362, 13.9254 1.2188 -2.0362, 13.9112 1.2205 -2.0362, 13.8837 1.2136 -2.0362, 13.897 1.2187 -2.0362, 13.8127 1.1339 -1.9771, 13.9114 1.0157 -1.9771, 13.6423 0.8191 -1.9771, 13.6485 0.8103 -1.9771, 13.6502 0.8078 -1.9771, 13.6588 0.8001 -1.9771, 13.7528 0.7887 -1.9771, 13.7632 0.7923 -1.9771, 13.766 0.7933 -1.9771, 13.6612 0.7978 -1.9771, 13.6711 0.7924 -1.9771, 13.6723 0.7917 -1.9771, 13.7747 0.799 -1.9771, 13.7787 0.8016 -1.9771, 13.7845 0.8079 -1.9771, 13.637 0.8366 -1.9771, 13.6358 0.8465 -1.9771, 13.6358 0.9173 -1.9771, 13.6377 0.8311 -1.9771, 13.6409 0.8227 -1.9771, 13.685 0.7883 -1.9771, 13.6858 0.788 -1.9771, 13.6949 0.7874 -1.9771, 13.7403 0.7874 -1.9771, 13.7505 0.7885 -1.9771, 13.7884 0.8121 -1.9771, 13.7908 0.8159 -1.9771, 13.6358 0.9173 -1.9181, 13.7736 1.0861 -1.9181, 13.8657 1.1988 -1.859, 13.7736 1.0861 -1.859, 13.7736 1.1923 -1.9181, 13.6358 1.1923 -1.9181, 13.7736 1.24 -1.9239, 13.6358 1.24 -1.9239, 13.7736 1.2162 -1.9207, 13.6358 1.2164 -1.9195, 13.7736 1.1966 -1.9181, 13.6358 1.6948 -2.0376, 13.8011 1.7442 -2.05, 13.6421 1.7442 -2.05, 13.7833 1.686 -2.0351, 13.6412 1.7379 -2.0484, 13.783 1.6849 -2.0348, 13.6359 1.7009 -2.0391, 13.7743 1.6234 -2.0196, 13.7736 1.5997 -2.0138, 13.6462 1.7579 -2.0529, 13.8043 1.752 -2.0518, 13.6507 1.768 -2.0538, 13.8121 1.768 -2.0534, 13.6583 1.7849 -2.0552, 13.818 1.7802 -2.0546, 13.6615 1.792 -2.0559, 13.8238 1.792 -2.0559, 13.7736 1.9307 -1.9337, 13.7889 1.9488 -1.9377, 13.7736 1.9488 -1.9377, 14.1817 2.2293 -1.9968, 14.1817 2.2293 -2.0559, 13.9463 1.9488 -1.9968, 13.8657 1.8527 -2.0559, 13.9463 1.9488 -1.9377, 13.8657 1.8527 -1.9164, 13.7736 1.5997 -1.8602, 13.7745 1.6273 -1.8663, 13.7833 1.686 -1.8793, 13.7837 1.6884 -1.8799, 13.8024 1.7474 -1.893, 13.8186 1.7799 -1.9002, 13.8298 1.8026 -1.9052, 14.0531 1.3183 -2.0952, 14.0531 1.9488 -1.9968, 14.0531 1.9488 -1.9377, 14.0531 1.8313 -1.9968, 14.0531 1.5945 -1.859, 14.0531 1.7912 -2.0009, 14.0531 1.0827 -1.859, 14.0531 1.3584 -2.0911, 14.0531 1.3584 -2.0911
            ]
        }
        coordIndex [
            0,1,2,-1,2,1,3,-1,4,5,6,-1,6,5,7,-1,6,7,8,-1,6,8,9,-1,6,9,10,-1,10,9,11,-1,10,11,12,-1,13,14,15,-1,15,14,10,-1,15,10,12,-1,16,17,18,-1,18,17,19,-1,17,16,20,-1,20,16,21,-1,20,21,22,-1,16,23,21,-1,21,23,24,-1,21,24,25,-1,25,24,26,-1,26,27,25,-1,25,27,28,-1,25,28,29,-1,29,28,30,-1,31,32,22,-1,22,32,20,-1,33,34,31,-1,31,34,35,-1,31,35,36,-1,37,38,31,-1,31,38,39,-1,36,40,31,-1,31,40,41,-1,31,41,42,-1,39,43,31,-1,31,43,44,-1,31,44,45,-1,46,31,47,-1,47,31,48,-1,46,49,31,-1,31,49,50,-1,31,50,33,-1,42,51,31,-1,31,51,52,-1,31,52,53,-1,53,54,31,-1,31,54,55,-1,31,55,37,-1,45,56,31,-1,31,56,57,-1,31,57,32,-1,58,48,59,-1,59,48,31,-1,22,21,31,-1,31,21,60,-1,31,60,59,-1,59,60,61,-1,62,63,59,-1,59,63,58,-1,64,65,66,-1,66,65,67,-1,66,67,68,-1,68,67,63,-1,68,63,62,-1,69,65,64,-1,70,71,72,-1,72,71,73,-1,72,73,74,-1,74,73,75,-1,74,75,76,-1,76,75,69,-1,76,69,77,-1,77,69,64,-1,71,70,78,-1,78,70,79,-1,78,79,80,-1,80,79,81,-1,80,81,82,-1,82,81,83,-1,82,83,84,-1,84,83,85,-1,86,87,88,-1,89,90,91,-1,91,90,92,-1,91,92,93,-1,93,92,94,-1,77,95,96,-1,77,96,76,-1,76,96,97,-1,76,97,74,-1,74,97,72,-1,72,97,98,-1,72,98,70,-1,70,98,99,-1,70,99,79,-1,79,99,100,-1,79,100,81,-1,81,100,83,-1,83,100,101,-1,83,101,85,-1,85,101,94,-1,85,94,92,-1,16,18,102,-1,103,104,105,-1,105,104,106,-1,105,106,107,-1,106,108,107,-1,107,108,16,-1,107,16,109,-1,109,16,102,-1,93,104,91,-1,91,104,103,-1,
        ]
    }
}
Shape{
    appearance Appearance {
        material  Material 	{
            diffuseColor 0.25098039215686274 0.25098039215686274 0.25098039215686274
            specularColor 0.12549019607843137 0.12549019607843137 0.12549019607843137
            ambientIntensity 0.2
            transparency 0
            shininess 0.5
        }
    }
    geometry IndexedFaceSet {
        ccw TRUE
        solid FALSE
        coord DEF co Coordinate {
            point [
                13.3957 0.6693 -1.6425, 13.3957 0.7087 -1.6031, 13.3957 1.4764 -1.6031, 13.3957 0.1575 -1.9496, 13.3957 0.1575 -1.5755, 13.3957 0.1772 -1.9496, 13.3957 0.6693 -1.5755, 13.3957 0.1772 -2.1464, 13.3957 1.4764 -2.1464, 13.3957 1.4764 -2.1464
            ]
        }
        coordIndex [
            0,1,2,-1,3,4,5,-1,5,4,6,-1,5,6,7,-1,7,6,0,-1,7,0,8,-1,8,0,2,-1,
        ]
    }
}
Shape{
    appearance Appearance {
        material  Material 	{
            diffuseColor 0.7529411764705882 0.7529411764705882 0.7529411764705882
            specularColor 0.3764705882352941 0.3764705882352941 0.3764705882352941
            ambientIntensity 0.2
            transparency 0
            shininess 0.5
        }
    }
    geometry IndexedFaceSet {
        ccw TRUE
        solid FALSE
        coord DEF co Coordinate {
            point [
                13.8878 0.6693 -1.5755, 13.877 0.6698 -1.5755, 13.8878 0.6693 -1.5165, 13.868 0.671 -1.5165, 13.8682 0.6717 -1.5755, 13.8486 0.676 -1.5755, 13.8402 0.6793 -1.5165, 13.8405 0.6801 -1.5755, 13.8223 0.6891 -1.5755, 13.8152 0.6942 -1.5165, 13.8156 0.6948 -1.5755, 13.8012 0.7071 -1.5755, 13.7946 0.7148 -1.5165, 13.7953 0.7153 -1.5755, 13.7841 0.731 -1.5755, 13.7797 0.7398 -1.5165, 13.7697 0.7874 -1.5755, 13.7697 0.7874 -1.5165, 13.7721 0.7677 -1.5755, 13.7714 0.7676 -1.5165, 13.7733 0.7583 -1.5755, 13.7805 0.7401 -1.5755, 14.0762 0.4168 -1.5755, 14.0637 0.433 -1.5755, 14.2001 0.4331 -1.5755, 14.0925 0.4042 -1.5755, 14.2362 0.798 -1.5755, 14.2362 0.6693 -1.5755, 13.9606 0.798 -1.5755, 13.9606 0.6693 -1.5755, 14.2815 0.6693 -1.5755, 14.2065 0.4472 -1.5755, 13.9272 0.6693 -1.5755, 14.1523 0.3964 -1.5755, 14.1319 0.3937 -1.5755, 14.1713 0.4042 -1.5755, 14.1876 0.4168 -1.5755, 14.1115 0.3964 -1.5755, 14.0637 0.433 -1.7803, 14.0625 0.4351 -1.7785, 14.0412 0.4721 -1.752, 14.0388 0.4761 -1.7502, 13.9272 0.6693 -1.7409, 14.0197 0.5092 -1.7409, 14.0267 0.4969 -1.7427, 14.0296 0.4918 -1.7435, 14.0333 0.4856 -1.7462, 14.0322 0.4874 -1.7454, 14.0597 0.4399 -1.7751, 14.0573 0.4441 -1.7721, 14.0529 0.4517 -1.7666, 14.0463 0.4632 -1.7584, 14.0461 0.4636 -1.7581, 14.2362 0.8596 -1.5207, 13.9606 0.8596 -1.5207, 14.2362 0.8023 -1.5165, 13.9606 0.8023 -1.5165, 14.4862 0.6693 -1.6346, 14.4272 0.6693 -1.6346, 14.4849 0.6693 -1.6164, 14.426 0.6693 -1.6247, 14.4845 0.6693 -1.6148, 14.4253 0.6693 -1.6192, 14.4776 0.6693 -1.5894, 14.4221 0.6693 -1.6108, 14.4762 0.6693 -1.5869, 14.4207 0.6693 -1.6072, 14.4654 0.6693 -1.5675, 14.4145 0.6693 -1.5984, 14.4609 0.6693 -1.5624, 14.4128 0.6693 -1.5959, 14.4464 0.6693 -1.5461, 14.4042 0.6693 -1.5882, 14.4403 0.6693 -1.542, 14.4018 0.6693 -1.586, 14.4228 0.6693 -1.5299, 14.3919 0.6693 -1.5806, 14.4155 0.6693 -1.5271, 14.3907 0.6693 -1.5799, 14.3972 0.6693 -1.5201, 14.378 0.6693 -1.5764, 14.3878 0.6693 -1.5189, 14.3771 0.6693 -1.5762, 14.3681 0.6693 -1.5165, 14.3681 0.6693 -1.5755, 14.3406 0.6693 -1.5755, 14.2362 0.6693 -1.5165, 14.1504 0.4565 -2.0559, 14.1135 0.4566 -2.0559, 14.1127 0.4586 -2.0559, 14.1208 0.4794 -2.0559, 14.124 0.4812 -2.0559, 14.1122 0.4632 -2.0559, 14.1128 0.4682 -2.0559, 14.1134 0.4698 -2.0559, 14.1409 0.4807 -2.0559, 14.145 0.4779 -2.0559, 14.1397 0.4811 -2.0559, 14.1469 0.4759 -2.0559, 14.1495 0.472 -2.0559, 14.1365 0.444 -2.0559, 14.1319 0.4435 -2.0559, 14.1244 0.4814 -2.0559, 14.129 0.4826 -2.0559, 14.1319 0.4829 -2.0559, 14.1503 0.4697 -2.0559, 14.151 0.4677 -2.0559, 14.1516 0.4632 -2.0559, 14.1504 0.4564 -2.0559, 14.1483 0.4523 -2.0559, 14.1452 0.4486 -2.0559, 14.1169 0.4504 -2.0559, 14.124 0.4452 -2.0559, 14.1188 0.4485 -2.0559, 14.1228 0.4457 -2.0559, 14.1274 0.444 -2.0559, 14.1143 0.4543 -2.0559, 14.1145 0.4725 -2.0559, 14.1172 0.4763 -2.0559, 14.1514 0.4608 -2.0559, 14.1364 0.4823 -2.0559, 14.1412 0.4458 -2.0559, 14.1397 0.4453 -2.0559, 13.7736 1.5997 -1.8602, 13.7736 1.5945 -1.859, 14.0531 1.5945 -1.859, 13.7745 1.6273 -1.8663, 14.0531 1.9488 -1.9377, 13.9463 1.9488 -1.9377, 13.8657 1.8527 -1.9164, 13.8298 1.8026 -1.9052, 13.8186 1.7799 -1.9002, 13.8024 1.7474 -1.893, 13.7837 1.6884 -1.8799, 13.7833 1.686 -1.8793, 14.7638 1.4961 -2.2448, 14.5453 1.4173 -2.2448, 14.7638 1.9685 -2.2448, 14.5453 2.0472 -2.2448, 14.685 2.0472 -2.2448, 14.6982 2.0461 -2.2448, 14.7627 1.9817 -2.2448, 14.7627 1.4829 -2.2448, 14.6982 1.4184 -2.2448, 14.685 1.4173 -2.2448, 14.7168 2.0406 -2.2448, 14.7334 2.0306 -2.2448, 14.7471 2.0169 -2.2448, 14.7571 1.4643 -2.2448, 14.7471 1.4477 -2.2448, 14.7168 1.424 -2.2448, 14.7334 1.434 -2.2448, 14.7571 2.0003 -2.2448, 14.156 0.4966 -2.0494, 14.1519 0.4909 -2.0531, 14.1456 0.4945 -2.0531, 14.179 0.4979 -2.0165, 14.1826 0.4932 -2.0165, 14.1821 0.4929 -2.0236, 14.1901 0.4632 -2.0236, 14.1895 0.4727 -2.0236, 14.1906 0.4632 -2.0216, 14.1897 0.4728 -2.0165, 14.1909 0.4632 -2.0165, 14.1671 0.4951 -2.0443, 14.1709 0.4986 -2.038, 14.1743 0.4944 -2.038, 14.1728 0.4874 -2.0443, 14.1772 0.49 -2.038, 14.1815 0.4809 -2.038, 14.1803 0.4919 -2.031, 14.1882 0.4632 -2.0309, 14.1874 0.4724 -2.031, 14.1849 0.4821 -2.031, 14.1829 0.487 -2.031, 14.1772 0.4966 -2.031, 14.1848 0.4879 -2.0236, 14.183 0.4927 -2.0165, 14.1869 0.4828 -2.0236, 14.1871 0.4829 -2.0165, 14.1889 0.4785 -2.0165, 14.1319 0.5042 -2.0492, 14.1319 0.509 -2.0459, 14.1415 0.5097 -2.0443, 14.1319 0.5105 -2.0442, 14.1425 0.5147 -2.038, 14.1545 0.5147 -2.031, 14.155 0.5159 -2.0273, 14.1655 0.5098 -2.0273, 14.1538 0.5132 -2.0346, 14.1648 0.5088 -2.031, 14.1745 0.5018 -2.0273, 14.1751 0.5024 -2.0236, 14.1736 0.5049 -2.0165, 14.1755 0.5028 -2.02, 14.1661 0.5107 -2.0165, 14.1663 0.5109 -2.02, 14.1614 0.5143 -2.0165, 14.1435 0.5195 -2.0273, 14.1432 0.5183 -2.031, 14.1429 0.5167 -2.0346, 14.166 0.5105 -2.0236, 14.1553 0.5167 -2.0236, 14.1437 0.5204 -2.0236, 14.1319 0.5214 -2.0236, 14.1319 0.5219 -2.0217, 14.1319 0.5151 -2.0391, 14.1319 0.5157 -2.038, 14.1319 0.5176 -2.0344, 14.1319 0.5196 -2.0307, 14.1319 0.5205 -2.0272, 14.1427 0.4878 -2.0552, 14.1518 0.4812 -2.0552, 14.1572 0.4861 -2.0531, 14.1624 0.4909 -2.0494, 14.1319 0.49 -2.055, 14.1388 0.4966 -2.0531, 14.1402 0.5035 -2.0494, 14.1484 0.5009 -2.0494, 14.151 0.5067 -2.0443, 14.1597 0.5017 -2.0443, 14.153 0.5114 -2.038, 14.1627 0.5059 -2.038, 14.1638 0.5075 -2.0346, 14.1724 0.4999 -2.0346, 14.1736 0.501 -2.031, 14.1319 0.492 -2.0548, 14.1319 0.4973 -2.0528, 14.1319 0.5007 -2.0516, 14.1789 0.4978 -2.0236, 14.1572 0.4722 -2.0552, 14.1641 0.4747 -2.0531, 14.1599 0.4632 -2.055, 14.1587 0.4632 -2.0551, 14.1837 0.4632 -2.0393, 14.1792 0.4632 -2.0441, 14.1788 0.471 -2.0443, 14.1771 0.4632 -2.0464, 14.1726 0.4699 -2.0494, 14.1729 0.4632 -2.0492, 14.1686 0.4632 -2.052, 14.1882 0.4632 -2.031, 14.1838 0.4718 -2.038, 14.1766 0.4792 -2.0443, 14.1707 0.477 -2.0494, 14.166 0.4632 -2.0529, 14.1674 0.4842 -2.0494, 14.1613 0.4806 -2.0531, 14.1554 0.5168 -2.0165, 14.1555 0.5171 -2.02, 14.1472 0.5202 -2.0165, 14.1438 0.5209 -2.02, 14.1438 0.5207 -2.0165, 14.1319 0.522 -2.02, 14.1319 0.5222 -2.0165, 14.1754 0.5027 -2.0165, 14.1897 0.4535 -2.0165, 14.1597 0.4246 -2.0443, 14.151 0.4196 -2.0443, 14.1484 0.4254 -2.0494, 14.1572 0.4541 -2.0552, 14.1375 0.4072 -2.031, 14.1319 0.4068 -2.0307, 14.1319 0.4088 -2.0344, 14.1372 0.4108 -2.038, 14.1319 0.4106 -2.038, 14.1319 0.4113 -2.0391, 14.1415 0.4166 -2.0443, 14.1425 0.4116 -2.038, 14.1319 0.4059 -2.0272, 14.1378 0.4051 -2.0236, 14.1319 0.4049 -2.0236, 14.1378 0.4049 -2.0165, 14.1319 0.4041 -2.0165, 14.1319 0.4043 -2.02, 14.1319 0.4045 -2.0217, 14.1432 0.408 -2.031, 14.1437 0.406 -2.0236, 14.1438 0.4057 -2.0165, 14.167 0.4239 -2.038, 14.1694 0.4212 -2.031, 14.1627 0.4205 -2.038, 14.1648 0.4175 -2.031, 14.158 0.4174 -2.038, 14.1598 0.4143 -2.031, 14.153 0.4149 -2.038, 14.1545 0.4116 -2.031, 14.1553 0.4097 -2.0236, 14.1608 0.4124 -2.0236, 14.166 0.4158 -2.0236, 14.1708 0.4196 -2.0236, 14.1736 0.4253 -2.031, 14.171 0.4194 -2.0165, 14.1661 0.4156 -2.0165, 14.1614 0.412 -2.0165, 14.1554 0.4095 -2.0165, 14.1478 0.413 -2.038, 14.1489 0.4095 -2.031, 14.1496 0.4075 -2.0236, 14.1472 0.4061 -2.0165, 14.1724 0.4264 -2.0346, 14.1709 0.4278 -2.038, 14.1772 0.4363 -2.038, 14.1671 0.4312 -2.0443, 14.1728 0.4389 -2.0443, 14.1874 0.4539 -2.031, 14.1815 0.4454 -2.038, 14.1838 0.4545 -2.038, 14.1766 0.4472 -2.0443, 14.1788 0.4554 -2.0443, 14.1826 0.4331 -2.02, 14.1755 0.4236 -2.02, 14.1821 0.4334 -2.0236, 14.1751 0.4239 -2.0236, 14.1814 0.4338 -2.0273, 14.1745 0.4245 -2.0273, 14.1803 0.4345 -2.031, 14.1789 0.4353 -2.0346, 14.1849 0.4442 -2.031, 14.1861 0.4438 -2.0273, 14.1895 0.4536 -2.0236, 14.1869 0.4435 -2.0236, 14.183 0.4336 -2.0165, 14.1826 0.4331 -2.0165, 14.1754 0.4236 -2.0165, 14.1518 0.4451 -2.0552, 14.1641 0.4517 -2.0531, 14.1613 0.4457 -2.0531, 14.1572 0.4402 -2.0531, 14.1707 0.4493 -2.0494, 14.1726 0.4564 -2.0494, 14.1319 0.4363 -2.055, 14.1427 0.4386 -2.0552, 14.1319 0.4291 -2.0528, 14.1388 0.4297 -2.0531, 14.1319 0.4257 -2.0516, 14.1402 0.4228 -2.0494, 14.1319 0.4158 -2.0442, 14.1319 0.4173 -2.0459, 14.1319 0.4221 -2.0492, 14.1674 0.4421 -2.0494, 14.1624 0.4354 -2.0494, 14.156 0.4297 -2.0494, 14.1519 0.4354 -2.0531, 14.1456 0.4319 -2.0531, 14.1319 0.4343 -2.0548, 14.1889 0.4479 -2.0165, 14.1871 0.4434 -2.0165, 14.1736 0.4214 -2.0165, 14.0883 0.4236 -2.02, 14.0884 0.4236 -2.0165, 14.0847 0.4284 -2.0165, 14.0894 0.4632 -2.0486, 14.0907 0.4632 -2.0493, 14.0912 0.4564 -2.0494, 14.112 0.4451 -2.0552, 14.1066 0.4541 -2.0552, 14.1119 0.4354 -2.0531, 14.1066 0.4402 -2.0531, 14.1211 0.4386 -2.0552, 14.1203 0.4068 -2.0273, 14.1205 0.408 -2.031, 14.0901 0.4214 -2.0165, 14.0914 0.4264 -2.0346, 14.0929 0.4278 -2.038, 14.1011 0.4205 -2.038, 14.0809 0.4393 -2.031, 14.0789 0.4442 -2.031, 14.0823 0.4454 -2.038, 14.0748 0.4479 -2.0165, 14.0741 0.4535 -2.0165, 14.0743 0.4536 -2.0236, 14.0728 0.4632 -2.0165, 14.08 0.4545 -2.038, 14.0764 0.4539 -2.031, 14.0767 0.4632 -2.0335, 14.0736 0.4632 -2.0236, 14.0737 0.4632 -2.0248, 14.0758 0.4632 -2.0309, 14.091 0.4389 -2.0443, 14.0895 0.4319 -2.038, 14.0866 0.4363 -2.038, 14.0866 0.4298 -2.031, 14.0835 0.4345 -2.031, 14.0769 0.4435 -2.0236, 14.079 0.4384 -2.0236, 14.0817 0.4334 -2.0236, 14.0849 0.4285 -2.0236, 14.0931 0.4493 -2.0494, 14.0871 0.4472 -2.0443, 14.1213 0.4116 -2.038, 14.0999 0.4188 -2.0346, 14.1108 0.4149 -2.038, 14.11 0.4131 -2.0346, 14.1209 0.4096 -2.0346, 14.1223 0.4166 -2.0443, 14.1128 0.4196 -2.0443, 14.1041 0.4246 -2.0443, 14.0967 0.4312 -2.0443, 14.1093 0.4116 -2.031, 14.0983 0.4165 -2.0273, 14.099 0.4175 -2.031, 14.0893 0.4245 -2.0273, 14.0902 0.4253 -2.031, 14.0887 0.4239 -2.0236, 14.1085 0.4097 -2.0236, 14.1083 0.4092 -2.02, 14.0975 0.4154 -2.02, 14.1088 0.4105 -2.0273, 14.0977 0.4158 -2.0236, 14.0977 0.4156 -2.0165, 14.1201 0.406 -2.0236, 14.12 0.4055 -2.02, 14.12 0.4057 -2.0165, 14.1166 0.4061 -2.0165, 14.1084 0.4095 -2.0165, 14.1024 0.412 -2.0165, 14.1182 0.4319 -2.0531, 14.125 0.4297 -2.0531, 14.1071 0.4632 -2.0555, 14.1051 0.4632 -2.055, 14.0978 0.4632 -2.0531, 14.0997 0.4517 -2.0531, 14.0977 0.4632 -2.0531, 14.0795 0.4632 -2.0378, 14.0823 0.4632 -2.042, 14.085 0.4554 -2.0443, 14.0845 0.4632 -2.0441, 14.1025 0.4457 -2.0531, 14.1014 0.4354 -2.0494, 14.1078 0.4297 -2.0494, 14.1154 0.4254 -2.0494, 14.1236 0.4228 -2.0494, 14.0812 0.4331 -2.0165, 14.0807 0.4336 -2.0165, 14.0767 0.4434 -2.0165, 14.0964 0.4421 -2.0494, 14.1041 0.5017 -2.0443, 14.1128 0.5067 -2.0443, 14.1154 0.5009 -2.0494, 14.1211 0.4878 -2.0552, 14.112 0.4812 -2.0552, 14.0764 0.4724 -2.031, 14.0743 0.4727 -2.0236, 14.0777 0.4825 -2.0273, 14.0789 0.4821 -2.031, 14.1262 0.5192 -2.031, 14.1266 0.5155 -2.038, 14.1223 0.5097 -2.0443, 14.1213 0.5147 -2.038, 14.126 0.5213 -2.0236, 14.126 0.5214 -2.0165, 14.1205 0.5183 -2.031, 14.1201 0.5204 -2.0236, 14.12 0.5207 -2.0165, 14.0968 0.5024 -2.038, 14.0944 0.5051 -2.031, 14.1011 0.5059 -2.038, 14.099 0.5088 -2.031, 14.1058 0.5089 -2.038, 14.104 0.5121 -2.031, 14.1108 0.5114 -2.038, 14.1093 0.5147 -2.031, 14.1085 0.5167 -2.0236, 14.1029 0.5139 -2.0236, 14.0977 0.5105 -2.0236, 14.093 0.5067 -2.0236, 14.0902 0.501 -2.031, 14.0927 0.5069 -2.0165, 14.0977 0.5107 -2.0165, 14.1024 0.5143 -2.0165, 14.1084 0.5168 -2.0165, 14.116 0.5133 -2.038, 14.1149 0.5168 -2.031, 14.1142 0.5188 -2.0236, 14.1166 0.5202 -2.0165, 14.0823 0.4809 -2.038, 14.0849 0.491 -2.0346, 14.0866 0.49 -2.038, 14.0914 0.4999 -2.0346, 14.0929 0.4986 -2.038, 14.0967 0.4951 -2.0443, 14.091 0.4874 -2.0443, 14.0871 0.4792 -2.0443, 14.08 0.4718 -2.038, 14.085 0.471 -2.0443, 14.0812 0.4932 -2.02, 14.0883 0.5028 -2.02, 14.0817 0.4929 -2.0236, 14.0887 0.5024 -2.0236, 14.0824 0.4925 -2.0273, 14.0893 0.5018 -2.0273, 14.0835 0.4919 -2.031, 14.0769 0.4828 -2.0236, 14.0807 0.4927 -2.0165, 14.0812 0.4932 -2.0165, 14.0884 0.5027 -2.0165, 14.1066 0.4722 -2.0552, 14.0997 0.4747 -2.0531, 14.1025 0.4806 -2.0531, 14.1066 0.4861 -2.0531, 14.125 0.4966 -2.0531, 14.1236 0.5035 -2.0494, 14.1182 0.4945 -2.0531, 14.1119 0.4909 -2.0531, 14.1078 0.4966 -2.0494, 14.1014 0.4909 -2.0494, 14.0964 0.4842 -2.0494, 14.0931 0.477 -2.0494, 14.0741 0.4728 -2.0165, 14.0748 0.4785 -2.0165, 14.0767 0.4829 -2.0165, 14.0901 0.5049 -2.0165, 14.0912 0.4699 -2.0494, 13.7736 1.1923 -1.9181, 13.7736 1.0861 -1.9181, 13.7736 1.0861 -1.859, 13.7736 1.5997 -2.0138, 13.7736 1.24 -1.9239, 13.7736 1.2162 -1.9207, 13.7736 1.1966 -1.9181, 13.9254 1.2185 -1.859, 13.9302 1.2176 -1.859, 13.8839 1.2133 -1.859, 13.8866 1.215 -1.859, 13.8972 1.2184 -1.859, 13.9388 1.2136 -1.859, 13.9424 1.212 -1.859, 13.9505 1.2055 -1.859, 13.9524 1.204 -1.859, 13.9569 1.199 -1.859, 14.0531 1.0827 -1.859, 13.8657 1.1988 -1.859, 13.9008 1.2195 -1.859, 13.9113 1.2201 -1.859, 13.9149 1.2203 -1.859, 13.8721 1.2052 -1.859, 13.8745 1.2075 -1.859, 13.9569 1.199 -2.0362, 13.9506 1.2056 -2.0362, 13.872 1.2054 -2.0362, 13.8657 1.1988 -2.0362, 13.9388 1.2137 -2.0362, 13.9254 1.2188 -2.0362, 13.9112 1.2205 -2.0362, 13.897 1.2187 -2.0362, 13.8837 1.2136 -2.0362, 14.0531 1.0827 -2.0362, 14.5384 1.4173 -2.2446, 14.5244 2.0472 -2.2423, 14.5245 1.4173 -2.2421, 14.5158 2.0472 -2.2412, 14.5103 1.4173 -2.2396, 14.4986 2.0472 -2.2344, 14.4987 1.4173 -2.2343, 14.4896 2.0472 -2.2309, 14.4829 1.4173 -2.227, 14.4754 2.0472 -2.2208, 14.4753 1.4173 -2.221, 14.465 2.0472 -2.2134, 14.4609 1.4173 -2.2095, 14.4557 2.0472 -2.2024, 14.4556 1.4173 -2.2025, 14.4466 2.0472 -2.1917, 14.443 1.4173 -2.1858, 14.443 2.0472 -2.1858, 14.7638 1.4961 -2.1858, 14.7638 1.9685 -2.1858, 8.408 1.9891 -2.2448, 8.4123 2.0002 -2.2448, 8.624 2.0472 -2.2448, 8.4066 1.4829 -2.2448, 8.4055 1.4961 -2.2448, 8.4711 1.4184 -2.2448, 8.4843 1.4173 -2.2448, 8.624 1.4173 -2.2448, 8.4055 1.9685 -2.2448, 8.4071 1.9816 -2.2448, 8.4142 2.0051 -2.2448, 8.4224 2.0167 -2.2448, 8.4248 2.0202 -2.2448, 8.4361 2.0303 -2.2448, 8.4395 2.0334 -2.2448, 8.4525 2.0406 -2.2448, 8.4721 2.0464 -2.2448, 8.4843 2.0472 -2.2448, 8.4711 2.0461 -2.2448, 8.4541 2.0415 -2.2448, 8.4525 1.424 -2.2448, 8.4359 1.434 -2.2448, 8.4122 1.4643 -2.2448, 8.4221 1.4477 -2.2448, 8.4055 1.4961 -2.1858, 8.4055 1.9685 -2.1858, 14.083 0.43 -1.8984, 14.0811 0.4338 -1.8984, 14.1734 0.4216 -1.8984, 14.1705 0.4185 -1.8984, 14.0903 0.4216 -1.8984, 14.092 0.4196 -1.8984, 14.1025 0.4122 -1.8984, 14.1042 0.411 -1.8984, 14.1166 0.4062 -1.8984, 14.1169 0.4061 -1.8984, 14.1319 0.4041 -1.8984, 14.1347 0.4042 -1.8984, 14.1469 0.4061 -1.8984, 14.1472 0.4061 -1.8984, 14.1588 0.4106 -1.8984, 14.1613 0.4123 -1.8984, 14.0904 0.5047 -1.8984, 14.0841 0.4978 -1.8984, 14.0811 0.4925 -1.8984, 14.0773 0.4856 -1.8984, 14.0753 0.4783 -1.8984, 14.0735 0.4718 -1.8984, 14.0733 0.4632 -1.8984, 14.0731 0.4572 -1.8984, 14.0753 0.448 -1.8984, 14.0766 0.4423 -1.8984, 14.0932 0.5078 -1.8984, 14.1735 0.5048 -1.8984, 14.1718 0.5067 -1.8984, 14.1613 0.5141 -1.8984, 14.1596 0.5153 -1.8984, 14.1472 0.5202 -1.8984, 14.1469 0.5203 -1.8984, 14.1319 0.5222 -1.8984, 14.1291 0.5222 -1.8984, 14.1168 0.5203 -1.8984, 14.1166 0.5202 -1.8984, 14.1049 0.5157 -1.8984, 14.1025 0.5141 -1.8984, 14.1827 0.4925 -1.8984, 14.1808 0.4963 -1.8984, 14.1797 0.4285 -1.8984, 14.1827 0.4338 -1.8984, 14.1865 0.4407 -1.8984, 14.1885 0.448 -1.8984, 14.1903 0.4546 -1.8984, 14.1905 0.4632 -1.8984, 14.1906 0.4691 -1.8984, 14.1885 0.4783 -1.8984, 14.1871 0.484 -1.8984, 14.25 3.1299 -2.1267, 14.2303 3.1102 -2.1464, 14.2303 3.1496 -2.107, 13.8681 3.1102 -2.1464, 13.5335 3.1496 -2.107, 13.5532 3.1102 -2.1464, 13.5335 3.1102 -2.1464, 14.4272 1.4173 -2.1858, 14.4272 2.0472 -2.1858, 8.8642 5.4921 -2.107, 8.8524 5.5217 -2.107, 8.8642 5.4134 -2.107, 8.8524 5.3691 -2.107, 14.7627 1.9817 -2.1858, 14.7571 2.0003 -2.1858, 14.7471 2.0169 -2.1858, 14.7334 2.0306 -2.1858, 14.7168 2.0406 -2.1858, 14.6982 2.0461 -2.1858, 14.685 2.0472 -2.1858, 14.7333 1.4342 -2.1858, 14.7367 1.4366 -2.1858, 14.7469 1.4479 -2.1858, 14.7499 1.4513 -2.1858, 14.5453 1.4173 -2.1858, 14.685 1.4173 -2.1858, 14.6982 1.4189 -2.1858, 14.7571 1.4643 -2.1858, 14.758 1.4659 -2.1858, 14.7626 1.4829 -2.1858, 14.7629 1.4839 -2.1858, 14.5453 2.0472 -2.1858, 14.7056 1.4198 -2.1858, 14.7167 1.4241 -2.1858, 14.7216 1.426 -2.1858, 8.4525 2.0404 -2.1858, 8.4477 2.0385 -2.1858, 8.436 2.0304 -2.1858, 8.4541 1.4231 -2.1858, 8.4711 1.4185 -2.1858, 8.624 2.0472 -2.1858, 8.4224 2.0167 -2.1858, 8.4326 2.028 -2.1858, 8.4194 2.0132 -2.1858, 8.4122 2.0003 -2.1858, 8.4113 1.9986 -2.1858, 8.408 1.4755 -2.1858, 8.4123 1.4644 -2.1858, 8.4142 1.4595 -2.1858, 8.4224 1.4478 -2.1858, 8.4248 1.4444 -2.1858, 8.4361 1.4342 -2.1858, 8.4395 1.4312 -2.1858, 8.4525 1.424 -2.1858, 8.4721 1.4182 -2.1858, 8.4843 1.4173 -2.1858, 8.624 1.4173 -2.1858, 8.4843 2.0472 -2.1858, 8.4711 2.0456 -2.1858, 8.4637 2.0447 -2.1858, 8.4067 1.9817 -2.1858, 8.4064 1.9806 -2.1858, 8.4071 1.4829 -2.1858, 8.7263 2.0472 -2.1858, 8.7263 1.4173 -2.1858, 8.7227 1.4173 -2.1917, 8.7142 2.0472 -2.203, 8.7136 1.4173 -2.2024, 8.7043 1.4173 -2.2134, 8.6944 2.0472 -2.2215, 8.6939 1.4173 -2.2208, 8.6797 1.4173 -2.2309, 8.6709 2.0472 -2.2351, 8.6448 1.4173 -2.2423, 8.6449 2.0472 -2.243, 8.6535 1.4173 -2.2412, 8.6707 1.4173 -2.2344, 14.1522 0.3964 -2.1346, 14.096 0.4022 -2.1346, 14.1115 0.3963 -2.1346, 14.1844 0.5311 -2.1346, 14.1711 0.5404 -2.1346, 14.2098 0.46 -2.1346, 14.2101 0.4725 -2.1346, 14.2102 0.4803 -2.1346, 14.1678 0.5427 -2.1346, 14.1523 0.5485 -2.1346, 14.0927 0.4045 -2.1346, 14.1123 0.396 -2.1346, 14.1319 0.3937 -2.1346, 14.1513 0.3961 -2.1346, 14.1685 0.4027 -2.1346, 14.1711 0.4045 -2.1346, 14.1842 0.4135 -2.1346, 14.1873 0.417 -2.1346, 14.1968 0.4278 -2.1346, 14.1998 0.4332 -2.1346, 14.205 0.4426 -2.1346, 14.2076 0.4521 -2.1346, 14.1515 0.5489 -2.1346, 14.0765 0.417 -2.1346, 14.0794 0.4138 -2.1346, 14.1319 0.5512 -2.1346, 14.1125 0.5488 -2.1346, 14.1115 0.5484 -2.1346, 14.0765 0.5279 -2.1346, 14.0669 0.5171 -2.1346, 14.064 0.5117 -2.1346, 14.0535 0.4646 -2.1346, 14.0563 0.4522 -2.1346, 14.0927 0.5404 -2.1346, 14.058 0.4445 -2.1346, 14.0639 0.4332 -2.1346, 14.0953 0.5422 -2.1346, 14.0662 0.4286 -2.1346, 14.2075 0.4927 -2.1346, 14.2058 0.5004 -2.1346, 14.1999 0.5117 -2.1346, 14.1976 0.5163 -2.1346, 14.1873 0.5279 -2.1346, 14.0796 0.5313 -2.1346, 14.0588 0.5023 -2.1346, 14.0562 0.4927 -2.1346, 14.054 0.4849 -2.1346, 14.0537 0.4724 -2.1346, 14.1319 0.4175 -1.8349, 14.1319 0.4063 -1.872, 14.1347 0.4064 -1.872, 14.1347 0.5352 -1.7432, 14.1347 0.5616 -1.741, 14.1319 0.5616 -1.7409, 14.1388 0.5616 -1.7416, 14.1469 0.5355 -1.745, 14.1469 0.5616 -1.7428, 14.1588 0.5363 -1.7495, 14.1705 0.5376 -1.7573, 14.1704 0.5507 -1.7563, 14.169 0.5526 -1.7549, 14.1661 0.5565 -1.7519, 14.1643 0.5587 -1.7507, 14.1524 0.5616 -1.7449, 14.1588 0.5616 -1.7474, 14.1619 0.5616 -1.7491, 14.1796 0.538 -1.7677, 14.1787 0.5393 -1.7662, 14.1787 0.5393 -1.7662, 14.1777 0.5406 -1.7646, 14.1768 0.542 -1.763, 14.1766 0.5422 -1.7627, 14.1903 0.5184 -1.8004, 14.19 0.5254 -1.7978, 14.1865 0.5128 -1.7877, 14.1894 0.5262 -1.7922, 14.1875 0.5281 -1.7857, 14.1864 0.5292 -1.782, 14.1797 0.5079 -1.7766, 14.1859 0.5297 -1.7803, 14.1837 0.5324 -1.7754, 14.1903 0.5253 -1.816, 14.1905 0.525 -1.8147, 14.1906 0.5243 -1.8138, 14.1906 0.5249 -1.8135, 14.1909 0.5245 -1.8049, 14.1885 0.5272 -1.8242, 14.1906 0.5048 -1.8254, 14.1875 0.5282 -1.8265, 14.1871 0.5139 -1.8372, 14.1869 0.5288 -1.828, 14.1808 0.5214 -1.8469, 14.1805 0.5343 -1.8389, 14.1847 0.531 -1.8333, 14.1718 0.5279 -1.8551, 14.1762 0.5374 -1.8437, 14.1782 0.5362 -1.842, 14.1596 0.5429 -1.856, 14.1691 0.5419 -1.8497, 14.1718 0.5395 -1.8482, 14.1712 0.5406 -1.8479, 14.1716 0.5403 -1.8476, 14.1444 0.5501 -1.8593, 14.1468 0.5495 -1.8586, 14.1469 0.5449 -1.8606, 14.1522 0.5482 -1.8571, 14.1582 0.5467 -1.8553, 14.1469 0.5209 -1.8915, 14.1596 0.516 -1.8906, 14.1718 0.5075 -1.8892, 14.1808 0.4972 -1.8874, 14.1871 0.4851 -1.8854, 14.1906 0.4704 -1.8829, 14.1903 0.4561 -1.8804, 14.1865 0.4424 -1.8781, 14.1797 0.4304 -1.8761, 14.1705 0.4205 -1.8744, 14.1588 0.4127 -1.8731, 14.1469 0.4083 -1.8723, 14.1319 0.5512 -1.8604, 14.1319 0.5457 -1.8623, 14.1319 0.5374 -1.8673, 14.1319 0.5305 -1.8742, 14.1469 0.5362 -1.8658, 14.1596 0.5332 -1.8619, 14.1319 0.5352 -1.7431, 14.1347 0.4981 -1.7543, 14.1469 0.4989 -1.756, 14.1588 0.5007 -1.7602, 14.1705 0.5039 -1.7675, 14.1823 0.5342 -1.772, 14.1319 0.4981 -1.7543, 14.1347 0.4648 -1.7742, 14.1469 0.466 -1.7757, 14.1588 0.4688 -1.7793, 14.1705 0.4736 -1.7855, 14.1797 0.4798 -1.7934, 14.1865 0.4873 -1.803, 14.1903 0.4958 -1.8139, 14.1319 0.4648 -1.7742, 14.1347 0.4374 -1.8016, 14.1469 0.4389 -1.8028, 14.1588 0.4425 -1.8056, 14.1705 0.4487 -1.8104, 14.1797 0.4566 -1.8166, 14.1865 0.4662 -1.8241, 14.1903 0.4772 -1.8326, 14.1906 0.4887 -1.8415, 14.1871 0.5004 -1.8507, 14.1808 0.5101 -1.8582, 14.1718 0.5183 -1.8646, 14.1596 0.5251 -1.8699, 14.1469 0.529 -1.873, 14.1319 0.5256 -1.8825, 14.1319 0.4374 -1.8016, 14.1347 0.4175 -1.8349, 14.1469 0.4193 -1.8356, 14.1588 0.4234 -1.8375, 14.1705 0.4307 -1.8407, 14.1797 0.4398 -1.8447, 14.1865 0.451 -1.8496, 14.1903 0.4636 -1.8552, 14.1906 0.477 -1.8611, 14.1871 0.4906 -1.8671, 14.1808 0.5018 -1.872, 14.1718 0.5114 -1.8762, 14.1596 0.5193 -1.8797, 14.1469 0.5238 -1.8817, 14.1319 0.5228 -1.8918, 14.1319 0.5905 -1.7409, 14.1388 0.5845 -1.7416, 14.1427 0.5811 -1.742, 14.1595 0.5641 -1.7481, 14.1535 0.5702 -1.7458, 14.1522 0.5716 -1.7453, 14.1452 0.5788 -1.7426, 14.1441 0.5798 -1.7422, 14.1019 0.5616 -1.7491, 14.1042 0.5616 -1.7478, 14.1091 0.5695 -1.7454, 14.1114 0.5616 -1.745, 14.1113 0.5716 -1.7446, 14.1202 0.5798 -1.7429, 14.1126 0.5729 -1.7441, 14.125 0.5616 -1.7418, 14.125 0.5842 -1.742, 14.1169 0.5616 -1.7428, 14.1291 0.5227 -1.8918, 14.1291 0.5457 -1.8623, 14.1291 0.5511 -1.8603, 14.1116 0.5484 -1.8573, 14.1128 0.5488 -1.8578, 14.1168 0.5449 -1.8606, 14.1169 0.5495 -1.8586, 14.1245 0.5508 -1.86, 14.1051 0.5462 -1.8548, 14.1049 0.5431 -1.8564, 14.0998 0.5443 -1.8527, 14.0932 0.5399 -1.8492, 14.0936 0.5409 -1.8483, 14.0877 0.5377 -1.8441, 14.0879 0.5378 -1.8443, 14.0927 0.5404 -1.8477, 14.0841 0.5224 -1.8481, 14.0773 0.5149 -1.8385, 14.0802 0.5319 -1.8351, 14.0735 0.5253 -1.8164, 14.076 0.528 -1.8264, 14.0735 0.5064 -1.8275, 14.0762 0.5282 -1.8268, 14.0775 0.5294 -1.8295, 14.0731 0.4974 -1.816, 14.0735 0.5253 -1.816, 14.0735 0.5253 -1.8162, 14.0731 0.5195 -1.8029, 14.0734 0.5253 -1.8006, 14.0728 0.5246 -1.8072, 14.074 0.526 -1.7943, 14.0766 0.5135 -1.7892, 14.0763 0.5282 -1.786, 14.083 0.5085 -1.778, 14.0831 0.5366 -1.7695, 14.0818 0.5347 -1.7715, 14.0803 0.5329 -1.7747, 14.0779 0.5297 -1.7803, 14.0769 0.5288 -1.7839, 14.0831 0.5366 -1.7694, 14.092 0.5043 -1.7684, 14.0851 0.5394 -1.7664, 14.0921 0.5489 -1.7575, 14.0893 0.5452 -1.76, 14.092 0.5378 -1.7584, 14.0857 0.5402 -1.7655, 14.101 0.5605 -1.7498, 14.1042 0.5364 -1.7499, 14.0976 0.556 -1.7528, 14.0921 0.5489 -1.7575, 14.1169 0.5355 -1.745, 14.1169 0.4082 -1.8723, 14.1042 0.4131 -1.8731, 14.092 0.4216 -1.8746, 14.083 0.4319 -1.8763, 14.0766 0.444 -1.8784, 14.0731 0.4587 -1.8809, 14.0735 0.473 -1.8833, 14.0773 0.4867 -1.8856, 14.0841 0.4987 -1.8877, 14.0932 0.5086 -1.8894, 14.1049 0.5164 -1.8907, 14.1168 0.5209 -1.8914, 14.1169 0.4989 -1.756, 14.1042 0.5009 -1.7606, 14.1169 0.466 -1.7757, 14.1042 0.469 -1.7796, 14.092 0.4743 -1.7864, 14.083 0.4807 -1.7946, 14.0766 0.4883 -1.8043, 14.1291 0.5373 -1.8673, 14.1168 0.5362 -1.8658, 14.1049 0.5334 -1.8622, 14.0932 0.5285 -1.856, 14.0844 0.5351 -1.8401, 14.1291 0.5305 -1.8741, 14.1168 0.529 -1.873, 14.1049 0.5254 -1.8702, 14.0932 0.5192 -1.8653, 14.0841 0.5113 -1.8592, 14.0773 0.5017 -1.8517, 14.0735 0.4907 -1.8432, 14.0731 0.4793 -1.8342, 14.0766 0.4675 -1.8251, 14.083 0.4578 -1.8175, 14.092 0.4496 -1.8111, 14.1042 0.4428 -1.8058, 14.1169 0.4389 -1.8028, 14.1291 0.5255 -1.8825, 14.1168 0.5238 -1.8817, 14.1049 0.5196 -1.8799, 14.0932 0.5124 -1.8767, 14.0841 0.5032 -1.8727, 14.0773 0.4921 -1.8677, 14.0735 0.4794 -1.8621, 14.0731 0.4661 -1.8563, 14.0766 0.4525 -1.8503, 14.083 0.4412 -1.8453, 14.092 0.4317 -1.8411, 14.1042 0.4238 -1.8376, 14.1169 0.4193 -1.8356, 11.8957 5.5315 -2.107, 11.8839 5.561 -2.107, 11.8957 5.4331 -2.107, 11.8839 5.4035 -2.107, 8.7421 3.6614 -1.9102, 8.6831 3.6614 -1.9102, 8.7421 3.8529 -1.9102, 8.6831 3.8583 -1.9102, 8.9555 5.0238 -1.9102, 8.8974 5.0344 -1.9102, 8.9587 5.0601 -1.9102, 8.8996 5.0598 -1.9102, 8.9551 5.0965 -1.9102, 8.8839 5.22 -1.9102, 8.9294 5.2288 -1.9102, 8.8839 5.1536 -1.9102, 8.8971 5.0853 -1.9102, 8.9368 4.9213 -1.8905, 8.9606 4.9213 -1.8905, 8.9185 4.8209 -1.8905, 8.9606 4.8819 -1.8905, 8.9615 4.8721 -1.8905, 8.9649 4.8598 -1.8905, 8.9222 4.8152 -1.8905, 8.971 4.8485 -1.8905, 8.9388 4.7958 -1.8905, 8.9793 4.8388 -1.8905, 8.9543 4.7835 -1.8905, 8.987 4.8327 -1.8905, 9.1223 4.6719 -1.8905, 9.155 4.7211 -1.8905, 9.1322 4.6641 -1.8905, 9.1723 4.7074 -1.8905, 9.1449 4.6489 -1.8905, 9.1946 4.6809 -1.8905, 9.1535 4.6311 -1.8905, 9.2095 4.6497 -1.8905, 9.1573 4.6117 -1.8905, 9.2162 4.6158 -1.8905, 9.1562 4.592 -1.8905, 9.2142 4.5812 -1.8905, 9.1502 4.5731 -1.8905, 9.2037 4.5483 -1.8905, 9.1396 4.5564 -1.8905, 9.1853 4.5189 -1.8905, 9.1309 4.5473 -1.8905, 9.17 4.5031 -1.8905, 8.9415 4.3798 -1.8905, 8.9806 4.3356 -1.8905, 8.9261 4.3634 -1.8905, 8.9729 4.3274 -1.8905, 8.912 4.3399 -1.8905, 8.9658 4.3156 -1.8905, 8.9037 4.3137 -1.8905, 8.9617 4.3025 -1.8905, 8.9016 4.2913 -1.8905, 8.9606 4.2913 -1.8905, 8.9016 3.7008 -1.8905, 8.9606 3.7008 -1.8905, 8.9511 5.0 -1.8118, 8.9511 5.0 -1.7724, 8.9606 5.0 -1.8118, 8.9606 5.0 -1.7724, 8.9508 4.9988 -1.8249, 8.9606 4.9989 -1.8249, 8.9508 4.9987 -1.826, 8.9497 4.9936 -1.8428, 8.9606 4.9933 -1.8435, 8.9496 4.9932 -1.8435, 8.948 4.9847 -1.8584, 8.9606 4.9834 -1.8602, 8.9477 4.9832 -1.86, 8.9455 4.9714 -1.8725, 8.9606 4.9697 -1.8739, 8.9452 4.9695 -1.8737, 8.9431 4.9572 -1.8818, 8.9606 4.953 -1.8838, 8.9423 4.9529 -1.8835, 8.9402 4.9406 -1.8881, 8.9606 4.9344 -1.8894, 8.9391 4.9344 -1.8889, 13.5284 3.1496 -1.8594, 13.507 3.1496 -1.7969, 14.2303 3.1496 -1.6425, 13.5335 3.1496 -1.9102, 13.376 3.1496 -1.674, 13.376 3.1496 -1.6425, 13.4209 3.1496 -1.6982, 13.4704 3.1496 -1.7419, 8.9606 3.6614 -1.9299, 8.9016 3.6614 -1.9299, 8.9606 3.662 -1.9233, 8.9016 3.662 -1.9233, 8.9606 3.6648 -1.914, 8.9016 3.6648 -1.914, 8.9606 3.6697 -1.9057, 8.9016 3.6697 -1.9057, 8.9606 3.6766 -1.8988, 8.9016 3.6766 -1.8988, 8.9606 3.6849 -1.8938, 8.9016 3.6849 -1.8938, 8.9606 3.6942 -1.8911, 8.9016 3.6942 -1.8911, 8.8642 5.4134 -2.048, 8.8524 5.3691 -2.048, 8.8642 5.4921 -2.048, 8.8524 5.5217 -2.048, 9.1476 5.4134 -2.107, 9.1476 5.4921 -2.107, 9.1476 5.4134 -2.048, 9.1476 5.4921 -2.048, 14.4272 0.5525 -1.785, 14.4272 0.0 -1.6346, 14.4272 0.5605 -1.7819, 14.4272 0.5709 -1.7806, 14.4272 1.3374 -2.091, 14.4272 0.923 -1.8096, 14.4272 0.9199 -1.8016, 14.4272 2.769 -1.8752, 14.4272 2.7615 -1.8805, 14.4272 2.1635 -2.1309, 14.4272 2.755 -1.8878, 14.4272 2.7509 -1.8951, 14.4272 2.7485 -1.9042, 14.4272 2.748 -1.9102, 14.4272 2.1654 -2.1464, 14.4272 1.4155 -2.1309, 14.4272 2.0734 -2.0972, 14.4272 2.0622 -2.1072, 14.4272 0.9146 -1.7941, 14.4272 0.9073 -1.7875, 14.4272 1.3524 -2.0877, 14.4272 4.4975 -1.7846, 14.4272 2.4409 -1.6346, 14.4272 4.5079 -1.7833, 14.4272 5.1181 -1.6346, 14.4272 4.8228 -1.7833, 14.4272 4.8288 -1.7837, 14.4272 0.9 -1.7835, 14.4272 0.8909 -1.781, 14.4272 0.8849 -1.7806, 14.4272 0.545 -1.7903, 14.4272 0.5384 -1.7976, 14.4272 0.5344 -1.805, 14.4272 0.5328 -1.9994, 14.4272 0.5359 -2.0073, 14.4272 0.1181 -2.1858, 14.4272 2.0854 -2.091, 14.4272 1.4106 -2.1185, 14.4272 1.4024 -2.1071, 14.4272 4.8228 -2.03, 14.4272 4.8332 -2.0287, 14.4272 5.0 -2.1858, 14.4272 2.0472 -2.1464, 14.4272 1.4173 -2.1464, 14.4272 2.0489 -2.1319, 14.4272 2.0535 -2.1197, 14.4272 1.3912 -2.0973, 14.4272 1.3807 -2.0916, 14.4272 1.3676 -2.088, 14.4272 0.0036 -2.0965, 14.4272 0.5315 -1.989, 14.4272 -0.0004 -2.0677, 14.4272 0.5315 -1.82, 14.4272 0.5319 -1.814, 14.4272 0.1072 -2.1853, 14.4272 0.0786 -2.179, 14.4272 0.0525 -2.1659, 14.4272 0.0312 -2.1476, 14.4272 0.0142 -2.1238, 14.4272 0.5412 -2.0148, 14.4272 0.5485 -2.0214, 14.4272 0.5558 -2.0254, 14.4272 1.3141 -2.1072, 14.4272 1.3055 -2.1197, 14.4272 0.9243 -1.989, 14.4272 2.748 -2.1267, 14.4272 2.689 -2.1858, 14.4272 2.2047 -2.1858, 14.4272 4.5079 -2.03, 14.4272 4.4698 -2.001, 14.4272 4.4729 -2.009, 14.4272 2.9594 -1.8998, 14.4272 4.4782 -2.0165, 14.4272 4.4855 -2.0231, 14.4272 2.1004 -2.0877, 14.4272 2.1157 -2.088, 14.4272 2.1288 -2.0916, 14.4272 1.3254 -2.0972, 14.4272 0.9243 -1.82, 14.4272 2.7226 -2.1753, 14.4272 2.7116 -2.1814, 14.4272 2.6981 -2.1851, 14.4272 2.965 -2.1493, 14.4272 2.9613 -2.1358, 14.4272 4.4928 -2.0271, 14.4272 2.9606 -2.1267, 14.4272 2.9606 -1.9102, 14.4272 4.8622 -1.8227, 14.4272 4.8609 -1.8123, 14.4272 4.8578 -1.8043, 14.4272 4.8525 -1.7968, 14.4272 2.7874 -1.8708, 14.4272 2.777 -1.8721, 14.4272 0.5649 -2.0279, 14.4272 0.5709 -2.0283, 14.4272 1.2598 -2.1858, 14.4272 1.2992 -2.1464, 14.4272 0.8953 -2.027, 14.4272 1.3009 -2.1319, 14.4272 0.9033 -2.0239, 14.4272 0.9108 -2.0187, 14.4272 2.7462 -2.1421, 14.4272 2.7415 -2.1541, 14.4272 2.7337 -2.1654, 14.4272 2.1943 -2.1845, 14.4272 2.1861 -2.1813, 14.4272 2.1785 -2.1758, 14.4272 2.172 -2.1684, 14.4272 4.8452 -1.7902, 14.4272 4.8379 -1.7862, 14.4272 4.4754 -1.8003, 14.4272 4.4714 -1.8076, 14.4272 4.4689 -1.8166, 14.4272 2.951 -1.8843, 14.4272 2.9436 -1.8777, 14.4272 2.1586 -2.1185, 14.4272 2.1504 -2.1071, 14.4272 2.1392 -2.0973, 14.4272 0.9174 -2.0113, 14.4272 0.9214 -2.004, 14.4272 0.9239 -1.995, 14.4272 1.2979 -2.1568, 14.4272 1.2947 -2.165, 14.4272 1.2892 -2.1726, 14.4272 1.2818 -2.1791, 14.4272 2.1677 -2.16, 14.4272 2.1656 -2.1509, 14.4272 4.5019 -2.0296, 14.4272 3.0197 -2.1858, 14.4272 2.9711 -2.1604, 14.4272 2.9562 -1.8918, 14.4272 4.4895 -1.7877, 14.4272 4.482 -1.7929, 14.4272 2.9363 -1.8737, 14.4272 2.9273 -1.8712, 14.4272 2.9213 -1.8708, 14.4272 0.8849 -2.0283, 14.4272 1.2643 -2.1855, 14.4272 1.2735 -2.1834, 14.4272 4.8412 -2.0256, 14.4272 4.8487 -2.0203, 14.4272 5.0198 -2.1841, 14.4272 4.8553 -2.013, 14.4272 5.0476 -2.1757, 14.4272 4.8593 -2.0057, 14.4272 5.0932 -2.1403, 14.4272 5.0726 -2.1608, 14.4272 4.8622 -1.9906, 14.4272 5.1182 -2.0677, 14.4272 4.8618 -1.9966, 14.4272 5.1164 -2.0874, 14.4272 5.1081 -2.1153, 14.4272 4.4685 -1.8227, 14.4272 4.4685 -1.9906, 14.4272 3.0043 -2.1839, 14.4272 2.9923 -2.1793, 14.4272 2.981 -2.1714, 10.0138 5.4331 -2.107, 10.0256 5.4035 -2.107, 10.0138 5.5315 -2.107, 10.0256 5.561 -2.107, 10.4469 5.4331 -2.107, 10.4587 5.4035 -2.107, 10.4469 5.5315 -2.107, 10.4587 5.561 -2.107, 10.8799 5.4331 -2.107, 10.8917 5.4035 -2.107, 10.8799 5.5315 -2.107, 10.8917 5.561 -2.107, 11.313 5.4331 -2.107, 11.3248 5.4035 -2.107, 11.313 5.5315 -2.107, 11.3248 5.561 -2.107, 11.7461 5.4331 -2.107, 11.7579 5.4035 -2.107, 11.7461 5.5315 -2.107, 11.7579 5.561 -2.107, 11.7579 5.561 -2.107
            ]
        }
        coordIndex [
            0,1,2,-1,2,1,3,-1,1,4,3,-1,3,4,5,-1,3,5,6,-1,5,7,6,-1,6,7,8,-1,6,8,9,-1,8,10,9,-1,9,10,11,-1,9,11,12,-1,11,13,12,-1,12,13,14,-1,12,14,15,-1,16,17,18,-1,18,17,19,-1,18,19,20,-1,20,19,15,-1,20,15,21,-1,21,15,14,-1,22,23,24,-1,22,24,25,-1,26,27,28,-1,28,27,29,-1,30,31,27,-1,27,31,24,-1,27,24,29,-1,29,24,23,-1,29,23,32,-1,33,34,35,-1,35,34,36,-1,36,34,24,-1,24,34,37,-1,24,37,25,-1,23,38,39,-1,23,40,41,-1,42,32,43,-1,43,32,23,-1,43,23,44,-1,44,23,45,-1,41,46,23,-1,23,46,47,-1,23,47,45,-1,39,48,23,-1,23,48,49,-1,23,49,50,-1,50,51,23,-1,23,51,52,-1,23,52,40,-1,53,54,55,-1,55,54,56,-1,57,58,59,-1,59,58,60,-1,59,60,61,-1,61,60,62,-1,61,62,63,-1,63,62,64,-1,63,64,65,-1,65,64,66,-1,65,66,67,-1,67,66,68,-1,67,68,69,-1,69,68,70,-1,69,70,71,-1,71,70,72,-1,71,72,73,-1,73,72,74,-1,73,74,75,-1,75,74,76,-1,75,76,77,-1,77,76,78,-1,77,78,79,-1,79,78,80,-1,79,80,81,-1,81,80,82,-1,81,82,83,-1,82,84,83,-1,83,84,85,-1,83,85,86,-1,86,85,30,-1,86,30,27,-1,87,88,89,-1,90,91,87,-1,89,92,87,-1,87,92,93,-1,87,93,94,-1,95,96,97,-1,97,96,98,-1,97,98,99,-1,100,101,88,-1,91,102,87,-1,87,102,103,-1,87,103,104,-1,99,105,97,-1,97,105,106,-1,97,106,107,-1,87,108,88,-1,88,108,109,-1,88,109,110,-1,111,112,113,-1,113,112,114,-1,101,115,88,-1,88,115,112,-1,88,112,116,-1,116,112,111,-1,94,117,87,-1,87,117,118,-1,87,118,90,-1,107,119,97,-1,97,119,87,-1,97,87,120,-1,120,87,104,-1,110,121,88,-1,88,121,122,-1,88,122,100,-1,123,124,125,-1,123,125,126,-1,127,128,125,-1,125,128,129,-1,129,130,125,-1,125,130,131,-1,125,131,132,-1,132,133,125,-1,125,133,134,-1,125,134,126,-1,135,136,137,-1,137,136,138,-1,138,139,137,-1,137,139,140,-1,137,140,141,-1,142,143,135,-1,135,143,144,-1,135,144,136,-1,145,146,147,-1,142,148,143,-1,143,148,149,-1,143,149,150,-1,150,149,151,-1,145,147,140,-1,140,147,152,-1,140,152,141,-1,153,154,155,-1,156,157,158,-1,159,160,161,-1,161,160,162,-1,161,162,163,-1,164,165,166,-1,167,168,169,-1,169,168,170,-1,159,171,160,-1,160,171,172,-1,160,172,173,-1,173,172,169,-1,173,169,174,-1,174,169,170,-1,166,165,175,-1,158,157,176,-1,176,157,177,-1,176,177,178,-1,178,177,179,-1,178,179,180,-1,170,158,174,-1,174,158,176,-1,174,176,173,-1,173,176,178,-1,173,178,160,-1,160,178,180,-1,160,180,162,-1,181,182,183,-1,183,182,184,-1,183,184,185,-1,186,187,188,-1,189,186,190,-1,190,186,188,-1,190,188,191,-1,191,188,192,-1,193,194,195,-1,195,194,196,-1,195,196,197,-1,198,187,199,-1,199,187,186,-1,199,186,200,-1,200,186,189,-1,200,189,185,-1,192,188,201,-1,201,188,187,-1,201,187,202,-1,202,187,198,-1,202,198,203,-1,203,198,204,-1,203,204,205,-1,184,206,185,-1,185,206,207,-1,185,207,200,-1,200,207,208,-1,200,208,199,-1,199,208,209,-1,199,209,198,-1,198,209,210,-1,198,210,204,-1,95,211,96,-1,96,211,212,-1,96,212,98,-1,213,154,214,-1,214,154,153,-1,214,153,164,-1,104,215,120,-1,120,215,211,-1,120,211,97,-1,97,211,95,-1,216,217,218,-1,218,217,219,-1,218,219,220,-1,220,219,221,-1,220,221,222,-1,222,221,223,-1,222,223,224,-1,224,223,225,-1,226,227,216,-1,216,227,228,-1,216,228,217,-1,226,216,155,-1,155,216,218,-1,155,218,153,-1,153,218,220,-1,153,220,164,-1,164,220,222,-1,164,222,165,-1,165,222,224,-1,165,224,175,-1,175,224,225,-1,175,225,229,-1,107,106,230,-1,230,106,105,-1,230,105,99,-1,231,232,230,-1,230,232,233,-1,230,233,107,-1,234,235,236,-1,236,235,237,-1,236,237,238,-1,238,237,239,-1,238,239,240,-1,241,234,242,-1,242,234,236,-1,242,236,243,-1,243,236,238,-1,243,238,244,-1,244,238,240,-1,244,240,231,-1,231,240,245,-1,231,245,232,-1,171,241,172,-1,172,241,242,-1,172,242,169,-1,169,242,243,-1,169,243,167,-1,167,243,244,-1,167,244,246,-1,246,244,231,-1,246,231,247,-1,247,231,230,-1,247,230,212,-1,212,230,99,-1,212,99,98,-1,197,196,248,-1,248,196,249,-1,248,249,250,-1,250,249,251,-1,250,251,252,-1,252,251,253,-1,252,253,254,-1,193,255,194,-1,194,255,156,-1,194,156,229,-1,228,181,217,-1,217,181,183,-1,217,183,219,-1,219,183,185,-1,219,185,221,-1,221,185,189,-1,221,189,223,-1,223,189,190,-1,223,190,225,-1,225,190,191,-1,225,191,229,-1,229,191,192,-1,229,192,194,-1,194,192,201,-1,194,201,196,-1,196,201,202,-1,196,202,249,-1,249,202,203,-1,249,203,251,-1,251,203,205,-1,251,205,253,-1,156,158,229,-1,229,158,170,-1,229,170,175,-1,175,170,168,-1,175,168,166,-1,166,168,167,-1,166,167,164,-1,164,167,246,-1,164,246,214,-1,214,246,247,-1,214,247,213,-1,213,247,212,-1,213,212,154,-1,154,212,211,-1,154,211,155,-1,155,211,215,-1,155,215,226,-1,161,163,256,-1,257,258,259,-1,119,107,233,-1,108,87,260,-1,261,262,263,-1,261,263,264,-1,264,263,265,-1,264,265,266,-1,267,268,266,-1,262,261,269,-1,269,261,270,-1,269,270,271,-1,272,273,274,-1,272,274,270,-1,270,274,275,-1,270,275,271,-1,266,268,264,-1,264,268,276,-1,264,276,261,-1,261,276,277,-1,261,277,270,-1,270,277,278,-1,270,278,272,-1,279,280,281,-1,281,280,282,-1,281,282,283,-1,283,282,284,-1,283,284,285,-1,285,284,286,-1,287,286,288,-1,288,286,284,-1,288,284,289,-1,289,284,282,-1,289,282,290,-1,290,282,280,-1,290,280,291,-1,290,292,289,-1,289,292,293,-1,289,293,288,-1,288,293,294,-1,288,294,287,-1,287,294,295,-1,279,281,257,-1,257,281,283,-1,257,283,258,-1,258,283,285,-1,258,285,296,-1,296,285,286,-1,296,286,297,-1,297,286,287,-1,297,287,298,-1,298,287,295,-1,298,295,299,-1,300,301,302,-1,302,301,303,-1,302,303,304,-1,305,306,307,-1,307,306,308,-1,307,308,309,-1,310,311,312,-1,312,311,313,-1,312,313,314,-1,314,313,315,-1,314,315,316,-1,317,306,318,-1,318,306,305,-1,318,305,319,-1,319,305,320,-1,319,320,321,-1,322,323,310,-1,310,323,324,-1,310,324,311,-1,159,320,171,-1,171,320,305,-1,171,305,241,-1,241,305,307,-1,241,307,234,-1,234,307,309,-1,234,309,235,-1,235,309,237,-1,121,110,325,-1,325,110,109,-1,108,260,109,-1,260,326,327,-1,109,260,325,-1,325,260,327,-1,325,327,328,-1,329,240,330,-1,330,240,239,-1,245,326,232,-1,232,326,260,-1,232,260,233,-1,233,260,87,-1,233,87,119,-1,331,101,332,-1,332,101,100,-1,332,100,122,-1,333,334,335,-1,335,334,336,-1,266,337,267,-1,267,337,338,-1,267,338,336,-1,336,338,339,-1,336,339,335,-1,329,304,340,-1,340,304,303,-1,340,303,341,-1,341,303,342,-1,341,342,343,-1,343,342,344,-1,343,344,332,-1,332,344,345,-1,332,345,331,-1,334,259,336,-1,336,259,258,-1,336,258,267,-1,267,258,296,-1,267,296,268,-1,268,296,297,-1,268,297,276,-1,276,297,298,-1,276,298,277,-1,277,298,299,-1,277,299,278,-1,122,121,332,-1,332,121,325,-1,332,325,343,-1,343,325,328,-1,343,328,341,-1,341,328,327,-1,341,327,340,-1,340,327,326,-1,340,326,329,-1,329,326,245,-1,329,245,240,-1,159,161,320,-1,320,161,256,-1,320,256,321,-1,321,256,346,-1,321,346,347,-1,324,348,311,-1,311,348,292,-1,311,292,313,-1,313,292,290,-1,313,290,315,-1,315,290,291,-1,315,291,316,-1,239,237,330,-1,330,237,309,-1,330,309,329,-1,329,309,308,-1,329,308,304,-1,304,308,306,-1,304,306,302,-1,302,306,317,-1,302,317,300,-1,333,345,334,-1,334,345,344,-1,334,344,259,-1,259,344,342,-1,259,342,257,-1,257,342,303,-1,257,303,279,-1,279,303,301,-1,279,301,280,-1,280,301,300,-1,280,300,291,-1,291,300,317,-1,291,317,316,-1,316,317,318,-1,316,318,314,-1,314,318,319,-1,314,319,312,-1,312,319,321,-1,312,321,310,-1,310,321,347,-1,310,347,322,-1,349,350,351,-1,352,353,354,-1,116,111,355,-1,89,88,356,-1,115,101,331,-1,357,358,355,-1,114,112,359,-1,360,361,262,-1,350,349,362,-1,363,364,365,-1,366,367,368,-1,369,370,371,-1,371,370,372,-1,373,374,375,-1,372,376,371,-1,371,376,377,-1,371,377,374,-1,374,377,378,-1,374,378,375,-1,379,380,381,-1,381,380,382,-1,366,368,383,-1,384,367,385,-1,385,367,366,-1,385,366,386,-1,386,366,383,-1,386,383,387,-1,354,388,389,-1,389,388,379,-1,389,379,368,-1,368,379,381,-1,368,381,383,-1,383,381,382,-1,383,382,387,-1,337,266,390,-1,390,266,265,-1,363,365,391,-1,391,365,392,-1,391,392,393,-1,393,392,390,-1,393,390,394,-1,394,390,265,-1,394,265,263,-1,338,337,395,-1,395,337,390,-1,395,390,396,-1,396,390,392,-1,396,392,397,-1,397,392,365,-1,397,365,398,-1,398,365,364,-1,399,400,401,-1,401,400,402,-1,401,402,403,-1,382,403,387,-1,387,403,402,-1,387,402,404,-1,404,402,400,-1,405,406,407,-1,408,405,409,-1,409,405,407,-1,409,407,349,-1,349,407,410,-1,349,410,362,-1,399,361,408,-1,408,361,360,-1,408,360,405,-1,405,360,411,-1,405,411,406,-1,406,411,412,-1,412,413,414,-1,412,414,406,-1,406,414,415,-1,406,415,407,-1,407,415,416,-1,407,416,410,-1,114,359,113,-1,417,357,359,-1,359,357,355,-1,359,355,113,-1,113,355,111,-1,112,115,359,-1,359,115,331,-1,359,331,417,-1,417,331,345,-1,417,345,418,-1,418,345,333,-1,418,333,335,-1,92,89,419,-1,419,89,356,-1,419,356,420,-1,420,356,421,-1,422,423,421,-1,375,424,373,-1,373,424,425,-1,373,425,426,-1,426,425,427,-1,426,427,352,-1,352,354,426,-1,426,354,389,-1,426,389,373,-1,373,389,368,-1,373,368,374,-1,374,368,367,-1,374,367,371,-1,371,367,384,-1,371,384,369,-1,88,116,356,-1,356,116,355,-1,356,355,428,-1,428,355,358,-1,428,358,429,-1,429,358,357,-1,429,357,430,-1,430,357,417,-1,430,417,431,-1,431,417,418,-1,431,418,432,-1,432,418,335,-1,432,335,339,-1,273,413,274,-1,274,413,412,-1,274,412,275,-1,275,412,411,-1,275,411,271,-1,271,411,360,-1,271,360,269,-1,269,360,262,-1,399,408,400,-1,400,408,409,-1,400,409,404,-1,404,409,349,-1,404,349,387,-1,387,349,351,-1,387,351,386,-1,386,351,433,-1,386,433,385,-1,385,433,434,-1,385,434,384,-1,384,434,435,-1,384,435,369,-1,421,356,422,-1,422,356,428,-1,422,428,436,-1,436,428,429,-1,436,429,398,-1,398,429,430,-1,398,430,397,-1,397,430,431,-1,397,431,396,-1,396,431,432,-1,396,432,395,-1,395,432,339,-1,395,339,338,-1,353,423,354,-1,354,423,422,-1,354,422,388,-1,388,422,436,-1,388,436,379,-1,379,436,398,-1,379,398,380,-1,380,398,364,-1,380,364,382,-1,382,364,363,-1,382,363,403,-1,403,363,391,-1,403,391,401,-1,401,391,393,-1,401,393,399,-1,399,393,394,-1,399,394,361,-1,361,394,263,-1,361,263,262,-1,437,438,439,-1,226,215,440,-1,90,118,441,-1,102,91,440,-1,375,378,442,-1,377,376,443,-1,444,445,442,-1,446,209,208,-1,446,208,447,-1,447,208,207,-1,447,207,206,-1,448,449,206,-1,209,446,210,-1,210,446,450,-1,210,450,204,-1,451,254,253,-1,451,253,450,-1,450,253,205,-1,450,205,204,-1,206,449,447,-1,447,449,452,-1,447,452,446,-1,446,452,453,-1,446,453,450,-1,450,453,454,-1,450,454,451,-1,455,456,457,-1,457,456,458,-1,457,458,459,-1,459,458,460,-1,459,460,461,-1,461,460,462,-1,463,462,464,-1,464,462,460,-1,464,460,465,-1,465,460,458,-1,465,458,466,-1,466,458,456,-1,466,456,467,-1,466,468,465,-1,465,468,469,-1,465,469,464,-1,464,469,470,-1,464,470,463,-1,463,470,471,-1,455,457,437,-1,437,457,459,-1,437,459,438,-1,438,459,461,-1,438,461,472,-1,472,461,462,-1,472,462,473,-1,473,462,463,-1,473,463,474,-1,474,463,471,-1,474,471,475,-1,476,477,478,-1,478,477,479,-1,478,479,480,-1,480,481,478,-1,478,481,482,-1,478,482,476,-1,476,482,483,-1,476,483,484,-1,485,427,425,-1,486,487,488,-1,488,487,489,-1,488,489,490,-1,490,489,491,-1,490,491,492,-1,378,377,442,-1,442,377,443,-1,442,443,444,-1,444,443,493,-1,494,495,486,-1,486,495,496,-1,486,496,487,-1,424,375,484,-1,484,375,442,-1,484,442,476,-1,476,442,445,-1,476,445,477,-1,118,117,497,-1,497,498,499,-1,118,497,441,-1,441,497,499,-1,441,499,500,-1,92,419,93,-1,93,419,497,-1,93,497,94,-1,94,497,117,-1,102,440,103,-1,103,440,215,-1,103,215,104,-1,227,501,228,-1,228,501,502,-1,206,184,448,-1,448,184,182,-1,448,182,502,-1,502,182,181,-1,502,181,228,-1,226,440,503,-1,503,440,504,-1,503,504,505,-1,505,504,506,-1,505,506,481,-1,481,506,507,-1,481,507,482,-1,482,507,508,-1,482,508,483,-1,483,508,485,-1,483,485,484,-1,484,485,425,-1,484,425,424,-1,501,439,502,-1,502,439,438,-1,502,438,448,-1,448,438,472,-1,448,472,449,-1,449,472,473,-1,449,473,452,-1,452,473,474,-1,452,474,453,-1,453,474,475,-1,453,475,454,-1,376,372,443,-1,443,372,509,-1,443,509,493,-1,493,509,510,-1,493,510,511,-1,496,512,487,-1,487,512,468,-1,487,468,489,-1,489,468,466,-1,489,466,491,-1,491,466,467,-1,491,467,492,-1,419,420,497,-1,497,420,421,-1,497,421,498,-1,498,421,423,-1,498,423,513,-1,513,423,353,-1,513,353,352,-1,91,90,440,-1,440,90,441,-1,440,441,504,-1,504,441,500,-1,504,500,506,-1,506,500,499,-1,506,499,507,-1,507,499,498,-1,507,498,508,-1,508,498,513,-1,508,513,485,-1,485,513,352,-1,485,352,427,-1,227,226,501,-1,501,226,503,-1,501,503,439,-1,439,503,505,-1,439,505,437,-1,437,505,481,-1,437,481,455,-1,455,481,480,-1,455,480,456,-1,456,480,479,-1,456,479,467,-1,467,479,477,-1,467,477,492,-1,492,477,445,-1,492,445,490,-1,490,445,444,-1,490,444,488,-1,488,444,493,-1,488,493,486,-1,486,493,511,-1,486,511,494,-1,514,515,516,-1,124,123,517,-1,517,518,124,-1,124,518,519,-1,124,519,516,-1,516,519,520,-1,516,520,514,-1,521,522,125,-1,523,524,124,-1,124,524,525,-1,522,526,125,-1,125,526,527,-1,125,527,528,-1,528,529,125,-1,125,529,530,-1,125,530,531,-1,124,516,532,-1,525,533,124,-1,124,533,534,-1,124,534,125,-1,125,534,535,-1,125,535,521,-1,532,536,124,-1,124,536,537,-1,124,537,523,-1,538,530,539,-1,539,530,529,-1,540,536,541,-1,541,536,532,-1,529,528,539,-1,539,528,527,-1,539,527,542,-1,527,526,542,-1,542,526,522,-1,542,522,543,-1,522,521,543,-1,543,521,535,-1,543,535,544,-1,535,534,544,-1,544,534,533,-1,544,533,545,-1,533,525,545,-1,545,525,524,-1,545,524,546,-1,546,524,523,-1,546,523,540,-1,540,523,537,-1,540,537,536,-1,538,547,530,-1,530,547,531,-1,138,136,548,-1,138,548,549,-1,549,548,550,-1,549,550,551,-1,551,550,552,-1,551,552,553,-1,553,552,554,-1,553,554,555,-1,555,554,556,-1,555,556,557,-1,557,556,558,-1,557,558,559,-1,559,558,560,-1,559,560,561,-1,561,560,562,-1,561,562,563,-1,563,562,564,-1,563,564,565,-1,566,135,567,-1,567,135,137,-1,568,569,570,-1,571,572,573,-1,573,572,574,-1,574,572,575,-1,575,572,576,-1,575,576,570,-1,570,576,577,-1,570,577,568,-1,569,578,570,-1,570,578,579,-1,570,579,580,-1,580,581,570,-1,570,581,582,-1,570,582,583,-1,584,585,586,-1,586,585,570,-1,586,570,587,-1,587,570,583,-1,573,588,571,-1,571,588,589,-1,571,589,590,-1,590,589,591,-1,572,592,576,-1,576,592,593,-1,594,595,433,-1,596,597,292,-1,433,351,594,-1,594,351,350,-1,594,350,598,-1,598,350,362,-1,598,362,599,-1,599,362,410,-1,599,410,600,-1,600,410,416,-1,600,416,601,-1,601,416,415,-1,601,415,602,-1,602,415,414,-1,602,414,603,-1,603,414,413,-1,603,413,604,-1,604,413,273,-1,604,273,605,-1,605,273,272,-1,605,272,606,-1,606,272,278,-1,606,278,607,-1,607,278,299,-1,607,299,608,-1,608,299,295,-1,608,295,609,-1,609,295,294,-1,609,294,597,-1,597,294,293,-1,597,293,292,-1,610,496,611,-1,611,496,495,-1,611,495,612,-1,612,495,494,-1,612,494,613,-1,613,494,511,-1,613,511,614,-1,614,511,510,-1,614,510,615,-1,615,510,509,-1,615,509,616,-1,616,509,372,-1,616,372,617,-1,617,372,370,-1,617,370,618,-1,618,370,369,-1,618,369,619,-1,619,369,435,-1,619,435,595,-1,595,435,434,-1,595,434,433,-1,620,468,610,-1,610,468,512,-1,610,512,496,-1,621,193,622,-1,622,193,195,-1,622,195,623,-1,623,195,197,-1,623,197,624,-1,624,197,248,-1,624,248,625,-1,625,248,250,-1,625,250,626,-1,626,250,252,-1,626,252,627,-1,627,252,254,-1,627,254,628,-1,628,254,451,-1,628,451,629,-1,629,451,454,-1,629,454,630,-1,630,454,475,-1,630,475,631,-1,631,475,471,-1,631,471,632,-1,632,471,470,-1,632,470,620,-1,620,470,469,-1,620,469,468,-1,633,157,634,-1,634,157,156,-1,634,156,621,-1,621,156,255,-1,621,255,193,-1,292,348,596,-1,596,348,324,-1,596,324,635,-1,635,324,323,-1,635,323,636,-1,636,323,322,-1,636,322,637,-1,637,322,347,-1,637,347,638,-1,638,347,346,-1,638,346,639,-1,639,346,256,-1,639,256,640,-1,640,256,163,-1,640,163,641,-1,641,163,162,-1,641,162,642,-1,642,162,180,-1,642,180,643,-1,643,180,179,-1,643,179,633,-1,633,179,177,-1,633,177,157,-1,644,645,646,-1,646,645,647,-1,646,647,648,-1,648,647,649,-1,648,649,650,-1,564,651,565,-1,565,651,652,-1,653,654,655,-1,655,654,656,-1,567,137,141,-1,567,141,657,-1,657,141,152,-1,657,152,658,-1,658,152,147,-1,658,147,659,-1,659,147,146,-1,659,146,660,-1,660,146,145,-1,660,145,661,-1,661,145,140,-1,661,140,662,-1,662,140,139,-1,662,139,663,-1,664,665,666,-1,667,668,666,-1,666,668,669,-1,666,669,670,-1,667,671,668,-1,668,671,672,-1,668,672,673,-1,673,674,668,-1,668,674,566,-1,668,566,675,-1,675,566,567,-1,670,676,666,-1,666,676,677,-1,666,677,664,-1,664,677,678,-1,657,662,567,-1,567,662,663,-1,567,663,675,-1,657,658,662,-1,662,658,659,-1,662,659,661,-1,661,659,660,-1,566,674,135,-1,135,674,142,-1,674,673,142,-1,142,673,672,-1,142,672,148,-1,672,671,148,-1,148,671,667,-1,148,667,149,-1,667,666,149,-1,149,666,665,-1,149,665,151,-1,665,664,151,-1,151,664,678,-1,151,678,150,-1,669,144,670,-1,670,144,143,-1,670,143,676,-1,676,143,150,-1,676,150,677,-1,677,150,678,-1,679,680,681,-1,682,683,684,-1,685,684,686,-1,686,684,681,-1,685,687,684,-1,684,687,688,-1,684,688,689,-1,690,691,684,-1,684,691,692,-1,692,693,684,-1,684,693,694,-1,684,694,695,-1,695,696,684,-1,684,696,697,-1,684,697,682,-1,683,698,684,-1,684,698,699,-1,684,699,700,-1,684,701,681,-1,681,701,702,-1,681,702,679,-1,679,702,703,-1,689,704,684,-1,684,704,705,-1,684,705,593,-1,593,592,684,-1,684,592,706,-1,684,706,690,-1,702,701,585,-1,585,584,702,-1,702,584,586,-1,702,586,703,-1,703,586,587,-1,703,587,679,-1,679,587,583,-1,679,583,680,-1,680,583,582,-1,680,582,681,-1,681,582,581,-1,681,581,686,-1,686,581,580,-1,686,580,685,-1,685,580,579,-1,685,579,687,-1,687,579,578,-1,687,578,688,-1,688,578,569,-1,688,569,689,-1,689,569,568,-1,689,568,704,-1,704,568,577,-1,704,577,705,-1,705,577,576,-1,705,576,593,-1,707,708,709,-1,707,709,710,-1,709,711,710,-1,710,711,712,-1,710,712,713,-1,712,714,713,-1,713,714,715,-1,713,715,716,-1,575,570,717,-1,717,570,718,-1,717,718,719,-1,719,718,716,-1,719,716,720,-1,720,716,715,-1,699,698,574,-1,574,698,573,-1,698,683,573,-1,573,683,682,-1,573,682,588,-1,682,697,588,-1,588,697,696,-1,588,696,589,-1,696,695,589,-1,589,695,694,-1,589,694,591,-1,694,693,591,-1,591,693,692,-1,591,692,590,-1,592,572,706,-1,706,572,571,-1,706,571,690,-1,690,571,590,-1,690,590,691,-1,691,590,692,-1,721,722,723,-1,724,725,722,-1,726,727,722,-1,722,727,728,-1,725,729,722,-1,722,729,730,-1,722,730,731,-1,723,732,721,-1,721,732,733,-1,721,733,734,-1,721,735,722,-1,722,735,736,-1,722,736,737,-1,737,738,722,-1,722,738,739,-1,722,739,740,-1,740,741,722,-1,722,741,742,-1,722,742,726,-1,743,744,730,-1,730,744,745,-1,730,745,731,-1,743,746,744,-1,744,746,747,-1,744,747,748,-1,749,750,751,-1,752,753,754,-1,754,753,755,-1,754,755,756,-1,748,757,744,-1,744,757,754,-1,744,754,758,-1,758,754,756,-1,728,759,722,-1,722,759,760,-1,722,760,761,-1,761,762,722,-1,722,762,763,-1,722,763,724,-1,754,764,749,-1,749,751,754,-1,754,751,765,-1,754,765,766,-1,766,767,754,-1,754,767,768,-1,754,768,752,-1,769,770,771,-1,772,773,774,-1,773,772,775,-1,775,772,776,-1,775,776,777,-1,778,779,780,-1,780,781,778,-1,778,781,782,-1,778,782,783,-1,777,776,784,-1,784,776,778,-1,784,778,785,-1,785,778,783,-1,785,783,786,-1,787,788,779,-1,779,788,789,-1,779,789,790,-1,790,791,779,-1,779,791,792,-1,779,792,780,-1,793,794,795,-1,795,794,796,-1,796,797,795,-1,795,797,798,-1,795,798,799,-1,799,798,800,-1,799,800,801,-1,802,803,804,-1,804,803,805,-1,804,805,793,-1,793,805,806,-1,793,806,794,-1,807,808,809,-1,809,808,810,-1,809,810,811,-1,812,813,810,-1,810,813,814,-1,810,814,811,-1,815,816,812,-1,812,816,817,-1,812,817,813,-1,818,819,820,-1,820,819,821,-1,820,821,822,-1,823,824,825,-1,825,824,826,-1,825,826,818,-1,818,826,827,-1,818,827,819,-1,828,626,627,-1,626,828,625,-1,625,828,829,-1,625,829,624,-1,624,829,623,-1,623,829,830,-1,623,830,622,-1,622,830,621,-1,621,830,831,-1,621,831,634,-1,634,831,633,-1,633,831,832,-1,633,832,643,-1,643,832,642,-1,642,832,833,-1,642,833,641,-1,641,833,640,-1,640,833,834,-1,640,834,639,-1,639,834,638,-1,638,834,835,-1,638,835,637,-1,637,835,636,-1,636,835,836,-1,636,836,635,-1,635,836,596,-1,596,836,837,-1,596,837,597,-1,597,837,609,-1,609,837,838,-1,609,838,608,-1,608,838,607,-1,607,838,839,-1,607,839,606,-1,606,839,771,-1,606,771,605,-1,605,771,770,-1,605,770,604,-1,840,823,841,-1,841,823,825,-1,841,825,842,-1,843,842,844,-1,844,842,825,-1,844,825,845,-1,845,825,818,-1,845,818,815,-1,815,818,820,-1,815,820,816,-1,816,820,822,-1,774,846,772,-1,772,846,847,-1,772,847,776,-1,776,847,848,-1,776,848,778,-1,778,848,849,-1,778,849,779,-1,779,849,850,-1,779,850,787,-1,787,850,799,-1,787,799,851,-1,851,799,801,-1,846,852,847,-1,847,852,853,-1,847,853,848,-1,848,853,854,-1,848,854,849,-1,849,854,855,-1,849,855,850,-1,850,855,856,-1,850,856,799,-1,799,856,857,-1,799,857,795,-1,795,857,858,-1,795,858,793,-1,793,858,859,-1,793,859,804,-1,804,859,808,-1,804,808,802,-1,802,808,807,-1,852,860,853,-1,853,860,861,-1,853,861,854,-1,854,861,862,-1,854,862,855,-1,855,862,863,-1,855,863,856,-1,856,863,864,-1,856,864,857,-1,857,864,865,-1,857,865,858,-1,858,865,866,-1,858,866,859,-1,859,866,867,-1,859,867,808,-1,808,867,868,-1,808,868,810,-1,810,868,869,-1,810,869,812,-1,812,869,870,-1,812,870,815,-1,815,870,871,-1,815,871,845,-1,845,871,872,-1,845,872,844,-1,844,872,873,-1,844,873,843,-1,843,873,874,-1,860,875,861,-1,861,875,876,-1,861,876,862,-1,862,876,877,-1,862,877,863,-1,863,877,878,-1,863,878,864,-1,864,878,879,-1,864,879,865,-1,865,879,880,-1,865,880,866,-1,866,880,881,-1,866,881,867,-1,867,881,882,-1,867,882,868,-1,868,882,883,-1,868,883,869,-1,869,883,884,-1,869,884,870,-1,870,884,885,-1,870,885,871,-1,871,885,886,-1,871,886,872,-1,872,886,887,-1,872,887,873,-1,873,887,888,-1,873,888,874,-1,874,888,889,-1,875,769,876,-1,876,769,771,-1,876,771,877,-1,877,771,839,-1,877,839,878,-1,878,839,838,-1,878,838,879,-1,879,838,837,-1,879,837,880,-1,880,837,836,-1,880,836,881,-1,881,836,835,-1,881,835,882,-1,882,835,834,-1,882,834,883,-1,883,834,833,-1,883,833,884,-1,884,833,832,-1,884,832,885,-1,885,832,831,-1,885,831,886,-1,886,831,830,-1,886,830,887,-1,887,830,829,-1,887,829,888,-1,888,829,828,-1,888,828,889,-1,889,828,627,-1,774,773,890,-1,890,773,891,-1,891,773,775,-1,891,775,892,-1,786,893,785,-1,785,893,894,-1,785,894,784,-1,784,894,895,-1,784,895,777,-1,777,895,896,-1,777,896,775,-1,775,896,897,-1,775,897,892,-1,898,899,900,-1,900,899,901,-1,900,901,902,-1,903,904,905,-1,774,890,905,-1,905,890,906,-1,905,906,903,-1,902,901,904,-1,904,901,907,-1,904,907,905,-1,874,889,908,-1,909,910,840,-1,911,912,913,-1,913,912,914,-1,913,914,909,-1,909,914,915,-1,909,915,910,-1,911,913,916,-1,916,913,917,-1,916,917,918,-1,918,917,919,-1,918,919,920,-1,921,922,919,-1,919,922,923,-1,919,923,920,-1,924,925,926,-1,927,928,929,-1,929,928,930,-1,929,930,925,-1,925,930,931,-1,925,931,926,-1,932,933,929,-1,929,933,934,-1,929,934,927,-1,935,936,937,-1,936,935,938,-1,938,935,939,-1,938,939,940,-1,941,942,943,-1,943,944,941,-1,941,944,945,-1,941,945,939,-1,939,945,946,-1,939,946,940,-1,942,941,947,-1,947,941,948,-1,947,948,949,-1,950,951,952,-1,952,951,953,-1,898,954,955,-1,955,954,956,-1,955,956,952,-1,952,956,957,-1,952,957,950,-1,905,907,958,-1,958,907,901,-1,958,901,955,-1,955,901,899,-1,955,899,898,-1,959,603,604,-1,603,959,602,-1,602,959,960,-1,602,960,601,-1,601,960,600,-1,600,960,961,-1,600,961,599,-1,599,961,598,-1,598,961,962,-1,598,962,594,-1,594,962,595,-1,595,962,963,-1,595,963,619,-1,619,963,618,-1,618,963,964,-1,618,964,617,-1,617,964,616,-1,616,964,965,-1,616,965,615,-1,615,965,614,-1,614,965,966,-1,614,966,613,-1,613,966,612,-1,612,966,967,-1,612,967,611,-1,611,967,610,-1,610,967,968,-1,610,968,620,-1,620,968,632,-1,632,968,969,-1,632,969,631,-1,631,969,630,-1,630,969,970,-1,630,970,629,-1,629,970,908,-1,629,908,628,-1,628,908,889,-1,628,889,627,-1,774,905,846,-1,846,905,958,-1,846,958,852,-1,860,852,971,-1,971,852,958,-1,971,958,972,-1,972,958,955,-1,972,955,948,-1,948,955,952,-1,948,952,949,-1,949,952,953,-1,875,860,973,-1,973,860,971,-1,973,971,974,-1,974,971,972,-1,974,972,975,-1,975,972,948,-1,975,948,976,-1,976,948,941,-1,976,941,977,-1,977,941,939,-1,977,939,932,-1,932,939,935,-1,932,935,933,-1,933,935,937,-1,840,841,909,-1,909,841,978,-1,909,978,913,-1,913,978,979,-1,913,979,917,-1,917,979,980,-1,917,980,919,-1,919,980,981,-1,919,981,921,-1,921,981,924,-1,921,924,982,-1,982,924,926,-1,841,842,978,-1,978,842,983,-1,978,983,979,-1,979,983,984,-1,979,984,980,-1,980,984,985,-1,980,985,981,-1,981,985,986,-1,981,986,924,-1,924,986,987,-1,924,987,925,-1,925,987,988,-1,925,988,929,-1,929,988,989,-1,929,989,932,-1,932,989,990,-1,932,990,977,-1,977,990,991,-1,977,991,976,-1,976,991,992,-1,976,992,975,-1,975,992,993,-1,975,993,974,-1,974,993,994,-1,974,994,973,-1,973,994,995,-1,973,995,875,-1,875,995,769,-1,842,843,983,-1,983,843,996,-1,983,996,984,-1,984,996,997,-1,984,997,985,-1,985,997,998,-1,985,998,986,-1,986,998,999,-1,986,999,987,-1,987,999,1000,-1,987,1000,988,-1,988,1000,1001,-1,988,1001,989,-1,989,1001,1002,-1,989,1002,990,-1,990,1002,1003,-1,990,1003,991,-1,991,1003,1004,-1,991,1004,992,-1,992,1004,1005,-1,992,1005,993,-1,993,1005,1006,-1,993,1006,994,-1,994,1006,1007,-1,994,1007,995,-1,995,1007,1008,-1,995,1008,769,-1,769,1008,770,-1,843,874,996,-1,996,874,908,-1,996,908,997,-1,997,908,970,-1,997,970,998,-1,998,970,969,-1,998,969,999,-1,999,969,968,-1,999,968,1000,-1,1000,968,967,-1,1000,967,1001,-1,1001,967,966,-1,1001,966,1002,-1,1002,966,965,-1,1002,965,1003,-1,1003,965,964,-1,1003,964,1004,-1,1004,964,963,-1,1004,963,1005,-1,1005,963,962,-1,1005,962,1006,-1,1006,962,961,-1,1006,961,1007,-1,1007,961,960,-1,1007,960,1008,-1,1008,960,959,-1,1008,959,770,-1,770,959,604,-1,1009,1010,1011,-1,1011,1010,1012,-1,1013,1014,1015,-1,1015,1014,1016,-1,1015,1016,1017,-1,1017,1016,1018,-1,1017,1018,1019,-1,1019,1018,1020,-1,1019,1020,1021,-1,1022,1023,1024,-1,1024,1023,1021,-1,1024,1021,1025,-1,1025,1021,1020,-1,1026,1027,1028,-1,1028,1027,1029,-1,1029,1030,1028,-1,1028,1030,1031,-1,1028,1031,1032,-1,1032,1031,1033,-1,1032,1033,1034,-1,1034,1033,1035,-1,1034,1035,1036,-1,1036,1035,1037,-1,1036,1037,1038,-1,1038,1037,1039,-1,1038,1039,1040,-1,1040,1039,1041,-1,1040,1041,1042,-1,1042,1041,1043,-1,1042,1043,1044,-1,1044,1043,1045,-1,1044,1045,1046,-1,1046,1045,1047,-1,1046,1047,1048,-1,1048,1047,1049,-1,1048,1049,1050,-1,1050,1049,1051,-1,1050,1051,1052,-1,1052,1051,1053,-1,1052,1053,1054,-1,1054,1053,1055,-1,1054,1055,1056,-1,1056,1055,1057,-1,1056,1057,1058,-1,1058,1057,1059,-1,1058,1059,1060,-1,1060,1059,1061,-1,1060,1061,1062,-1,1062,1061,1063,-1,1062,1063,1064,-1,1064,1063,1065,-1,1064,1065,1066,-1,1066,1065,1067,-1,1068,1069,1070,-1,1070,1069,1071,-1,1068,1070,1072,-1,1072,1070,1073,-1,1072,1073,1074,-1,1074,1073,1075,-1,1075,1073,1076,-1,1075,1076,1077,-1,1077,1076,1078,-1,1078,1076,1079,-1,1078,1079,1080,-1,1080,1079,1081,-1,1081,1079,1082,-1,1081,1082,1083,-1,1083,1082,1084,-1,1084,1082,1085,-1,1084,1085,1086,-1,1086,1085,1087,-1,1087,1085,1088,-1,1087,1088,1089,-1,1089,1088,1027,-1,1089,1027,1026,-1,1090,1091,1092,-1,646,648,1092,-1,1092,648,1093,-1,1092,1093,1090,-1,1094,1095,1096,-1,1096,1095,1092,-1,1096,1092,1097,-1,1097,1092,1091,-1,1098,1099,1100,-1,1100,1099,1101,-1,1100,1101,1102,-1,1102,1101,1103,-1,1102,1103,1104,-1,1104,1103,1105,-1,1104,1105,1106,-1,1106,1105,1107,-1,1106,1107,1108,-1,1108,1107,1109,-1,1108,1109,1110,-1,1110,1109,1111,-1,1110,1111,1067,-1,1067,1111,1066,-1,655,656,1112,-1,1112,656,1113,-1,653,655,1114,-1,1114,655,1112,-1,654,653,1115,-1,1115,653,1114,-1,1116,1117,1118,-1,1118,1117,1119,-1,1120,1121,1122,-1,1122,1121,58,-1,1122,58,1123,-1,1124,1125,1126,-1,1127,1128,1129,-1,1129,1128,1130,-1,1129,1130,1131,-1,1131,1132,1129,-1,1129,1132,1133,-1,1129,1133,1134,-1,1135,1136,1137,-1,1126,1138,1124,-1,1124,1138,1139,-1,1124,1139,1140,-1,1141,1142,1143,-1,1143,1142,1144,-1,1143,1144,1145,-1,1145,1144,1146,-1,1147,1148,58,-1,58,1148,1149,-1,58,1149,1123,-1,1120,1150,1121,-1,1121,1150,1151,-1,1121,1151,1152,-1,1153,1154,1155,-1,1136,1135,1156,-1,1156,1135,1157,-1,1156,1157,1158,-1,1159,1160,1161,-1,652,651,1162,-1,1162,651,1163,-1,1162,1163,1164,-1,1164,1163,1135,-1,1164,1135,1165,-1,1165,1135,1137,-1,1158,1166,1156,-1,1156,1166,1167,-1,1156,1167,1139,-1,1139,1167,1168,-1,1139,1168,1140,-1,1153,1169,1170,-1,1170,1169,1171,-1,1170,1171,1172,-1,1172,1171,1121,-1,1172,1121,1173,-1,1173,1121,1152,-1,1155,1174,1153,-1,1153,1174,1175,-1,1153,1175,1176,-1,1176,1177,1153,-1,1153,1177,1178,-1,1153,1178,1169,-1,1154,1179,1155,-1,1155,1179,1180,-1,1155,1180,1181,-1,1182,1183,1184,-1,1133,1185,1134,-1,1134,1185,1186,-1,1134,1186,1187,-1,1159,1161,1188,-1,1189,1190,1191,-1,1191,1190,1192,-1,1191,1192,1193,-1,1139,1147,1156,-1,1156,1147,58,-1,1156,58,1194,-1,1194,58,1142,-1,1194,1142,1195,-1,1195,1142,1196,-1,1124,1197,1125,-1,1125,1197,1182,-1,1125,1182,1198,-1,1198,1182,1184,-1,1199,1200,1185,-1,1185,1200,1201,-1,1185,1201,1186,-1,1202,1203,1204,-1,1204,1203,1205,-1,1204,1205,1193,-1,1193,1205,1206,-1,1193,1206,1191,-1,1207,1208,1144,-1,1144,1208,1209,-1,1144,1209,1210,-1,1211,1212,1142,-1,1142,1212,1127,-1,1181,1213,1155,-1,1155,1213,1214,-1,1155,1214,1215,-1,1216,1217,1218,-1,1218,1217,1219,-1,1218,1219,1220,-1,1221,1222,1185,-1,1185,1222,1223,-1,1185,1223,1199,-1,1224,1225,1187,-1,1187,1225,1226,-1,1187,1226,1227,-1,1210,1228,1144,-1,1144,1228,1229,-1,1144,1229,1146,-1,1230,1231,1191,-1,1191,1231,1232,-1,1141,1233,1234,-1,1129,1235,1127,-1,1127,1235,1236,-1,1127,1236,1142,-1,1142,1236,1237,-1,1142,1237,1196,-1,1220,1238,1218,-1,1218,1238,1239,-1,1218,1239,1183,-1,1183,1239,1240,-1,1183,1240,1184,-1,1241,1242,1216,-1,1216,1242,1243,-1,1216,1243,1244,-1,1227,1245,1187,-1,1187,1245,1246,-1,1187,1246,1134,-1,1188,1161,1247,-1,1247,1161,1248,-1,1247,1248,1204,-1,1204,1248,1249,-1,1204,1249,1202,-1,1233,1141,1250,-1,1250,1141,1251,-1,1250,1251,1191,-1,1191,1251,1252,-1,1191,1252,1230,-1,1234,1253,1141,-1,1141,1253,1254,-1,1141,1254,1142,-1,1142,1254,1255,-1,1142,1255,1211,-1,1214,1256,1215,-1,1215,1256,1217,-1,1215,1217,1257,-1,1257,1217,1216,-1,1257,1216,1258,-1,1258,1216,1244,-1,1160,1259,1161,-1,1161,1259,1260,-1,1161,1260,1261,-1,1261,1260,1262,-1,1261,1262,1263,-1,1264,1265,1262,-1,1262,1265,1266,-1,1262,1266,1263,-1,1207,1144,1267,-1,1267,1144,1268,-1,1267,1268,1269,-1,1269,1268,1270,-1,1269,1270,1264,-1,1264,1270,1271,-1,1264,1271,1265,-1,1232,1272,1191,-1,1191,1272,1273,-1,1191,1273,1189,-1,1274,1275,1248,-1,1248,1275,1276,-1,1248,1276,1249,-1,1277,1278,1279,-1,1279,1278,1280,-1,1281,1282,1283,-1,1283,1282,1284,-1,1285,1286,1287,-1,1287,1286,1288,-1,1289,1290,1291,-1,1291,1290,1292,-1,1293,1294,1295,-1,1295,1294,1296,-1,
        ]
    }
}
Shape{
    appearance Appearance {
        material  Material 	{
            diffuseColor 0.25098039215686274 0.25098039215686274 0.25098039215686274
            specularColor 0.12549019607843137 0.12549019607843137 0.12549019607843137
            ambientIntensity 0.2
            transparency 0
            shininess 0.5
        }
    }
    geometry IndexedFaceSet {
        ccw TRUE
        solid FALSE
        coord DEF co Coordinate {
            point [
                11.8839 5.1181 -2.044, 11.8839 5.1181 -2.107, 11.8839 5.3839 -2.107, 11.8839 5.3839 -2.048, 11.8839 5.4035 -2.048, 11.8839 5.6693 -2.044, 11.8839 5.6201 -2.107, 11.8839 5.6693 -2.107, 11.8839 5.6201 -2.048, 11.8839 5.561 -2.048, 11.8839 5.561 -2.107, 11.8839 5.4035 -2.107, 11.8839 5.4035 -2.107
            ]
        }
        coordIndex [
            0,1,2,-1,2,3,0,-1,0,3,4,-1,0,4,5,-1,6,7,8,-1,8,7,5,-1,8,5,9,-1,9,5,4,-1,9,4,10,-1,10,4,11,-1,
        ]
    }
}
Shape{
    appearance Appearance {
        material  Material 	{
            diffuseColor 0.7529411764705882 0.7529411764705882 0.7529411764705882
            specularColor 0.3764705882352941 0.3764705882352941 0.3764705882352941
            ambientIntensity 0.2
            transparency 0
            shininess 0.5
        }
    }
    geometry IndexedFaceSet {
        ccw TRUE
        solid FALSE
        coord DEF co Coordinate {
            point [
                12.1791 5.4331 -2.107, 12.1909 5.4035 -2.107, 12.1791 5.5315 -2.107, 12.1909 5.561 -2.107, 12.6122 5.4331 -2.107, 12.624 5.4035 -2.107, 12.6122 5.5315 -2.107, 12.624 5.561 -2.107, 13.0532 5.748 -1.7921, 13.1319 5.748 -1.6346, 9.6673 5.748 -1.7921, 9.5886 5.748 -1.6346, 9.5886 5.748 -1.7133, 9.5897 5.748 -1.7265, 9.6541 5.748 -1.791, 9.5953 5.748 -1.7451, 9.6052 5.748 -1.7617, 9.6189 5.748 -1.7754, 13.1153 5.748 -1.7617, 13.0663 5.748 -1.791, 13.1015 5.748 -1.7754, 13.0849 5.748 -1.7854, 13.1252 5.748 -1.7451, 13.1308 5.748 -1.7265, 13.1319 5.748 -1.7133, 9.6356 5.748 -1.7854, 12.4902 5.9843 -2.1858, 12.4902 5.9843 -2.2448, 12.4508 5.9843 -2.1858, 12.4508 5.9843 -2.2448, 12.0571 5.9843 -2.1858, 12.0571 5.9843 -2.2448, 12.0177 5.9843 -2.1858, 12.0177 5.9843 -2.2448, 11.624 5.9843 -2.1858, 11.624 5.9843 -2.2448, 11.5846 5.9843 -2.1858, 11.5846 5.9843 -2.2448, 11.1909 5.9843 -2.1858, 11.1909 5.9843 -2.2448, 11.1516 5.9843 -2.1858, 11.1516 5.9843 -2.2448, 10.7579 5.9843 -2.1858, 10.7579 5.9843 -2.2448, 10.7185 5.9843 -2.1858, 10.7185 5.9843 -2.2448, 10.3248 5.9843 -2.1858, 10.3248 5.9843 -2.2448, 10.2854 5.9843 -2.1858, 10.2854 5.9843 -2.2448, 9.8917 5.9843 -2.1858, 9.8917 5.9843 -2.2448, 9.8524 5.9843 -2.1858, 9.8524 5.9843 -2.2448, 9.0256 5.9843 -2.1858, 9.0256 5.9843 -2.2448, 8.9862 5.9843 -2.1858, 8.9862 5.9843 -2.2448, 8.9862 5.9843 -2.2448
            ]
        }
        coordIndex [
            0,1,2,-1,2,1,3,-1,4,5,6,-1,6,5,7,-1,8,9,10,-1,10,9,11,-1,11,12,10,-1,10,12,13,-1,10,13,14,-1,15,16,17,-1,18,19,20,-1,20,19,21,-1,18,22,19,-1,19,22,23,-1,19,23,8,-1,8,23,24,-1,8,24,9,-1,15,17,13,-1,13,17,25,-1,13,25,14,-1,26,27,28,-1,28,27,29,-1,30,31,32,-1,32,31,33,-1,34,35,36,-1,36,35,37,-1,38,39,40,-1,40,39,41,-1,42,43,44,-1,44,43,45,-1,46,47,48,-1,48,47,49,-1,50,51,52,-1,52,51,53,-1,54,55,56,-1,56,55,57,-1,
        ]
    }
}
Shape{
    appearance Appearance {
        material  Material 	{
            diffuseColor 0.25098039215686274 0.25098039215686274 0.25098039215686274
            specularColor 0.12549019607843137 0.12549019607843137 0.12549019607843137
            ambientIntensity 0.2
            transparency 0
            shininess 0.5
        }
    }
    geometry IndexedFaceSet {
        ccw TRUE
        solid FALSE
        coord DEF co Coordinate {
            point [
                8.8524 5.1181 -2.044, 8.8524 5.1181 -2.107, 8.8524 5.3396 -2.107, 8.8524 5.3396 -2.048, 8.8524 5.3691 -2.048, 8.8524 5.6693 -2.044, 8.8524 5.5807 -2.107, 8.8524 5.6693 -2.107, 8.8524 5.5807 -2.048, 8.8524 5.5217 -2.048, 8.8524 5.5217 -2.107, 8.8524 5.3691 -2.107, 8.8524 5.3691 -2.107
            ]
        }
        coordIndex [
            0,1,2,-1,2,3,0,-1,0,3,4,-1,0,4,5,-1,6,7,8,-1,8,7,5,-1,8,5,9,-1,9,5,4,-1,9,4,10,-1,10,4,11,-1,
        ]
    }
}
Shape{
    appearance Appearance {
        material  Material 	{
            diffuseColor 0.7529411764705882 0.7529411764705882 0.7529411764705882
            specularColor 0.3764705882352941 0.3764705882352941 0.3764705882352941
            ambientIntensity 0.2
            transparency 0
            shininess 0.5
        }
    }
    geometry IndexedFaceSet {
        ccw TRUE
        solid FALSE
        coord DEF co Coordinate {
            point [
                14.4862 3.0197 -2.1858, 14.4272 3.0197 -2.1858, 14.4862 5.0 -2.1858, 14.4272 5.0 -2.1858, 14.4272 2.9606 -2.1267, 14.4272 2.9613 -2.1358, 14.4862 2.9606 -2.1267, 14.4862 2.9615 -2.1366, 14.4862 3.0098 -2.1849, 14.4272 2.9615 -2.1366, 14.4272 2.965 -2.1493, 14.4862 2.9656 -2.1505, 14.4272 2.9656 -2.1505, 14.4272 2.9711 -2.1604, 14.4862 2.9731 -2.163, 14.4272 2.9733 -2.1628, 14.4272 2.981 -2.1714, 14.4862 2.9834 -2.1733, 14.4272 2.9835 -2.1731, 14.4272 2.9923 -2.1793, 14.4862 2.9959 -2.1808, 14.4272 2.9959 -2.1807, 14.4272 3.0043 -2.1839, 14.4272 3.0098 -2.1846, 14.4272 2.9606 -1.9102, 14.4862 2.9606 -1.9102, 14.4272 2.9213 -1.8708, 14.4272 2.9273 -1.8712, 14.4862 2.9213 -1.8708, 14.4862 2.9279 -1.8714, 14.4272 2.9278 -1.8714, 14.4272 2.9363 -1.8737, 14.4862 2.9371 -1.8742, 14.4272 2.9371 -1.8742, 14.4272 2.9436 -1.8777, 14.4862 2.9455 -1.8791, 14.4272 2.9453 -1.8793, 14.4272 2.951 -1.8843, 14.4862 2.9523 -1.886, 14.4272 2.9522 -1.8861, 14.4272 2.9562 -1.8918, 14.4862 2.9573 -1.8943, 14.4272 2.9598 -1.9036, 14.4862 2.9601 -1.9036, 14.4272 2.9594 -1.8998, 14.4272 2.9572 -1.8943, 14.4862 2.7874 -1.8708, 14.4272 2.7874 -1.8708, 14.4272 2.748 -1.9102, 14.4272 2.7485 -1.9042, 14.4862 2.748 -1.9102, 14.4862 2.7486 -1.9036, 14.4272 2.7486 -1.9036, 14.4272 2.7509 -1.8951, 14.4862 2.7514 -1.8943, 14.4272 2.7514 -1.8943, 14.4272 2.755 -1.8878, 14.4862 2.7563 -1.886, 14.4272 2.7565 -1.8861, 14.4272 2.7615 -1.8805, 14.4862 2.7632 -1.8791, 14.4272 2.7633 -1.8792, 14.4272 2.769 -1.8752, 14.4862 2.7715 -1.8742, 14.4272 2.7808 -1.8716, 14.4862 2.7808 -1.8714, 14.4272 2.777 -1.8721, 14.4272 2.7715 -1.8742, 14.4862 2.748 -2.1267, 14.4272 2.748 -2.1267, 14.4862 2.7472 -2.1366, 14.4272 2.689 -2.1858, 14.4272 2.6981 -2.1851, 14.4862 2.689 -2.1858, 14.4862 2.6989 -2.1849, 14.4862 2.743 -2.1505, 14.4272 2.7462 -2.1421, 14.4272 2.7468 -2.1366, 14.4862 2.7356 -2.163, 14.4272 2.7415 -2.1541, 14.4272 2.7429 -2.1505, 14.4862 2.7253 -2.1733, 14.4272 2.7337 -2.1654, 14.4272 2.7354 -2.1629, 14.4862 2.7128 -2.1808, 14.4272 2.7226 -2.1753, 14.4272 2.7251 -2.1731, 14.4272 2.6989 -2.1849, 14.4272 2.7116 -2.1814, 14.4272 2.7128 -2.1808, 14.4272 2.2047 -2.1858, 14.4862 2.2047 -2.1858, 14.4862 2.1981 -2.1852, 14.4272 2.1654 -2.1464, 14.4272 2.1656 -2.1509, 14.4862 2.1654 -2.1464, 14.4862 2.1659 -2.153, 14.4272 2.1661 -2.153, 14.4272 2.1677 -2.16, 14.4862 2.1687 -2.1623, 14.4272 2.1688 -2.1622, 14.4272 2.172 -2.1684, 14.4862 2.1737 -2.1706, 14.4272 2.1738 -2.1705, 14.4272 2.1785 -2.1758, 14.4862 2.1805 -2.1775, 14.4272 2.1806 -2.1773, 14.4272 2.1861 -2.1813, 14.4862 2.1888 -2.1824, 14.4272 2.1889 -2.1824, 14.4272 2.1943 -2.1845, 14.4272 2.1982 -2.185, 14.4862 2.0475 -2.1411, 14.4862 2.0472 -2.1464, 14.4272 2.0472 -2.1464, 14.4272 2.0479 -2.1412, 14.4272 2.0489 -2.1319, 14.4862 2.0502 -2.1277, 14.4272 2.0508 -2.127, 14.4862 2.0506 -2.1269, 14.4272 2.0535 -2.1197, 14.4862 2.057 -2.1139, 14.4272 2.0574 -2.1141, 14.4272 2.0622 -2.1072, 14.4862 2.0665 -2.1028, 14.4272 2.0667 -2.1031, 14.4272 2.0734 -2.0972, 14.4862 2.0783 -2.0944, 14.4272 2.0784 -2.0946, 14.4272 2.0854 -2.091, 14.4862 2.0919 -2.0891, 14.4272 2.092 -2.0895, 14.4272 2.1004 -2.0877, 14.4862 2.1063 -2.0873, 14.4272 2.1063 -2.0878, 14.4272 2.1157 -2.088, 14.4862 2.1207 -2.0891, 14.4272 2.1207 -2.0894, 14.4272 2.1288 -2.0916, 14.4862 2.1343 -2.0944, 14.4272 2.1342 -2.0946, 14.4272 2.1392 -2.0973, 14.4862 2.1461 -2.1028, 14.4272 2.1459 -2.1031, 14.4272 2.1504 -2.1071, 14.4862 2.1556 -2.1139, 14.4272 2.1554 -2.114, 14.4272 2.1586 -2.1185, 14.4862 2.162 -2.1269, 14.4272 2.1647 -2.1412, 14.4862 2.1651 -2.1411, 14.4272 2.1635 -2.1309, 14.4272 2.1619 -2.1269, 14.4272 2.0472 -2.1858, 14.443 2.0472 -2.1858, 14.4881 2.0472 -2.1421, 14.4874 2.0472 -2.1366, 14.4862 2.0472 -2.1267, 14.4892 2.0472 -2.1454, 14.4914 2.0472 -2.1505, 14.4939 2.0472 -2.1563, 14.4466 2.0472 -2.1917, 14.4989 2.0472 -2.1628, 14.4557 2.0472 -2.2024, 14.5023 2.0472 -2.1673, 14.465 2.0472 -2.2134, 14.5092 2.0472 -2.1731, 14.4754 2.0472 -2.2208, 14.5127 2.0472 -2.176, 14.4896 2.0472 -2.2309, 14.5215 2.0472 -2.1806, 14.4986 2.0472 -2.2344, 14.5245 2.0472 -2.1821, 14.5158 2.0472 -2.2412, 14.5354 2.0472 -2.1847, 14.5244 2.0472 -2.2423, 14.5381 2.0472 -2.1854, 14.5453 2.0472 -2.2448, 14.5453 2.0472 -2.1858, 14.685 2.0472 -2.2448, 14.685 2.0472 -2.1858, 14.5453 1.4173 -2.1858, 14.5354 1.4173 -2.1849, 14.4862 1.4173 -2.1267, 14.4871 1.4173 -2.1366, 14.4892 1.4173 -2.1454, 14.4987 1.4173 -2.163, 14.4912 1.4173 -2.1505, 14.509 1.4173 -2.1733, 14.5215 1.4173 -2.1808, 14.4862 1.4173 -2.1464, 14.4272 1.4173 -2.1464, 14.4272 1.4173 -2.1858, 14.443 1.4173 -2.1858, 14.4829 1.4173 -2.227, 14.4556 1.4173 -2.2025, 14.4609 1.4173 -2.2095, 14.4753 1.4173 -2.221, 14.685 1.4173 -2.2448, 14.685 1.4173 -2.1858, 14.5453 1.4173 -2.2448, 14.5384 1.4173 -2.2446, 14.4987 1.4173 -2.2343, 14.5103 1.4173 -2.2396, 14.5245 1.4173 -2.2421, 14.4862 1.2995 -2.1411, 14.4862 1.2992 -2.1464, 14.4272 1.2992 -2.1464, 14.4272 1.2998 -2.1412, 14.4272 1.3009 -2.1319, 14.4862 1.3025 -2.1269, 14.4272 1.3027 -2.127, 14.4272 1.3055 -2.1197, 14.4862 1.309 -2.1139, 14.4272 1.3093 -2.1141, 14.4272 1.3141 -2.1072, 14.4862 1.3184 -2.1028, 14.4272 1.3187 -2.1031, 14.4272 1.3254 -2.0972, 14.4862 1.3303 -2.0944, 14.4272 1.3304 -2.0946, 14.4272 1.3374 -2.091, 14.4862 1.3438 -2.0891, 14.4272 1.3439 -2.0895, 14.4272 1.3524 -2.0877, 14.4862 1.3583 -2.0873, 14.4272 1.3583 -2.0878, 14.4272 1.3676 -2.088, 14.4862 1.3727 -2.0891, 14.4272 1.3726 -2.0894, 14.4272 1.3807 -2.0916, 14.4862 1.3863 -2.0944, 14.4272 1.3862 -2.0946, 14.4272 1.3912 -2.0973, 14.4862 1.3981 -2.1028, 14.4272 1.3978 -2.1031, 14.4272 1.4024 -2.1071, 14.4862 1.4076 -2.1139, 14.4272 1.4167 -2.1412, 14.4862 1.4171 -2.1411, 14.4272 1.4155 -2.1309, 14.4862 1.4144 -2.1277, 14.4272 1.4139 -2.1269, 14.4862 1.414 -2.1269, 14.4272 1.4106 -2.1185, 14.4272 1.4074 -2.114, 14.4272 1.2598 -2.1858, 14.4272 1.2643 -2.1855, 14.4862 1.2598 -2.1858, 14.4862 1.2664 -2.1852, 14.4272 1.2984 -2.153, 14.4862 1.2987 -2.153, 14.4272 1.2979 -2.1568, 14.4862 1.2959 -2.1623, 14.4862 1.2909 -2.1706, 14.4272 1.2947 -2.165, 14.4272 1.2958 -2.1623, 14.4862 1.284 -2.1775, 14.4272 1.2892 -2.1726, 14.4272 1.2908 -2.1705, 14.4862 1.2757 -2.1824, 14.4272 1.2818 -2.1791, 14.4272 1.2839 -2.1773, 14.4272 1.2664 -2.1851, 14.4272 1.2735 -2.1834, 14.4272 1.2757 -2.1823, 14.4272 0.1181 -2.1858, 14.4862 0.1181 -2.1858, 14.4862 0.6693 -1.6346, 14.4862 2.4409 -1.6346, 14.4272 0.6693 -1.6346, 14.4272 2.4409 -1.6346, 14.4862 0.5709 -2.0283, 14.4862 0.8849 -2.0283, 14.4272 0.5709 -2.0283, 14.4272 0.8849 -2.0283, 14.4272 0.9243 -1.989, 14.4272 0.9239 -1.995, 14.4862 0.9243 -1.989, 14.4862 0.9237 -1.9955, 14.4272 0.8915 -2.0275, 14.4862 0.8915 -2.0278, 14.4272 0.8953 -2.027, 14.4862 0.9008 -2.025, 14.4862 0.9091 -2.02, 14.4272 0.9033 -2.0239, 14.4272 0.9008 -2.0249, 14.4862 0.916 -2.0132, 14.4272 0.9108 -2.0187, 14.4272 0.909 -2.0199, 14.4862 0.921 -2.0048, 14.4272 0.9174 -2.0113, 14.4272 0.9158 -2.013, 14.4272 0.9237 -1.9955, 14.4272 0.9214 -2.004, 14.4272 0.9209 -2.0048, 14.4862 0.9243 -1.82, 14.4272 0.9243 -1.82, 14.4272 0.8849 -1.7806, 14.4272 0.8909 -1.781, 14.4862 0.8849 -1.7806, 14.4862 0.8915 -1.7812, 14.4272 0.9235 -1.8134, 14.4862 0.9237 -1.8134, 14.4272 0.923 -1.8096, 14.4862 0.921 -1.8041, 14.4862 0.916 -1.7958, 14.4272 0.9199 -1.8016, 14.4272 0.9209 -1.8041, 14.4862 0.9091 -1.7889, 14.4272 0.9146 -1.7941, 14.4272 0.9159 -1.7959, 14.4862 0.9008 -1.784, 14.4272 0.9073 -1.7875, 14.4272 0.909 -1.7891, 14.4272 0.8915 -1.7812, 14.4272 0.9 -1.7835, 14.4272 0.9008 -1.784, 14.4862 0.5709 -1.7806, 14.4272 0.5709 -1.7806, 14.4272 0.5315 -1.82, 14.4272 0.5319 -1.814, 14.4862 0.5315 -1.82, 14.4862 0.5321 -1.8134, 14.4272 0.5643 -1.7814, 14.4862 0.5643 -1.7812, 14.4272 0.5605 -1.7819, 14.4862 0.555 -1.784, 14.4862 0.5467 -1.7889, 14.4272 0.5525 -1.785, 14.4272 0.555 -1.784, 14.4862 0.5398 -1.7958, 14.4272 0.545 -1.7903, 14.4272 0.5467 -1.789, 14.4862 0.5348 -1.8041, 14.4272 0.5384 -1.7976, 14.4272 0.54 -1.7959, 14.4272 0.5321 -1.8134, 14.4272 0.5344 -1.805, 14.4272 0.5348 -1.8041, 14.4862 0.5315 -1.989, 14.4272 0.5315 -1.989, 14.4272 0.5649 -2.0279, 14.4862 0.5643 -2.0278, 14.4272 0.5323 -1.9955, 14.4862 0.5321 -1.9955, 14.4272 0.5328 -1.9993, 14.4862 0.5348 -2.0048, 14.4862 0.5398 -2.0132, 14.4272 0.5359 -2.0073, 14.4272 0.5349 -2.0048, 14.4862 0.5467 -2.02, 14.4272 0.5412 -2.0148, 14.4272 0.5399 -2.0131, 14.4862 0.555 -2.025, 14.4272 0.5485 -2.0214, 14.4272 0.5468 -2.0199, 14.4272 0.5643 -2.0277, 14.4272 0.5558 -2.0254, 14.4272 0.555 -2.025, 14.4862 4.5079 -2.03, 14.4862 4.8228 -2.03, 14.4272 4.5079 -2.03, 14.4272 4.8228 -2.03, 14.4272 4.8622 -1.9906, 14.4272 4.8618 -1.9966, 14.4862 4.8622 -1.9906, 14.4862 4.8616 -1.9972, 14.4272 4.8294 -2.0292, 14.4862 4.8294 -2.0294, 14.4272 4.8332 -2.0287, 14.4862 4.8387 -2.0267, 14.4862 4.847 -2.0217, 14.4272 4.8412 -2.0256, 14.4272 4.8387 -2.0266, 14.4862 4.8539 -2.0148, 14.4272 4.8487 -2.0203, 14.4272 4.847 -2.0216, 14.4862 4.8589 -2.0065, 14.4272 4.8553 -2.013, 14.4272 4.8537 -2.0147, 14.4272 4.8616 -1.9972, 14.4272 4.8593 -2.0057, 14.4272 4.8589 -2.0065, 14.4862 4.8622 -1.8227, 14.4272 4.8622 -1.8227, 14.4272 4.8228 -1.7833, 14.4272 4.8288 -1.7837, 14.4862 4.8228 -1.7833, 14.4862 4.8294 -1.7838, 14.4272 4.8614 -1.8161, 14.4862 4.8616 -1.8161, 14.4272 4.8609 -1.8123, 14.4862 4.8589 -1.8068, 14.4862 4.8539 -1.7985, 14.4272 4.8578 -1.8043, 14.4272 4.8588 -1.8068, 14.4862 4.847 -1.7916, 14.4272 4.8525 -1.7968, 14.4272 4.8538 -1.7985, 14.4862 4.8387 -1.7866, 14.4272 4.8452 -1.7902, 14.4272 4.8469 -1.7917, 14.4272 4.8294 -1.7839, 14.4272 4.8379 -1.7862, 14.4272 4.8387 -1.7866, 14.4862 4.5079 -1.7833, 14.4272 4.5079 -1.7833, 14.4272 4.4685 -1.8227, 14.4272 4.4689 -1.8166, 14.4862 4.4685 -1.8227, 14.4862 4.4691 -1.8161, 14.4272 4.5013 -1.7841, 14.4862 4.5013 -1.7838, 14.4272 4.4975 -1.7846, 14.4862 4.492 -1.7866, 14.4862 4.4837 -1.7916, 14.4272 4.4895 -1.7877, 14.4272 4.492 -1.7867, 14.4862 4.4768 -1.7985, 14.4272 4.482 -1.7929, 14.4272 4.4838 -1.7917, 14.4862 4.4718 -1.8068, 14.4272 4.4754 -1.8003, 14.4272 4.477 -1.7986, 14.4272 4.4691 -1.8161, 14.4272 4.4714 -1.8076, 14.4272 4.4719 -1.8068, 14.4862 4.4685 -1.9906, 14.4272 4.4685 -1.9906, 14.4272 4.5019 -2.0296, 14.4862 4.5013 -2.0294, 14.4272 4.4693 -1.9972, 14.4862 4.4691 -1.9972, 14.4272 4.4698 -2.001, 14.4862 4.4718 -2.0065, 14.4862 4.4768 -2.0148, 14.4272 4.4729 -2.009, 14.4272 4.4719 -2.0065, 14.4862 4.4837 -2.0217, 14.4272 4.4782 -2.0165, 14.4272 4.4769 -2.0147, 14.4862 4.492 -2.0267, 14.4272 4.4855 -2.0231, 14.4272 4.4838 -2.0215, 14.4272 4.5013 -2.0294, 14.4272 4.4928 -2.0271, 14.4272 4.492 -2.0266, 8.624 2.0472 -2.1858, 8.624 1.4173 -2.1858, 8.6339 2.0472 -2.1849, 8.6339 1.4173 -2.1849, 8.6478 2.0472 -2.1808, 8.6478 1.4173 -2.1808, 8.6603 2.0472 -2.1733, 8.6603 1.4173 -2.1733, 8.6706 2.0472 -2.163, 8.6706 1.4173 -2.163, 8.6781 2.0472 -2.1505, 8.6781 1.4173 -2.1505, 8.6801 2.0472 -2.1454, 8.6831 1.4173 -2.1267, 8.6831 2.0472 -2.1267, 8.6819 1.4173 -2.1366, 8.6822 2.0472 -2.1366, 8.6812 1.4173 -2.142, 8.6801 1.4173 -2.1454, 8.4272 5.5906 -2.1858, 8.4272 5.5906 -2.2448, 8.4272 5.4331 -2.1858, 8.4272 5.4331 -2.2448, 8.5453 5.315 -2.2448, 8.5453 5.315 -2.1858, 8.5255 5.3166 -2.1858, 8.5255 5.3166 -2.2448, 8.4976 5.325 -2.1858, 8.4976 5.325 -2.2448, 8.4727 5.3399 -2.1858, 8.4727 5.3399 -2.2448, 8.4521 5.3605 -2.1858, 8.4521 5.3605 -2.2448, 8.4372 5.3854 -2.1858, 8.4372 5.3854 -2.2448, 8.4288 5.4133 -2.1858, 8.4288 5.4133 -2.2448, 8.6831 2.7472 -2.1366, 8.6831 2.748 -2.1267, 8.7421 2.748 -2.1267, 8.7421 2.6989 -2.1849, 8.7421 2.689 -2.1858, 8.6831 2.689 -2.1858, 8.6831 2.6989 -2.1849, 8.6831 2.7128 -2.1808, 8.7421 2.7128 -2.1808, 8.6831 2.7253 -2.1733, 8.7421 2.7253 -2.1733, 8.6831 2.7356 -2.163, 8.7421 2.7356 -2.163, 8.6831 2.743 -2.1505, 8.7421 2.743 -2.1505, 8.7421 2.7472 -2.1366, 8.6831 2.2047 -2.1858, 8.7421 2.2047 -2.1858, 8.7421 2.1981 -2.1852, 8.6831 2.1981 -2.1852, 8.7421 2.1888 -2.1824, 8.6831 2.1888 -2.1824, 8.7421 2.1805 -2.1775, 8.6831 2.1805 -2.1775, 8.7421 2.1737 -2.1706, 8.6831 2.1737 -2.1706, 8.7421 2.1687 -2.1623, 8.6831 2.1687 -2.1623, 8.7421 2.1659 -2.153, 8.6831 2.1659 -2.153, 8.7421 2.1654 -2.1464, 8.6831 2.1654 -2.1464, 8.7421 2.0475 -2.1411, 8.7421 2.0472 -2.1464, 8.6831 2.0472 -2.1464, 8.6831 2.0475 -2.1411, 8.6831 2.0502 -2.1277, 8.7421 2.0506 -2.1269, 8.6831 2.0506 -2.1269, 8.7421 2.057 -2.1139, 8.6831 2.057 -2.1139, 8.7421 2.0665 -2.1028, 8.6831 2.0665 -2.1028, 8.7421 2.0783 -2.0944, 8.6831 2.0783 -2.0944, 8.7421 2.0919 -2.0891, 8.6831 2.0919 -2.0891, 8.7421 2.1063 -2.0873, 8.6831 2.1063 -2.0873, 8.7421 2.1207 -2.0891, 8.6831 2.1207 -2.0891, 8.7421 2.1343 -2.0944, 8.6831 2.1343 -2.0944, 8.7421 2.1461 -2.1028, 8.6831 2.1461 -2.1028, 8.7421 2.1556 -2.1139, 8.6831 2.1556 -2.1139, 8.7421 2.162 -2.1269, 8.6831 2.162 -2.1269, 8.7421 2.1651 -2.1411, 8.6831 2.1651 -2.1411, 8.7421 2.0472 -2.1858, 8.7263 2.0472 -2.1858, 8.7142 2.0472 -2.203, 8.6944 2.0472 -2.2215, 8.6709 2.0472 -2.2351, 8.6449 2.0472 -2.243, 8.624 2.0472 -2.2448, 8.4843 2.0472 -2.1858, 8.4843 2.0472 -2.2448, 8.7421 1.4173 -2.1858, 8.7263 1.4173 -2.1858, 8.6831 1.4173 -2.1464, 8.7421 1.4173 -2.1464, 8.7227 1.4173 -2.1917, 8.7136 1.4173 -2.2024, 8.7043 1.4173 -2.2134, 8.6797 1.4173 -2.2309, 8.6939 1.4173 -2.2208, 8.6535 1.4173 -2.2412, 8.6707 1.4173 -2.2344, 8.4843 1.4173 -2.1858, 8.4843 1.4173 -2.2448, 8.624 1.4173 -2.2448, 8.6448 1.4173 -2.2423, 8.7421 1.2992 -2.1464, 8.6831 1.2992 -2.1464, 8.7421 1.2995 -2.1411, 8.6831 1.2995 -2.1411, 8.7421 1.3025 -2.1269, 8.6831 1.3025 -2.1269, 8.7421 1.309 -2.1139, 8.6831 1.309 -2.1139, 8.7421 1.3184 -2.1028, 8.6831 1.3184 -2.1028, 8.7421 1.3303 -2.0944, 8.6831 1.3303 -2.0944, 8.7421 1.3438 -2.0891, 8.6831 1.3438 -2.0891, 8.7421 1.3583 -2.0873, 8.6831 1.3583 -2.0873, 8.7421 1.3727 -2.0891, 8.6831 1.3727 -2.0891, 8.7421 1.3863 -2.0944, 8.6831 1.3863 -2.0944, 8.7421 1.3981 -2.1028, 8.6831 1.3981 -2.1028, 8.7421 1.4076 -2.1139, 8.6831 1.4076 -2.1139, 8.7421 1.414 -2.1269, 8.6831 1.4171 -2.1411, 8.7421 1.4171 -2.1411, 8.6831 1.4144 -2.1277, 8.6831 1.414 -2.1269, 8.7421 1.2598 -2.1858, 8.6831 1.2598 -2.1858, 8.6831 1.2664 -2.1852, 8.7421 1.2664 -2.1852, 8.6831 1.2757 -2.1824, 8.7421 1.2757 -2.1824, 8.6831 1.284 -2.1775, 8.7421 1.284 -2.1775, 8.6831 1.2909 -2.1706, 8.7421 1.2909 -2.1706, 8.6831 1.2959 -2.1623, 8.7421 1.2959 -2.1623, 8.6831 1.2987 -2.153, 8.7421 1.2987 -2.153, 8.6831 0.3937 -2.1858, 8.7421 0.3937 -2.1858, 8.6831 3.6614 -1.9102, 8.7421 3.6614 -1.9102, 8.6831 3.6614 -1.9889, 8.7421 3.6614 -1.9889, 8.7421 3.7008 -2.0283, 8.6831 3.7008 -2.0283, 8.7421 3.6942 -2.0277, 8.6831 3.6942 -2.0277, 8.7421 3.6849 -2.0249, 8.6831 3.6849 -2.0249, 8.7421 3.6766 -2.02, 8.6831 3.6766 -2.02, 8.7421 3.6697 -2.0131, 8.6831 3.6697 -2.0131, 8.7421 3.6648 -2.0048, 8.6831 3.6648 -2.0048, 8.7421 3.662 -1.9955, 8.6831 3.662 -1.9955, 8.6831 5.5315 -2.0283, 8.7421 5.5315 -2.0283, 8.7421 5.5709 -1.9889, 8.6831 5.5709 -1.9889, 8.7421 5.5703 -1.9955, 8.6831 5.5703 -1.9955, 8.7421 5.5675 -2.0048, 8.6831 5.5675 -2.0048, 8.7421 5.5626 -2.0131, 8.6831 5.5626 -2.0131, 8.7421 5.5557 -2.02, 8.6831 5.5557 -2.02, 8.7421 5.5474 -2.0249, 8.6831 5.5474 -2.0249, 8.7421 5.5381 -2.0277, 8.6831 5.5381 -2.0277, 8.6831 5.5709 -1.8118, 8.7421 5.5709 -1.8118, 8.7421 5.5315 -1.7724, 8.6831 5.5315 -1.7724, 8.7421 5.5381 -1.7729, 8.6831 5.5381 -1.7729, 8.7421 5.5474 -1.7757, 8.6831 5.5474 -1.7757, 8.7421 5.5557 -1.7807, 8.6831 5.5557 -1.7807, 8.7421 5.5626 -1.7876, 8.6831 5.5626 -1.7876, 8.7421 5.5675 -1.7959, 8.6831 5.5675 -1.7959, 8.7421 5.5703 -1.8052, 8.6831 5.5703 -1.8052, 8.6831 5.4921 -1.7724, 8.7421 5.4921 -1.7724, 8.7421 5.481 -1.7713, 8.6831 5.481 -1.7713, 8.7421 5.4665 -1.7665, 8.6831 5.4665 -1.7665, 8.7421 5.4537 -1.7582, 8.6831 5.4537 -1.7582, 8.7421 5.4434 -1.7468, 8.6831 5.4434 -1.7468, 8.7421 5.4365 -1.7331, 8.6831 5.4365 -1.7331, 8.7421 5.4338 -1.7223, 8.6831 5.4338 -1.7223, 8.7421 5.315 -2.1858, 8.7421 5.315 -2.1464, 8.7263 5.315 -2.1858, 8.7101 5.3146 -2.1412, 8.6824 5.3143 -2.1367, 8.6759 5.3146 -2.1495, 8.7227 5.315 -2.1917, 8.6694 5.3149 -2.1624, 8.7136 5.315 -2.2024, 8.6669 5.315 -2.1674, 8.7043 5.315 -2.2134, 8.6601 5.315 -2.1731, 8.6939 5.315 -2.2208, 8.6566 5.315 -2.176, 8.6797 5.315 -2.2309, 8.6478 5.315 -2.1806, 8.6707 5.315 -2.2344, 8.645 5.315 -2.1821, 8.6535 5.315 -2.2412, 8.6339 5.315 -2.1848, 8.6448 5.315 -2.2423, 8.6314 5.315 -2.1854, 8.624 5.315 -2.2448, 8.624 5.315 -2.1858, 8.7421 5.3147 -2.1411, 8.7421 5.3116 -2.1269, 8.7421 5.1969 -2.1464, 8.6831 5.1969 -2.1464, 8.7421 5.1971 -2.1411, 8.6831 5.1971 -2.1411, 8.7421 5.2002 -2.1269, 8.6831 5.2002 -2.1269, 8.7421 5.2066 -2.1139, 8.6831 5.2066 -2.1139, 8.7421 5.2161 -2.1028, 8.6831 5.2161 -2.1028, 8.7421 5.2279 -2.0944, 8.6831 5.2279 -2.0944, 8.7421 5.2415 -2.0891, 8.6831 5.2415 -2.0891, 8.7421 5.2559 -2.0873, 8.6831 5.2559 -2.0873, 8.7421 5.2703 -2.0891, 8.6831 5.2703 -2.0891, 8.7421 5.2839 -2.0944, 8.6831 5.2839 -2.0944, 8.7421 5.2957 -2.1028, 8.6831 5.2957 -2.1028, 8.7421 5.3052 -2.1139, 8.6831 5.3052 -2.1139, 8.6827 5.3106 -2.1273, 8.7421 5.1575 -2.1858, 8.6831 5.1575 -2.1858, 8.6831 5.1641 -2.1852, 8.7421 5.1641 -2.1852, 8.6831 5.1734 -2.1824, 8.7421 5.1734 -2.1824, 8.6831 5.1817 -2.1775, 8.7421 5.1817 -2.1775, 8.6831 5.1885 -2.1706, 8.7421 5.1885 -2.1706, 8.6831 5.1935 -2.1623, 8.7421 5.1935 -2.1623, 8.6831 5.1963 -2.153, 8.7421 5.1963 -2.153, 8.7421 3.0197 -2.1858, 8.6831 3.0197 -2.1858, 8.7421 3.0098 -2.1849, 8.6831 3.0098 -2.1849, 8.7421 2.9959 -2.1808, 8.6831 2.9959 -2.1808, 8.7421 2.9834 -2.1733, 8.6831 2.9834 -2.1733, 8.7421 2.9731 -2.163, 8.6831 2.9731 -2.163, 8.7421 2.9656 -2.1505, 8.6831 2.9656 -2.1505, 8.7421 2.9615 -2.1366, 8.6831 2.9615 -2.1366, 8.7421 2.9606 -2.1267, 8.6831 2.9606 -2.1267, 8.6831 2.9606 -1.9102, 8.7421 2.9606 -1.9102, 8.7421 2.9213 -1.8708, 8.6831 2.9213 -1.8708, 8.7421 2.9279 -1.8714, 8.6831 2.9279 -1.8714, 8.7421 2.9371 -1.8742, 8.6831 2.9371 -1.8742, 8.7421 2.9455 -1.8791, 8.6831 2.9455 -1.8791, 8.7421 2.9523 -1.886, 8.6831 2.9523 -1.886, 8.7421 2.9573 -1.8943, 8.6831 2.9573 -1.8943, 8.7421 2.9601 -1.9036, 8.6831 2.9601 -1.9036, 8.6831 2.7874 -1.8708, 8.7421 2.7874 -1.8708, 8.7421 2.748 -1.9102, 8.6831 2.748 -1.9102, 8.7421 2.7486 -1.9036, 8.6831 2.7486 -1.9036, 8.7421 2.7514 -1.8943, 8.6831 2.7514 -1.8943, 8.7421 2.7563 -1.886, 8.6831 2.7563 -1.886, 8.7421 2.7632 -1.8791, 8.6831 2.7632 -1.8791, 8.7421 2.7715 -1.8742, 8.6831 2.7715 -1.8742, 8.7421 2.7808 -1.8714, 8.6831 2.7808 -1.8714, 8.6831 0.8849 -2.0283, 8.6831 0.5709 -2.0283, 8.7421 0.8849 -2.0283, 8.7421 0.5709 -2.0283, 8.6831 0.8915 -2.0278, 8.7421 0.8915 -2.0278, 8.6831 0.9008 -2.025, 8.7421 0.9008 -2.025, 8.6831 0.9091 -2.02, 8.7421 0.9091 -2.02, 8.6831 0.916 -2.0132, 8.7421 0.916 -2.0132, 8.6831 0.921 -2.0048, 8.7421 0.921 -2.0048, 8.6831 0.9237 -1.9955, 8.7421 0.9237 -1.9955, 8.6831 0.9243 -1.989, 8.7421 0.9243 -1.989, 8.6831 0.9243 -1.82, 8.7421 0.9243 -1.82, 8.6831 0.9237 -1.8134, 8.7421 0.9237 -1.8134, 8.6831 0.921 -1.8041, 8.7421 0.921 -1.8041, 8.6831 0.916 -1.7958, 8.7421 0.916 -1.7958, 8.6831 0.9091 -1.7889, 8.7421 0.9091 -1.7889, 8.6831 0.9008 -1.784, 8.7421 0.9008 -1.784, 8.6831 0.8915 -1.7812, 8.7421 0.8915 -1.7812, 8.6831 0.8849 -1.7806, 8.7421 0.8849 -1.7806, 8.6831 0.5709 -1.7806, 8.7421 0.5709 -1.7806, 8.6831 0.5643 -1.7812, 8.7421 0.5643 -1.7812, 8.6831 0.555 -1.784, 8.7421 0.555 -1.784, 8.6831 0.5467 -1.7889, 8.7421 0.5467 -1.7889, 8.6831 0.5398 -1.7958, 8.7421 0.5398 -1.7958, 8.6831 0.5348 -1.8041, 8.7421 0.5348 -1.8041, 8.6831 0.5321 -1.8134, 8.7421 0.5321 -1.8134, 8.6831 0.5315 -1.82, 8.7421 0.5315 -1.82, 8.6831 0.5315 -1.989, 8.7421 0.5315 -1.989, 8.6831 0.5321 -1.9955, 8.7421 0.5321 -1.9955, 8.6831 0.5348 -2.0048, 8.7421 0.5348 -2.0048, 8.6831 0.5398 -2.0132, 8.7421 0.5398 -2.0132, 8.6831 0.5467 -2.02, 8.7421 0.5467 -2.02, 8.6831 0.555 -2.025, 8.7421 0.555 -2.025, 8.6831 0.5643 -2.0278, 8.7421 0.5643 -2.0278, 13.0532 5.8071 -1.7921, 13.0532 5.748 -1.7921, 9.6673 5.8071 -1.7921, 9.6673 5.748 -1.7921, 14.4665 5.4331 -2.1858, 14.4665 5.4331 -2.2448, 14.4665 5.5906 -2.1858, 14.4665 5.5906 -2.2448, 14.4649 5.4133 -2.2448, 14.4649 5.4133 -2.1858, 14.4565 5.3854 -2.1858, 14.4565 5.3854 -2.2448, 14.4416 5.3605 -2.1858, 14.4416 5.3605 -2.2448, 14.421 5.3399 -2.1858, 14.421 5.3399 -2.2448, 14.3961 5.325 -2.1858, 14.3961 5.325 -2.2448, 14.3682 5.3166 -2.1858, 14.3682 5.3166 -2.2448, 14.3484 5.315 -2.1858, 14.3484 5.315 -2.2448, 14.0769 0.5288 -1.7839, 14.0779 0.5297 -1.7803, 14.0763 0.528 -1.7803, 14.0637 0.433 -1.7803, 14.0637 0.433 -1.5755, 14.0762 0.4168 -1.5755, 14.0735 0.5253 -1.8164, 14.0735 0.5253 -1.8162, 14.0643 0.5115 -1.7803, 14.0735 0.5253 -1.816, 14.0728 0.5246 -1.8072, 14.0734 0.5253 -1.8006, 14.074 0.526 -1.7943, 14.0697 0.5208 -1.7803, 14.0763 0.5282 -1.786, 14.0844 0.5351 -1.8401, 14.0802 0.5319 -1.8351, 14.0765 0.5279 -2.1346, 14.0775 0.5294 -1.8295, 14.0762 0.5282 -1.8268, 14.0669 0.5171 -2.1346, 14.076 0.528 -1.8264, 14.064 0.5117 -2.1346, 14.1115 0.5484 -2.1346, 14.1051 0.5462 -1.8548, 14.0953 0.5422 -2.1346, 14.0998 0.5443 -1.8527, 14.0927 0.5404 -2.1346, 14.0936 0.5409 -1.8483, 14.0927 0.5404 -1.8477, 14.0796 0.5313 -2.1346, 14.0879 0.5378 -1.8443, 14.0877 0.5377 -1.8441, 14.1169 0.5495 -1.8586, 14.1128 0.5488 -1.8578, 14.1116 0.5484 -1.8573, 14.1125 0.5488 -2.1346, 14.1319 0.5512 -1.8604, 14.1291 0.5511 -1.8603, 14.1245 0.5508 -1.86, 14.1523 0.5485 -2.1346, 14.1444 0.5501 -1.8593, 14.1515 0.5489 -2.1346, 14.1319 0.5512 -2.1346, 14.1712 0.5406 -1.8479, 14.1691 0.5419 -1.8497, 14.1711 0.5404 -2.1346, 14.1582 0.5467 -1.8553, 14.1678 0.5427 -2.1346, 14.1522 0.5482 -1.8571, 14.1468 0.5495 -1.8586, 14.1875 0.5282 -1.8265, 14.1869 0.5288 -1.828, 14.1873 0.5279 -2.1346, 14.1847 0.531 -1.8333, 14.1805 0.5343 -1.8389, 14.1782 0.5362 -1.842, 14.1762 0.5374 -1.8437, 14.1716 0.5403 -1.8476, 14.1844 0.5311 -2.1346, 14.2 0.5117 -1.7803, 14.1909 0.5245 -1.8049, 14.1906 0.5249 -1.8135, 14.1903 0.5253 -1.816, 14.1885 0.5272 -1.8242, 14.1999 0.5117 -2.1346, 14.1905 0.525 -1.8147, 14.1976 0.5163 -2.1346, 14.1859 0.5297 -1.7803, 14.1864 0.5292 -1.782, 14.1875 0.5281 -1.7803, 14.1875 0.5281 -1.7857, 14.1898 0.5258 -1.7803, 14.1894 0.5262 -1.7922, 14.19 0.5254 -1.7978, 14.2005 0.511 -1.7803, 14.2058 0.5004 -2.1346, 14.2076 0.4941 -1.7803, 14.2078 0.4928 -1.7803, 14.2075 0.4927 -2.1346, 14.2105 0.476 -1.7803, 14.2102 0.4803 -2.1346, 14.2103 0.4725 -1.7803, 14.2101 0.4725 -2.1346, 14.2092 0.4577 -1.7803, 14.2098 0.46 -2.1346, 14.2078 0.4521 -1.7803, 14.2001 0.4331 -1.5755, 14.2065 0.4472 -1.5755, 14.2065 0.4472 -1.7803, 14.0588 0.5023 -2.1346, 14.0594 0.5033 -1.7803, 14.0562 0.4927 -2.1346, 14.0565 0.4926 -1.7803, 14.054 0.4849 -2.1346, 14.054 0.4838 -1.7803, 14.0537 0.4724 -2.1346, 14.0538 0.4724 -1.7803, 14.0535 0.4646 -2.1346, 14.0537 0.4635 -1.7803, 14.0563 0.4522 -2.1346, 14.0565 0.4522 -1.7803, 14.058 0.4445 -2.1346, 14.0585 0.4439 -1.7803, 14.0639 0.4332 -2.1346, 14.0637 0.4331 -1.7803, 14.0662 0.4286 -2.1346, 14.0765 0.417 -2.1346, 14.0794 0.4138 -2.1346, 14.0925 0.4042 -1.5755, 14.0927 0.4045 -2.1346, 14.096 0.4022 -2.1346, 14.1115 0.3964 -1.5755, 14.1115 0.3963 -2.1346, 14.1123 0.396 -2.1346, 14.1319 0.3937 -1.5755, 14.1319 0.3937 -2.1346, 14.1713 0.4042 -1.5755, 14.1685 0.4027 -2.1346, 14.1523 0.3964 -1.5755, 14.1522 0.3964 -2.1346, 14.1513 0.3961 -2.1346, 14.1876 0.4168 -1.5755, 14.1842 0.4135 -2.1346, 14.1711 0.4045 -2.1346, 14.2076 0.4521 -2.1346, 14.205 0.4426 -2.1346, 14.1998 0.4332 -2.1346, 14.1968 0.4278 -2.1346, 14.1873 0.417 -2.1346, 14.2132 0.4761 -1.766, 14.2145 0.4762 -1.763, 14.2114 0.4952 -1.763, 14.1882 0.556 -1.7449, 14.193 0.5632 -1.7419, 14.1704 0.5748 -1.7419, 14.2102 0.4582 -1.773, 14.2095 0.4577 -1.7754, 14.2087 0.4537 -1.776, 14.2166 0.4773 -1.7603, 14.2192 0.4849 -1.7553, 14.2168 0.4967 -1.7545, 14.1388 0.5845 -1.7416, 14.1427 0.5811 -1.742, 14.1457 0.581 -1.7419, 14.1522 0.5716 -1.7453, 14.1535 0.5702 -1.7458, 14.1673 0.5667 -1.7449, 14.1766 0.5422 -1.7627, 14.1768 0.542 -1.763, 14.1781 0.541 -1.763, 14.1777 0.5406 -1.7646, 14.19 0.526 -1.7754, 14.1787 0.5393 -1.7662, 14.1796 0.538 -1.7677, 14.1917 0.5276 -1.766, 14.1823 0.5342 -1.772, 14.1837 0.5324 -1.7754, 14.1661 0.5565 -1.7519, 14.169 0.5526 -1.7549, 14.1812 0.5457 -1.7545, 14.1704 0.5507 -1.7563, 14.1643 0.5587 -1.7507, 14.1657 0.5623 -1.7477, 14.1619 0.5616 -1.7491, 14.1595 0.5641 -1.7481, 14.1441 0.5798 -1.7422, 14.1452 0.5788 -1.7426, 14.1468 0.5896 -1.7409, 14.1319 0.5905 -1.7409, 14.1735 0.583 -1.7409, 14.1979 0.5704 -1.7409, 14.2347 0.5306 -1.7409, 14.2187 0.5525 -1.7409, 14.2345 0.5301 -1.741, 14.2123 0.5466 -1.7419, 14.2209 0.4899 -1.752, 14.2239 0.4987 -1.7487, 14.2242 0.4995 -1.7484, 14.2109 0.476 -1.7754, 14.2059 0.5407 -1.7449, 14.2025 0.5375 -1.7477, 14.1855 0.552 -1.7477, 14.2307 0.5188 -1.7423, 14.2273 0.526 -1.7419, 14.2197 0.5218 -1.7449, 14.2156 0.5194 -1.7477, 14.2089 0.5157 -1.7545, 14.2291 0.514 -1.7429, 14.2264 0.5062 -1.7458, 14.2145 0.4709 -1.7646, 14.213 0.4664 -1.7675, 14.1927 0.5285 -1.763, 14.1787 0.5393 -1.7662, 14.2102 0.4948 -1.766, 14.204 0.5129 -1.763, 14.1968 0.5323 -1.7545, 14.2029 0.5123 -1.766, 14.2008 0.5111 -1.7754, 14.2079 0.4942 -1.7754, 14.1091 0.5696 -1.7454, 14.1091 0.5695 -1.7454, 14.1113 0.5716 -1.7446, 14.1072 0.5779 -1.7421, 14.1126 0.5729 -1.7441, 14.1071 0.5782 -1.7421, 14.1202 0.5798 -1.7429, 14.105 0.5874 -1.7409, 14.125 0.5842 -1.742, 14.0694 0.521 -1.7746, 14.0591 0.5035 -1.7746, 14.0296 0.4918 -1.7435, 14.0322 0.4874 -1.7454, 14.0334 0.4871 -1.746, 14.0831 0.5366 -1.7695, 14.0831 0.5366 -1.7694, 14.0823 0.5374 -1.7652, 14.0903 0.5724 -1.7421, 14.0936 0.5645 -1.7454, 14.1019 0.5616 -1.7491, 14.101 0.5605 -1.7498, 14.0961 0.5586 -1.7497, 14.0976 0.556 -1.7528, 14.0921 0.5489 -1.7575, 14.0753 0.5466 -1.7497, 14.0795 0.541 -1.7571, 14.0921 0.5489 -1.7575, 14.0851 0.5394 -1.7664, 14.0857 0.5402 -1.7655, 14.0893 0.5452 -1.76, 14.0803 0.5329 -1.7747, 14.0674 0.5226 -1.7652, 14.0818 0.5347 -1.7715, 14.0625 0.4351 -1.7785, 14.0597 0.4399 -1.7751, 14.0532 0.4635 -1.7746, 14.0529 0.4517 -1.7666, 14.0581 0.4437 -1.7746, 14.0573 0.4441 -1.7721, 14.0507 0.4632 -1.7652, 14.0461 0.4636 -1.7581, 14.0463 0.4632 -1.7584, 14.0388 0.4761 -1.7502, 14.0412 0.4721 -1.752, 14.0466 0.4849 -1.7571, 14.0333 0.4856 -1.7462, 14.0396 0.4859 -1.7497, 14.0401 0.5115 -1.7454, 14.0322 0.5149 -1.7421, 14.0267 0.4969 -1.7427, 14.0197 0.5092 -1.7409, 14.0232 0.5187 -1.7409, 14.0386 0.5449 -1.7409, 14.0714 0.5517 -1.7454, 14.0661 0.5585 -1.7421, 14.0865 0.5815 -1.7409, 14.051 0.4842 -1.7652, 14.0536 0.4839 -1.7746, 14.0602 0.5663 -1.7409, 14.0464 0.5389 -1.7421, 14.0531 0.5336 -1.7454, 14.0582 0.5297 -1.7497, 14.0638 0.5254 -1.7571, 14.0567 0.5045 -1.7652, 14.0525 0.5062 -1.7571, 14.0461 0.509 -1.7497, 12.4114 5.7079 -2.096, 12.4114 5.7087 -2.0598, 12.4114 5.7042 -2.0922, 12.4114 5.6996 -2.0868, 12.4114 5.622 -2.048, 12.4114 5.6395 -2.0501, 12.4114 5.6969 -2.048, 12.4114 5.6465 -2.051, 12.4114 5.6624 -2.0572, 12.4114 5.6684 -2.0596, 12.4114 5.6828 -2.0698, 12.4114 5.6889 -2.0741, 12.5295 5.6622 -2.0574, 12.5295 5.6507 -2.0522, 12.5295 5.6969 -2.048, 12.5295 5.6394 -2.0502, 12.5295 5.6273 -2.0481, 12.5295 5.622 -2.048, 12.5295 5.7087 -2.0598, 12.5295 5.7079 -2.096, 12.5295 5.6999 -2.0865, 12.5295 5.6921 -2.0772, 12.5295 5.6827 -2.0697, 12.5295 5.6738 -2.0626, 12.6122 5.5315 -2.107, 12.624 5.561 -2.107, 12.6122 5.5315 -2.048, 12.624 5.561 -2.048, 12.6122 5.4331 -2.107, 12.6122 5.4331 -2.048, 12.624 5.4035 -2.107, 12.624 5.4035 -2.048, 12.3287 5.5315 -2.107, 12.3287 5.4331 -2.107, 12.3287 5.5315 -2.048, 12.3287 5.4331 -2.048, 11.9783 5.7079 -2.096, 11.9783 5.7087 -2.0598, 11.9783 5.7042 -2.0922, 11.9783 5.6996 -2.0868, 11.9783 5.622 -2.048, 11.9783 5.6395 -2.0501, 11.9783 5.6969 -2.048, 11.9783 5.6465 -2.051, 11.9783 5.6624 -2.0572, 11.9783 5.6684 -2.0596, 11.9783 5.6828 -2.0698, 11.9783 5.6889 -2.0741, 12.0965 5.6622 -2.0574, 12.0965 5.6507 -2.0522, 12.0965 5.6969 -2.048, 12.0965 5.6394 -2.0502, 12.0965 5.6273 -2.0481, 12.0965 5.622 -2.048, 12.0965 5.7087 -2.0598, 12.0965 5.7079 -2.096, 12.0965 5.6999 -2.0865, 12.0965 5.6921 -2.0772, 12.0965 5.6827 -2.0697, 12.0965 5.6738 -2.0626, 12.1791 5.5315 -2.107, 12.1909 5.561 -2.107, 12.1791 5.5315 -2.048, 12.1909 5.561 -2.048, 12.1791 5.4331 -2.107, 12.1791 5.4331 -2.048, 12.1909 5.4035 -2.107, 12.1909 5.4035 -2.048, 11.8839 5.4035 -2.107, 11.8839 5.4035 -2.048, 11.8957 5.4331 -2.107, 11.8957 5.4331 -2.048, 11.8957 5.5315 -2.107, 11.8957 5.5315 -2.048, 11.8839 5.561 -2.048, 11.8839 5.561 -2.107, 11.5453 5.7079 -2.096, 11.5453 5.7087 -2.0598, 11.5453 5.7042 -2.0922, 11.5453 5.6996 -2.0868, 11.5453 5.622 -2.048, 11.5453 5.6395 -2.0501, 11.5453 5.6969 -2.048, 11.5453 5.6465 -2.051, 11.5453 5.6624 -2.0572, 11.5453 5.6684 -2.0596, 11.5453 5.6828 -2.0698, 11.5453 5.6889 -2.0741, 11.6634 5.6622 -2.0574, 11.6634 5.6507 -2.0522, 11.6634 5.6969 -2.048, 11.6634 5.6394 -2.0502, 11.6634 5.6273 -2.0481, 11.6634 5.622 -2.048, 11.6634 5.7087 -2.0598, 11.6634 5.7079 -2.096, 11.6634 5.6999 -2.0865, 11.6634 5.6921 -2.0772, 11.6634 5.6827 -2.0697, 11.6634 5.6738 -2.0626, 11.7461 5.5315 -2.107, 11.7579 5.561 -2.107, 11.7461 5.5315 -2.048, 11.7579 5.561 -2.048, 11.7461 5.4331 -2.107, 11.7461 5.4331 -2.048, 11.7579 5.4035 -2.107, 11.7579 5.4035 -2.048, 11.4626 5.5315 -2.107, 11.4626 5.4331 -2.107, 11.4626 5.5315 -2.048, 11.4626 5.4331 -2.048, 11.313 5.5315 -2.107, 11.3248 5.561 -2.107, 11.313 5.5315 -2.048, 11.3248 5.561 -2.048, 11.313 5.4331 -2.107, 11.313 5.4331 -2.048, 11.3248 5.4035 -2.107, 11.3248 5.4035 -2.048, 11.0295 5.5315 -2.107, 11.0295 5.4331 -2.107, 11.0295 5.5315 -2.048, 11.0295 5.4331 -2.048, 10.6791 5.7079 -2.096, 10.6791 5.7087 -2.0598, 10.6791 5.7042 -2.0922, 10.6791 5.6996 -2.0868, 10.6791 5.622 -2.048, 10.6791 5.6395 -2.0501, 10.6791 5.6969 -2.048, 10.6791 5.6465 -2.051, 10.6791 5.6624 -2.0572, 10.6791 5.6684 -2.0596, 10.6791 5.6828 -2.0698, 10.6791 5.6889 -2.0741, 10.7972 5.6622 -2.0574, 10.7972 5.6507 -2.0522, 10.7972 5.6969 -2.048, 10.7972 5.6394 -2.0502, 10.7972 5.6273 -2.0481, 10.7972 5.622 -2.048, 10.7972 5.7087 -2.0598, 10.7972 5.7079 -2.096, 10.7972 5.6999 -2.0865, 10.7972 5.6921 -2.0772, 10.7972 5.6827 -2.0697, 10.7972 5.6738 -2.0626, 10.8799 5.5315 -2.107, 10.8917 5.561 -2.107, 10.8799 5.5315 -2.048, 10.8917 5.561 -2.048, 10.8799 5.4331 -2.107, 10.8799 5.4331 -2.048, 10.8917 5.4035 -2.107, 10.8917 5.4035 -2.048, 10.5965 5.5315 -2.107, 10.5965 5.4331 -2.107, 10.5965 5.5315 -2.048, 10.5965 5.4331 -2.048, 10.4469 5.5315 -2.107, 10.4587 5.561 -2.107, 10.4469 5.5315 -2.048, 10.4587 5.561 -2.048, 10.4469 5.4331 -2.107, 10.4469 5.4331 -2.048, 10.4587 5.4035 -2.107, 10.4587 5.4035 -2.048, 10.1634 5.5315 -2.107, 10.1634 5.4331 -2.107, 10.1634 5.5315 -2.048, 10.1634 5.4331 -2.048, 9.813 5.7079 -2.096, 9.813 5.7087 -2.0598, 9.813 5.7042 -2.0922, 9.813 5.6996 -2.0868, 9.813 5.622 -2.048, 9.813 5.6395 -2.0501, 9.813 5.6969 -2.048, 9.813 5.6465 -2.051, 9.813 5.6624 -2.0572, 9.813 5.6684 -2.0596, 9.813 5.6828 -2.0698, 9.813 5.6889 -2.0741, 9.9311 5.6622 -2.0574, 9.9311 5.6507 -2.0522, 9.9311 5.6969 -2.048, 9.9311 5.6394 -2.0502, 9.9311 5.6273 -2.0481, 9.9311 5.622 -2.048, 9.9311 5.7087 -2.0598, 9.9311 5.7079 -2.096, 9.9311 5.6999 -2.0865, 9.9311 5.6921 -2.0772, 9.9311 5.6827 -2.0697, 9.9311 5.6738 -2.0626, 10.0138 5.5315 -2.107, 10.0256 5.561 -2.107, 10.0138 5.5315 -2.048, 10.0256 5.561 -2.048, 10.0138 5.4331 -2.107, 10.0138 5.4331 -2.048, 10.0256 5.4035 -2.107, 10.0256 5.4035 -2.048, 9.7303 5.5315 -2.107, 9.7303 5.4331 -2.107, 9.7303 5.5315 -2.048, 9.7303 5.4331 -2.048, 8.9185 4.8209 -1.8905, 8.9185 4.8209 -1.7133, 8.7421 3.8529 -1.7133, 8.9463 4.9733 -1.7133, 8.9481 4.9831 -1.7243, 8.9555 5.0238 -1.7133, 8.9488 4.9872 -1.7289, 8.9499 4.9932 -1.7407, 8.9508 4.9987 -1.826, 8.9497 4.9936 -1.8428, 8.9555 5.0238 -1.9102, 8.9496 4.9932 -1.8435, 8.948 4.9847 -1.8584, 8.9477 4.9832 -1.86, 8.9391 4.9344 -1.8889, 8.9368 4.9213 -1.8905, 8.7421 3.8529 -1.9102, 8.9503 4.9953 -1.7448, 8.9509 4.9987 -1.7592, 8.951 4.9995 -1.7625, 8.9455 4.9714 -1.8725, 8.9452 4.9695 -1.8737, 8.9431 4.9572 -1.8818, 8.9423 4.9529 -1.8835, 8.9402 4.9406 -1.8881, 8.9511 5.0 -1.7724, 8.9511 5.0 -1.8118, 8.9508 4.9988 -1.8249, 8.8974 5.0344 -1.9102, 8.6831 3.8583 -1.9102, 8.8974 5.0344 -1.7133, 8.6831 3.8583 -1.7133, 8.8996 5.0598 -1.9102, 8.8996 5.0598 -1.7133, 8.8971 5.0853 -1.9102, 8.8971 5.0853 -1.7133, 8.9606 3.3465 -1.8511, 8.9606 3.3465 -2.0283, 8.9606 3.6614 -2.0283, 8.9606 3.4646 -1.733, 8.9606 3.6766 -1.8988, 8.9606 3.6849 -1.8938, 8.9606 3.3862 -1.7627, 8.9606 3.3718 -1.7789, 8.9606 3.6648 -1.914, 8.9606 3.3672 -1.784, 8.9606 3.3565 -1.8035, 8.9606 3.3551 -1.8059, 8.9606 3.6614 -1.9299, 8.9606 3.662 -1.9233, 8.9606 3.3477 -1.8329, 8.9606 3.3482 -1.8314, 8.9606 4.2913 -1.8905, 8.9606 4.2913 -1.733, 8.9606 3.7008 -1.8905, 8.9606 3.6942 -1.8911, 8.9606 3.4172 -1.7436, 8.9606 3.4099 -1.7464, 8.9606 3.3923 -1.7585, 8.9606 3.6697 -1.9057, 8.9606 3.4449 -1.7354, 8.9606 3.4355 -1.7366, 8.9016 3.6614 -2.0283, 8.9016 3.3465 -2.0283, 8.9016 3.6614 -1.9299, 8.9016 3.3465 -1.8511, 8.9016 3.662 -1.9233, 8.9016 3.3489 -1.8314, 8.9016 3.35 -1.822, 8.9016 4.2913 -1.733, 8.9016 4.2913 -1.8905, 8.9016 3.4646 -1.733, 8.9016 3.7008 -1.8905, 8.9016 3.6942 -1.8911, 8.9016 3.3571 -1.8037, 8.9016 3.3599 -1.7964, 8.9016 3.6648 -1.914, 8.9016 3.3719 -1.7789, 8.9016 3.3761 -1.7728, 8.9016 3.3923 -1.7584, 8.9016 3.3975 -1.7538, 8.9016 3.4169 -1.743, 8.9016 3.6849 -1.8938, 8.9016 3.6766 -1.8988, 8.9016 3.4464 -1.7343, 8.9016 3.6697 -1.9057, 8.9016 3.4448 -1.7347, 8.9016 3.4194 -1.7417, 8.9261 4.3634 -1.733, 8.9415 4.3798 -1.733, 8.9415 4.3798 -1.8905, 8.9261 4.3634 -1.8905, 8.912 4.3399 -1.8905, 8.912 4.3399 -1.733, 8.9037 4.3137 -1.8905, 8.9037 4.3137 -1.733, 9.1309 4.5473 -1.8905, 9.1309 4.5473 -1.8511, 9.1396 4.5564 -1.8905, 9.1396 4.5564 -1.8511, 9.1502 4.5731 -1.8905, 9.1502 4.5731 -1.8511, 9.1562 4.592 -1.8905, 9.1562 4.592 -1.8511, 9.1573 4.6117 -1.8905, 9.1573 4.6117 -1.8511, 9.1535 4.6311 -1.8905, 9.1535 4.6311 -1.8511, 9.1449 4.6489 -1.8905, 9.1449 4.6489 -1.8511, 9.1322 4.6641 -1.8905, 9.1322 4.6641 -1.8511, 9.1223 4.6719 -1.8905, 9.1223 4.6719 -1.8511, 8.9102 4.8377 -1.7133, 8.9222 4.8152 -1.6936, 8.9102 4.8377 -1.6936, 8.9032 4.8622 -1.6936, 8.9032 4.8622 -1.7133, 8.9016 4.8819 -1.6936, 8.9016 4.8819 -1.7133, 8.9388 4.7958 -1.8905, 8.9543 4.7835 -1.8905, 8.9543 4.7835 -1.6936, 8.9388 4.7958 -1.6936, 8.9222 4.8152 -1.8905, 8.9016 4.9213 -1.6936, 8.9016 4.9344 -1.6953, 8.9016 4.9414 -1.6961, 8.9016 4.9529 -1.7006, 8.9016 4.9577 -1.7024, 8.9016 4.9694 -1.7106, 8.9016 4.9733 -1.7133, 8.9606 4.9834 -1.724, 8.9606 4.9933 -1.7406, 8.9606 4.9697 -1.7103, 8.9606 4.9989 -1.7592, 8.9606 5.0 -1.7724, 8.9606 4.953 -1.7003, 8.9606 4.9213 -1.6936, 8.9606 4.9344 -1.6948, 8.9606 4.8819 -1.6936, 8.9606 4.8819 -1.8905, 8.9606 4.9213 -1.8905, 8.9606 4.9989 -1.8249, 8.9606 5.0 -1.8118, 8.9606 4.9344 -1.8894, 8.9606 4.953 -1.8838, 8.9606 4.9697 -1.8739, 8.9606 4.9834 -1.8602, 8.9606 4.9933 -1.8435, 14.25 3.1299 -1.6228, 14.2303 3.1496 -1.6425, 14.2303 3.1102 -1.6031, 13.376 3.1496 -1.6425, 13.376 3.1102 -1.6031, 13.376 3.1102 -1.6031
            ]
        }
        coordIndex [
            0,1,2,-1,2,1,3,-1,4,5,6,-1,6,5,7,-1,1,0,8,-1,5,9,7,-1,7,9,10,-1,7,10,11,-1,10,12,11,-1,11,12,13,-1,11,13,14,-1,13,15,14,-1,14,15,16,-1,14,16,17,-1,16,18,17,-1,17,18,19,-1,17,19,20,-1,19,21,20,-1,20,21,22,-1,20,22,8,-1,8,22,23,-1,8,23,1,-1,4,6,24,-1,24,6,25,-1,26,27,28,-1,28,27,29,-1,27,30,29,-1,29,30,31,-1,29,31,32,-1,31,33,32,-1,32,33,34,-1,32,34,35,-1,34,36,35,-1,35,36,37,-1,35,37,38,-1,37,39,38,-1,38,39,40,-1,38,40,41,-1,24,25,42,-1,42,25,43,-1,42,43,44,-1,44,43,41,-1,44,41,45,-1,45,41,40,-1,28,46,26,-1,26,46,47,-1,48,49,50,-1,50,49,51,-1,49,52,51,-1,51,52,53,-1,51,53,54,-1,53,55,54,-1,54,55,56,-1,54,56,57,-1,56,58,57,-1,57,58,59,-1,57,59,60,-1,59,61,60,-1,60,61,62,-1,60,62,63,-1,47,46,64,-1,64,46,65,-1,64,65,66,-1,66,65,63,-1,66,63,67,-1,67,63,62,-1,68,69,50,-1,50,69,48,-1,69,68,70,-1,71,72,73,-1,73,72,74,-1,75,76,70,-1,70,76,77,-1,70,77,69,-1,78,79,75,-1,75,79,80,-1,75,80,76,-1,81,82,78,-1,78,82,83,-1,78,83,79,-1,84,85,81,-1,81,85,86,-1,81,86,82,-1,72,87,74,-1,74,87,88,-1,74,88,84,-1,84,88,89,-1,84,89,85,-1,71,73,90,-1,90,73,91,-1,90,91,92,-1,93,94,95,-1,95,94,96,-1,94,97,96,-1,96,97,98,-1,96,98,99,-1,98,100,99,-1,99,100,101,-1,99,101,102,-1,101,103,102,-1,102,103,104,-1,102,104,105,-1,104,106,105,-1,105,106,107,-1,105,107,108,-1,107,109,108,-1,108,109,110,-1,108,110,92,-1,92,110,111,-1,92,111,90,-1,112,113,114,-1,114,115,112,-1,112,115,116,-1,112,116,117,-1,117,116,118,-1,117,118,119,-1,119,118,120,-1,119,120,121,-1,120,122,121,-1,121,122,123,-1,121,123,124,-1,123,125,124,-1,124,125,126,-1,124,126,127,-1,126,128,127,-1,127,128,129,-1,127,129,130,-1,129,131,130,-1,130,131,132,-1,130,132,133,-1,132,134,133,-1,133,134,135,-1,133,135,136,-1,135,137,136,-1,136,137,138,-1,136,138,139,-1,138,140,139,-1,139,140,141,-1,139,141,142,-1,141,143,142,-1,142,143,144,-1,142,144,145,-1,144,146,145,-1,145,146,147,-1,145,147,148,-1,93,95,149,-1,149,95,150,-1,149,150,151,-1,151,150,148,-1,151,148,152,-1,152,148,147,-1,153,114,154,-1,154,114,113,-1,155,113,156,-1,156,113,157,-1,155,158,113,-1,113,158,159,-1,113,159,154,-1,154,159,160,-1,154,160,161,-1,161,160,162,-1,161,162,163,-1,163,162,164,-1,163,164,165,-1,165,164,166,-1,165,166,167,-1,167,166,168,-1,167,168,169,-1,169,168,170,-1,169,170,171,-1,171,170,172,-1,171,172,173,-1,173,172,174,-1,173,174,175,-1,175,174,176,-1,175,176,177,-1,177,176,178,-1,177,178,179,-1,179,178,180,-1,178,176,181,-1,181,176,182,-1,157,183,156,-1,156,183,184,-1,156,184,155,-1,155,184,185,-1,186,160,187,-1,187,160,159,-1,187,159,185,-1,185,159,158,-1,185,158,155,-1,188,164,186,-1,186,164,162,-1,186,162,160,-1,189,168,188,-1,188,168,166,-1,188,166,164,-1,176,174,182,-1,182,174,172,-1,182,172,189,-1,189,172,170,-1,189,170,168,-1,190,186,187,-1,191,192,190,-1,190,192,193,-1,190,193,186,-1,187,185,190,-1,190,185,184,-1,190,184,183,-1,189,188,194,-1,193,195,186,-1,186,195,196,-1,186,196,188,-1,188,196,197,-1,188,197,194,-1,198,199,200,-1,200,199,181,-1,200,181,201,-1,201,181,182,-1,194,202,189,-1,189,202,203,-1,189,203,182,-1,182,203,204,-1,182,204,201,-1,205,206,207,-1,207,208,205,-1,205,208,209,-1,205,209,210,-1,209,211,210,-1,210,211,212,-1,210,212,213,-1,212,214,213,-1,213,214,215,-1,213,215,216,-1,215,217,216,-1,216,217,218,-1,216,218,219,-1,218,220,219,-1,219,220,221,-1,219,221,222,-1,221,223,222,-1,222,223,224,-1,222,224,225,-1,224,226,225,-1,225,226,227,-1,225,227,228,-1,227,229,228,-1,228,229,230,-1,228,230,231,-1,230,232,231,-1,231,232,233,-1,231,233,234,-1,233,235,234,-1,234,235,236,-1,234,236,237,-1,191,190,238,-1,238,190,239,-1,238,239,240,-1,240,239,241,-1,240,241,242,-1,242,241,243,-1,242,243,244,-1,244,243,237,-1,244,237,245,-1,245,237,236,-1,246,247,248,-1,248,247,249,-1,207,206,250,-1,250,206,251,-1,250,251,252,-1,252,251,253,-1,254,255,253,-1,253,255,256,-1,253,256,252,-1,257,258,254,-1,254,258,259,-1,254,259,255,-1,260,261,257,-1,257,261,262,-1,257,262,258,-1,247,263,249,-1,249,263,264,-1,249,264,260,-1,260,264,265,-1,260,265,261,-1,246,248,266,-1,266,248,267,-1,268,269,270,-1,270,269,271,-1,272,273,274,-1,274,273,275,-1,276,277,278,-1,278,277,279,-1,275,273,280,-1,280,273,281,-1,280,281,282,-1,282,281,283,-1,284,285,283,-1,283,285,286,-1,283,286,282,-1,287,288,284,-1,284,288,289,-1,284,289,285,-1,290,291,287,-1,287,291,292,-1,287,292,288,-1,277,293,279,-1,279,293,294,-1,279,294,290,-1,290,294,295,-1,290,295,291,-1,278,296,276,-1,276,296,297,-1,298,299,300,-1,300,299,301,-1,297,296,302,-1,302,296,303,-1,302,303,304,-1,304,303,305,-1,306,307,305,-1,305,307,308,-1,305,308,304,-1,309,310,306,-1,306,310,311,-1,306,311,307,-1,312,313,309,-1,309,313,314,-1,309,314,310,-1,299,315,301,-1,301,315,316,-1,301,316,312,-1,312,316,317,-1,312,317,313,-1,300,318,298,-1,298,318,319,-1,320,321,322,-1,322,321,323,-1,319,318,324,-1,324,318,325,-1,324,325,326,-1,326,325,327,-1,328,329,327,-1,327,329,330,-1,327,330,326,-1,331,332,328,-1,328,332,333,-1,328,333,329,-1,334,335,331,-1,331,335,336,-1,331,336,332,-1,321,337,323,-1,323,337,338,-1,323,338,334,-1,334,338,339,-1,334,339,335,-1,322,340,320,-1,320,340,341,-1,274,342,272,-1,272,342,343,-1,341,340,344,-1,344,340,345,-1,344,345,346,-1,346,345,347,-1,348,349,347,-1,347,349,350,-1,347,350,346,-1,351,352,348,-1,348,352,353,-1,348,353,349,-1,354,355,351,-1,351,355,356,-1,351,356,352,-1,342,357,343,-1,343,357,358,-1,343,358,354,-1,354,358,359,-1,354,359,355,-1,360,361,362,-1,362,361,363,-1,364,365,366,-1,366,365,367,-1,363,361,368,-1,368,361,369,-1,368,369,370,-1,370,369,371,-1,372,373,371,-1,371,373,374,-1,371,374,370,-1,375,376,372,-1,372,376,377,-1,372,377,373,-1,378,379,375,-1,375,379,380,-1,375,380,376,-1,365,381,367,-1,367,381,382,-1,367,382,378,-1,378,382,383,-1,378,383,379,-1,366,384,364,-1,364,384,385,-1,386,387,388,-1,388,387,389,-1,385,384,390,-1,390,384,391,-1,390,391,392,-1,392,391,393,-1,394,395,393,-1,393,395,396,-1,393,396,392,-1,397,398,394,-1,394,398,399,-1,394,399,395,-1,400,401,397,-1,397,401,402,-1,397,402,398,-1,387,403,389,-1,389,403,404,-1,389,404,400,-1,400,404,405,-1,400,405,401,-1,388,406,386,-1,386,406,407,-1,408,409,410,-1,410,409,411,-1,407,406,412,-1,412,406,413,-1,412,413,414,-1,414,413,415,-1,416,417,415,-1,415,417,418,-1,415,418,414,-1,419,420,416,-1,416,420,421,-1,416,421,417,-1,422,423,419,-1,419,423,424,-1,419,424,420,-1,409,425,411,-1,411,425,426,-1,411,426,422,-1,422,426,427,-1,422,427,423,-1,410,428,408,-1,408,428,429,-1,362,430,360,-1,360,430,431,-1,429,428,432,-1,432,428,433,-1,432,433,434,-1,434,433,435,-1,436,437,435,-1,435,437,438,-1,435,438,434,-1,439,440,436,-1,436,440,441,-1,436,441,437,-1,442,443,439,-1,439,443,444,-1,439,444,440,-1,430,445,431,-1,431,445,446,-1,431,446,442,-1,442,446,447,-1,442,447,443,-1,448,449,450,-1,450,449,451,-1,450,451,452,-1,452,451,453,-1,452,453,454,-1,454,453,455,-1,454,455,456,-1,456,455,457,-1,456,457,458,-1,458,457,459,-1,458,459,460,-1,461,462,463,-1,463,462,464,-1,463,464,465,-1,465,464,460,-1,465,460,466,-1,466,460,459,-1,467,468,469,-1,469,468,470,-1,471,472,473,-1,471,473,474,-1,474,473,475,-1,474,475,476,-1,476,475,477,-1,476,477,478,-1,478,477,479,-1,478,479,480,-1,480,479,481,-1,480,481,482,-1,482,481,483,-1,482,483,484,-1,484,483,469,-1,484,469,470,-1,485,486,487,-1,488,489,490,-1,490,491,488,-1,488,491,492,-1,488,492,493,-1,493,492,494,-1,493,494,495,-1,495,494,496,-1,495,496,497,-1,497,496,498,-1,497,498,499,-1,499,498,485,-1,499,485,500,-1,500,485,487,-1,490,489,501,-1,501,489,502,-1,501,502,503,-1,501,503,504,-1,504,503,505,-1,504,505,506,-1,506,505,507,-1,506,507,508,-1,508,507,509,-1,508,509,510,-1,510,509,511,-1,510,511,512,-1,512,511,513,-1,512,513,514,-1,514,513,515,-1,514,515,516,-1,517,518,519,-1,519,520,517,-1,517,520,521,-1,517,521,522,-1,522,521,523,-1,522,523,524,-1,524,523,525,-1,524,525,526,-1,526,525,527,-1,526,527,528,-1,528,527,529,-1,528,529,530,-1,530,529,531,-1,530,531,532,-1,532,531,533,-1,532,533,534,-1,534,533,535,-1,534,535,536,-1,536,535,537,-1,536,537,538,-1,538,537,539,-1,538,539,540,-1,540,539,541,-1,540,541,542,-1,542,541,543,-1,542,543,544,-1,544,543,545,-1,544,545,515,-1,515,545,516,-1,519,456,458,-1,458,460,519,-1,519,460,464,-1,519,464,462,-1,518,546,519,-1,519,546,547,-1,519,547,456,-1,456,547,548,-1,456,548,454,-1,454,548,549,-1,454,549,452,-1,452,549,550,-1,452,550,450,-1,450,550,551,-1,450,551,448,-1,448,551,552,-1,448,552,553,-1,553,552,554,-1,555,556,546,-1,546,556,547,-1,557,461,463,-1,463,465,557,-1,557,465,466,-1,557,466,459,-1,555,558,556,-1,556,558,557,-1,556,557,559,-1,559,557,459,-1,559,459,560,-1,560,459,457,-1,560,457,561,-1,561,457,455,-1,453,562,455,-1,455,562,563,-1,455,563,561,-1,451,564,453,-1,453,564,565,-1,453,565,562,-1,566,567,449,-1,449,567,568,-1,449,568,451,-1,451,568,569,-1,451,569,564,-1,570,571,572,-1,572,571,573,-1,572,573,574,-1,574,573,575,-1,574,575,576,-1,576,575,577,-1,576,577,578,-1,578,577,579,-1,578,579,580,-1,580,579,581,-1,580,581,582,-1,582,581,583,-1,582,583,584,-1,584,583,585,-1,584,585,586,-1,586,585,587,-1,586,587,588,-1,588,587,589,-1,588,589,590,-1,590,589,591,-1,590,591,592,-1,592,591,593,-1,592,593,594,-1,557,558,595,-1,595,558,596,-1,595,596,597,-1,597,596,594,-1,597,594,598,-1,598,594,593,-1,599,600,601,-1,599,601,602,-1,602,601,603,-1,602,603,604,-1,604,603,605,-1,604,605,606,-1,606,605,607,-1,606,607,608,-1,608,607,609,-1,608,609,610,-1,610,609,611,-1,610,611,612,-1,612,611,571,-1,612,571,570,-1,600,599,613,-1,613,599,614,-1,615,616,617,-1,617,616,618,-1,619,620,621,-1,621,620,622,-1,621,622,623,-1,623,622,624,-1,623,624,625,-1,625,624,626,-1,625,626,627,-1,627,626,628,-1,627,628,629,-1,629,628,630,-1,629,630,631,-1,631,630,632,-1,631,632,618,-1,618,632,617,-1,633,620,634,-1,634,620,619,-1,635,636,637,-1,637,636,638,-1,637,638,639,-1,639,638,640,-1,639,640,641,-1,641,640,642,-1,641,642,643,-1,643,642,644,-1,643,644,645,-1,645,644,646,-1,645,646,647,-1,647,646,648,-1,647,648,634,-1,634,648,633,-1,649,636,650,-1,650,636,635,-1,651,652,653,-1,653,652,654,-1,653,654,655,-1,655,654,656,-1,655,656,657,-1,657,656,658,-1,657,658,659,-1,659,658,660,-1,659,660,661,-1,661,660,662,-1,661,662,663,-1,663,662,664,-1,663,664,650,-1,650,664,649,-1,665,652,666,-1,666,652,651,-1,665,666,667,-1,665,667,668,-1,668,667,669,-1,668,669,670,-1,670,669,671,-1,670,671,672,-1,672,671,673,-1,672,673,674,-1,674,673,675,-1,674,675,676,-1,676,675,677,-1,676,677,678,-1,679,680,681,-1,681,680,682,-1,682,683,681,-1,681,683,684,-1,681,684,685,-1,685,684,686,-1,685,686,687,-1,687,686,688,-1,687,688,689,-1,689,688,690,-1,689,690,691,-1,691,690,692,-1,691,692,693,-1,693,692,694,-1,693,694,695,-1,695,694,696,-1,695,696,697,-1,697,696,698,-1,697,698,699,-1,699,698,700,-1,699,700,701,-1,701,700,702,-1,701,702,471,-1,471,702,472,-1,680,703,682,-1,682,703,704,-1,682,704,683,-1,705,706,707,-1,707,706,708,-1,707,708,709,-1,709,708,710,-1,709,710,711,-1,711,710,712,-1,711,712,713,-1,713,712,714,-1,713,714,715,-1,715,714,716,-1,715,716,717,-1,717,716,718,-1,717,718,719,-1,719,718,720,-1,719,720,721,-1,721,720,722,-1,721,722,723,-1,723,722,724,-1,723,724,725,-1,725,724,726,-1,725,726,727,-1,727,726,728,-1,727,728,704,-1,704,728,729,-1,704,729,683,-1,730,731,732,-1,730,732,733,-1,733,732,734,-1,733,734,735,-1,735,734,736,-1,735,736,737,-1,737,736,738,-1,737,738,739,-1,739,738,740,-1,739,740,741,-1,741,740,742,-1,741,742,743,-1,743,742,706,-1,743,706,705,-1,744,745,730,-1,730,745,731,-1,745,744,746,-1,745,746,747,-1,747,746,748,-1,747,748,749,-1,749,748,750,-1,749,750,751,-1,751,750,752,-1,751,752,753,-1,753,752,754,-1,753,754,755,-1,755,754,756,-1,755,756,757,-1,757,756,758,-1,757,758,759,-1,759,758,760,-1,760,758,761,-1,762,763,764,-1,764,763,765,-1,764,765,766,-1,766,765,767,-1,766,767,768,-1,768,767,769,-1,768,769,770,-1,770,769,771,-1,770,771,772,-1,772,771,773,-1,772,773,774,-1,774,773,775,-1,774,775,761,-1,761,775,760,-1,776,763,777,-1,777,763,762,-1,778,779,780,-1,780,779,781,-1,780,781,782,-1,782,781,783,-1,782,783,784,-1,784,783,785,-1,784,785,786,-1,786,785,787,-1,786,787,788,-1,788,787,789,-1,788,789,790,-1,790,789,791,-1,790,791,777,-1,777,791,776,-1,487,486,778,-1,778,486,779,-1,792,793,794,-1,794,793,795,-1,792,794,796,-1,796,794,797,-1,796,797,798,-1,798,797,799,-1,798,799,800,-1,800,799,801,-1,800,801,802,-1,802,801,803,-1,802,803,804,-1,804,803,805,-1,804,805,806,-1,806,805,807,-1,806,807,808,-1,808,807,809,-1,810,808,811,-1,811,808,809,-1,810,811,812,-1,812,811,813,-1,812,813,814,-1,814,813,815,-1,814,815,816,-1,816,815,817,-1,816,817,818,-1,818,817,819,-1,818,819,820,-1,820,819,821,-1,820,821,822,-1,822,821,823,-1,822,823,824,-1,824,823,825,-1,826,824,827,-1,827,824,825,-1,826,827,828,-1,828,827,829,-1,828,829,830,-1,830,829,831,-1,830,831,832,-1,832,831,833,-1,832,833,834,-1,834,833,835,-1,834,835,836,-1,836,835,837,-1,836,837,838,-1,838,837,839,-1,838,839,840,-1,840,839,841,-1,842,840,843,-1,843,840,841,-1,842,843,844,-1,844,843,845,-1,844,845,846,-1,846,845,847,-1,846,847,848,-1,848,847,849,-1,848,849,850,-1,850,849,851,-1,850,851,852,-1,852,851,853,-1,852,853,854,-1,854,853,855,-1,854,855,793,-1,793,855,795,-1,856,857,858,-1,858,857,859,-1,860,861,862,-1,862,861,863,-1,864,861,860,-1,860,865,864,-1,864,865,866,-1,864,866,867,-1,867,866,868,-1,867,868,869,-1,869,868,870,-1,869,870,871,-1,871,870,872,-1,871,872,873,-1,873,872,874,-1,873,874,875,-1,875,874,876,-1,875,876,877,-1,878,879,880,-1,881,882,883,-1,884,885,886,-1,886,885,887,-1,886,887,888,-1,888,889,886,-1,886,889,890,-1,886,890,891,-1,891,890,880,-1,880,890,892,-1,880,892,878,-1,893,894,895,-1,894,896,895,-1,895,896,897,-1,895,897,898,-1,898,897,899,-1,898,899,900,-1,901,902,903,-1,903,902,904,-1,903,904,905,-1,904,906,905,-1,905,906,907,-1,905,907,908,-1,908,907,909,-1,908,909,895,-1,895,909,910,-1,895,910,893,-1,911,912,901,-1,901,912,913,-1,901,913,902,-1,914,915,916,-1,914,916,901,-1,901,916,917,-1,901,917,911,-1,918,919,920,-1,920,919,915,-1,920,915,921,-1,921,915,914,-1,922,923,924,-1,924,923,925,-1,924,925,926,-1,926,925,927,-1,926,927,918,-1,918,927,928,-1,918,928,919,-1,929,930,931,-1,931,930,932,-1,931,932,933,-1,933,934,931,-1,931,934,935,-1,931,935,936,-1,922,924,936,-1,936,924,937,-1,936,937,931,-1,938,939,940,-1,941,942,943,-1,941,943,944,-1,929,931,942,-1,942,931,945,-1,942,945,943,-1,946,947,948,-1,948,947,949,-1,948,949,950,-1,950,949,951,-1,950,951,938,-1,938,951,952,-1,938,952,939,-1,940,944,938,-1,938,944,943,-1,938,943,953,-1,953,943,954,-1,953,954,955,-1,955,954,956,-1,956,954,957,-1,956,957,958,-1,958,957,959,-1,958,959,960,-1,960,959,961,-1,960,961,962,-1,962,961,963,-1,962,963,964,-1,965,966,967,-1,899,884,900,-1,900,884,886,-1,900,886,968,-1,968,886,969,-1,968,969,970,-1,970,969,971,-1,970,971,972,-1,972,971,973,-1,972,973,974,-1,974,973,975,-1,974,975,976,-1,976,975,977,-1,976,977,978,-1,978,977,979,-1,978,979,980,-1,980,979,981,-1,980,981,982,-1,982,981,983,-1,982,983,984,-1,984,983,881,-1,984,881,985,-1,985,881,883,-1,985,883,986,-1,986,883,987,-1,986,987,988,-1,988,987,989,-1,989,987,990,-1,989,990,991,-1,991,990,992,-1,992,990,993,-1,992,993,994,-1,995,996,997,-1,997,996,998,-1,997,998,993,-1,993,998,999,-1,993,999,994,-1,1000,1001,995,-1,995,1001,1002,-1,995,1002,996,-1,963,1003,964,-1,964,1003,1004,-1,964,1004,967,-1,967,1004,1005,-1,967,1005,965,-1,965,1005,1006,-1,965,1006,1000,-1,1000,1006,1007,-1,1000,1007,1001,-1,1008,1009,1010,-1,1011,1012,1013,-1,1014,1015,1016,-1,1017,1018,1019,-1,1020,1021,1022,-1,1023,1024,1025,-1,1026,1027,1028,-1,1028,1027,1029,-1,946,948,1030,-1,1031,1032,1033,-1,1033,1032,1034,-1,1033,1034,1030,-1,1030,1034,1035,-1,1030,1035,946,-1,1036,1037,1038,-1,1038,1037,1039,-1,1040,1041,1042,-1,1042,1041,1043,-1,1021,1044,1022,-1,1022,1044,1045,-1,1022,1045,1013,-1,1046,1047,1020,-1,1020,1022,1046,-1,1046,1022,1013,-1,1046,1013,1048,-1,1048,1013,1012,-1,1048,1012,1049,-1,1050,1051,1052,-1,1052,1051,1053,-1,1018,1054,1019,-1,1019,1054,1055,-1,1019,1055,1056,-1,1015,1014,1057,-1,1051,1049,1053,-1,1053,1049,1012,-1,1053,1012,1058,-1,1058,1012,1011,-1,1058,1011,1059,-1,1040,1060,1041,-1,1041,1060,1025,-1,1041,1025,1043,-1,1043,1025,1024,-1,1061,1052,1062,-1,1062,1052,1053,-1,1062,1053,1063,-1,1063,1053,1058,-1,1063,1058,1064,-1,1064,1058,1059,-1,1064,1059,1065,-1,1061,1062,1066,-1,1066,1062,1063,-1,1066,1063,1067,-1,1067,1063,1064,-1,1067,1064,1056,-1,1056,1064,1065,-1,1056,1065,1019,-1,1019,1065,1010,-1,1019,1010,1017,-1,1017,1010,1009,-1,1017,1009,1068,-1,1068,1009,1008,-1,1068,1008,1069,-1,1039,1026,1038,-1,1038,1026,1028,-1,1038,1028,1070,-1,1070,1028,1029,-1,1070,1029,1033,-1,1033,1029,1071,-1,1033,1071,1031,-1,1014,1069,1057,-1,1057,1069,1008,-1,1057,1008,1072,-1,1072,1008,1010,-1,1072,1010,1073,-1,1073,1010,1065,-1,1073,1065,1074,-1,1074,1065,1059,-1,1074,1059,1060,-1,1060,1059,1011,-1,1060,1011,1025,-1,1025,1011,1013,-1,1025,1013,1023,-1,1023,1013,1045,-1,1075,1076,1077,-1,948,950,1030,-1,1030,950,1076,-1,1030,1076,1033,-1,1033,1076,1075,-1,1033,1075,1070,-1,950,938,1076,-1,1076,938,953,-1,1076,953,1077,-1,1077,953,955,-1,1077,955,956,-1,1040,1036,1060,-1,1060,1036,1038,-1,1060,1038,1074,-1,1074,1038,1070,-1,1074,1070,1073,-1,1073,1070,1075,-1,1073,1075,1072,-1,1072,1075,1077,-1,1072,1077,1057,-1,1057,1077,956,-1,956,958,1057,-1,1057,958,960,-1,1057,960,1015,-1,1015,960,962,-1,1015,962,1016,-1,1016,962,964,-1,1016,964,967,-1,1078,1079,1080,-1,1078,1080,1081,-1,1081,1080,1082,-1,1081,1082,1083,-1,1083,1082,1084,-1,1083,1084,1085,-1,1085,1084,1086,-1,1085,1086,1047,-1,886,891,1087,-1,971,969,1088,-1,1089,1090,1091,-1,1092,1093,1094,-1,1083,1095,1081,-1,1081,1095,1096,-1,1081,1096,1078,-1,1079,1078,1097,-1,1097,1078,1096,-1,1097,1096,1098,-1,1098,1096,1099,-1,1098,1099,1100,-1,1100,1099,1101,-1,1102,1103,1104,-1,1093,1105,1094,-1,1094,1105,1106,-1,1094,1106,1103,-1,1103,1106,1107,-1,1103,1107,1104,-1,1087,1108,1109,-1,1109,1108,1110,-1,1087,891,1108,-1,1108,891,880,-1,1108,880,879,-1,881,983,1111,-1,1111,983,981,-1,1111,981,1112,-1,1113,1114,1115,-1,1115,1114,1116,-1,1115,1116,1112,-1,1117,1118,1119,-1,1120,1121,1122,-1,1090,1123,1091,-1,1091,1123,1120,-1,1091,1120,1124,-1,1124,1120,1122,-1,1125,1126,1127,-1,1128,1127,1129,-1,1129,1127,1126,-1,1129,1126,1130,-1,1104,1101,1102,-1,1102,1101,1099,-1,1102,1099,1131,-1,1131,1099,1096,-1,1131,1096,1132,-1,1132,1096,1095,-1,1132,1095,1133,-1,1133,1095,1083,-1,1133,1083,1085,-1,1121,1118,1122,-1,1122,1118,1117,-1,1122,1117,1134,-1,1134,1117,1135,-1,1133,1136,1132,-1,1132,1136,1137,-1,1132,1137,1131,-1,1131,1137,1138,-1,1131,1138,1102,-1,1102,1138,1139,-1,1102,1139,1103,-1,1103,1139,1140,-1,1103,1140,1094,-1,1094,1140,1109,-1,1094,1109,1092,-1,1092,1109,1110,-1,1112,981,1115,-1,1115,981,979,-1,1115,979,1113,-1,1113,979,977,-1,1113,977,975,-1,1119,1114,1117,-1,1117,1114,1113,-1,1117,1113,1135,-1,1135,1113,975,-1,1135,975,973,-1,973,971,1135,-1,1135,971,1088,-1,1135,1088,1134,-1,1134,1088,1141,-1,1134,1141,1122,-1,1122,1141,1142,-1,1122,1142,1124,-1,1124,1142,1143,-1,1124,1143,1091,-1,1091,1143,1125,-1,1091,1125,1089,-1,1089,1125,1127,-1,969,886,1088,-1,1088,886,1087,-1,1088,1087,1141,-1,1141,1087,1109,-1,1141,1109,1142,-1,1142,1109,1140,-1,1142,1140,1143,-1,1143,1140,1139,-1,1143,1139,1125,-1,1125,1139,1138,-1,1125,1138,1126,-1,1126,1138,1137,-1,1126,1137,1130,-1,1130,1137,1136,-1,1144,1145,1146,-1,1146,1145,1147,-1,1148,1149,1150,-1,1150,1149,1151,-1,1150,1151,1152,-1,1152,1153,1150,-1,1150,1153,1154,-1,1150,1154,1145,-1,1145,1154,1155,-1,1145,1155,1147,-1,1156,1157,1158,-1,1157,1159,1158,-1,1158,1159,1160,-1,1158,1160,1161,-1,1162,1163,1164,-1,1164,1165,1162,-1,1162,1165,1166,-1,1162,1166,1158,-1,1158,1166,1167,-1,1158,1167,1156,-1,1168,1169,1170,-1,1170,1169,1171,-1,1172,1168,1173,-1,1173,1168,1170,-1,1174,1172,1175,-1,1175,1172,1173,-1,1176,1177,1178,-1,1178,1177,1179,-1,1180,1181,1182,-1,1182,1181,1183,-1,1184,1185,1186,-1,1186,1185,1187,-1,1186,1187,1188,-1,1188,1189,1186,-1,1186,1189,1190,-1,1186,1190,1181,-1,1181,1190,1191,-1,1181,1191,1183,-1,1192,1193,1194,-1,1193,1195,1194,-1,1194,1195,1196,-1,1194,1196,1197,-1,1198,1199,1200,-1,1200,1201,1198,-1,1198,1201,1202,-1,1198,1202,1194,-1,1194,1202,1203,-1,1194,1203,1192,-1,1204,1205,1206,-1,1206,1205,1207,-1,1208,1204,1209,-1,1209,1204,1206,-1,1210,1208,1211,-1,1211,1208,1209,-1,1212,1213,1214,-1,1214,1213,1215,-1,1216,1214,1217,-1,1217,1214,1215,-1,1218,1219,1217,-1,1217,1219,1216,-1,1220,1221,1222,-1,1222,1221,1223,-1,1224,1225,1226,-1,1226,1225,1227,-1,1226,1227,1228,-1,1228,1229,1226,-1,1226,1229,1230,-1,1226,1230,1221,-1,1221,1230,1231,-1,1221,1231,1223,-1,1232,1233,1234,-1,1233,1235,1234,-1,1234,1235,1236,-1,1234,1236,1237,-1,1238,1239,1240,-1,1240,1241,1238,-1,1238,1241,1242,-1,1238,1242,1234,-1,1234,1242,1243,-1,1234,1243,1232,-1,1244,1245,1246,-1,1246,1245,1247,-1,1248,1244,1249,-1,1249,1244,1246,-1,1250,1248,1251,-1,1251,1248,1249,-1,1252,1253,1254,-1,1254,1253,1255,-1,1256,1257,1258,-1,1258,1257,1259,-1,1260,1256,1261,-1,1261,1256,1258,-1,1262,1260,1263,-1,1263,1260,1261,-1,1264,1265,1266,-1,1266,1265,1267,-1,1268,1269,1270,-1,1270,1269,1271,-1,1272,1273,1274,-1,1274,1273,1275,-1,1274,1275,1276,-1,1276,1277,1274,-1,1274,1277,1278,-1,1274,1278,1269,-1,1269,1278,1279,-1,1269,1279,1271,-1,1280,1281,1282,-1,1281,1283,1282,-1,1282,1283,1284,-1,1282,1284,1285,-1,1286,1287,1288,-1,1288,1289,1286,-1,1286,1289,1290,-1,1286,1290,1282,-1,1282,1290,1291,-1,1282,1291,1280,-1,1292,1293,1294,-1,1294,1293,1295,-1,1296,1292,1297,-1,1297,1292,1294,-1,1298,1296,1299,-1,1299,1296,1297,-1,1300,1301,1302,-1,1302,1301,1303,-1,1304,1305,1306,-1,1306,1305,1307,-1,1308,1304,1309,-1,1309,1304,1306,-1,1310,1308,1311,-1,1311,1308,1309,-1,1312,1313,1314,-1,1314,1313,1315,-1,1316,1317,1318,-1,1318,1317,1319,-1,1320,1321,1322,-1,1322,1321,1323,-1,1322,1323,1324,-1,1324,1325,1322,-1,1322,1325,1326,-1,1322,1326,1317,-1,1317,1326,1327,-1,1317,1327,1319,-1,1328,1329,1330,-1,1329,1331,1330,-1,1330,1331,1332,-1,1330,1332,1333,-1,1334,1335,1336,-1,1336,1337,1334,-1,1334,1337,1338,-1,1334,1338,1330,-1,1330,1338,1339,-1,1330,1339,1328,-1,1340,1341,1342,-1,1342,1341,1343,-1,1344,1340,1345,-1,1345,1340,1342,-1,1346,1344,1347,-1,1347,1344,1345,-1,1348,1349,1350,-1,1350,1349,1351,-1,1352,1353,1354,-1,1355,1356,1357,-1,1357,1356,1358,-1,1357,1358,1359,-1,1360,1361,1362,-1,1361,1363,1362,-1,1362,1363,1364,-1,1362,1364,1365,-1,1366,1367,1362,-1,1362,1367,1352,-1,1362,1352,1368,-1,1368,1352,1354,-1,1359,1369,1357,-1,1357,1369,1370,-1,1357,1370,1371,-1,1365,1372,1362,-1,1362,1372,1373,-1,1362,1373,1374,-1,1374,1375,1362,-1,1362,1375,1376,-1,1362,1376,1366,-1,1371,1377,1357,-1,1357,1377,1378,-1,1357,1378,1362,-1,1362,1378,1379,-1,1362,1379,1360,-1,1380,1381,1382,-1,1382,1381,1383,-1,1380,1382,1384,-1,1384,1382,1385,-1,1384,1385,1386,-1,1386,1385,1387,-1,1388,1389,1390,-1,1391,1392,1393,-1,1394,1395,1396,-1,1395,1397,1396,-1,1396,1397,1398,-1,1396,1398,1399,-1,1390,1400,1388,-1,1388,1400,1401,-1,1388,1401,1402,-1,1402,1401,1396,-1,1402,1396,1403,-1,1403,1396,1399,-1,1404,1405,1406,-1,1406,1405,1391,-1,1406,1391,1407,-1,1407,1391,1393,-1,1408,1409,1396,-1,1396,1409,1410,-1,1396,1410,1394,-1,1392,1391,1411,-1,1411,1391,1412,-1,1411,1412,1396,-1,1396,1412,1413,-1,1396,1413,1408,-1,1414,1415,1416,-1,1416,1415,1417,-1,1416,1417,1418,-1,1418,1417,1419,-1,1418,1419,1420,-1,1421,1422,1423,-1,1423,1422,1424,-1,1423,1424,1425,-1,1420,1426,1418,-1,1418,1426,1427,-1,1418,1427,1428,-1,1428,1427,1429,-1,1428,1429,1430,-1,1430,1431,1428,-1,1428,1431,1432,-1,1428,1432,1433,-1,1425,1434,1423,-1,1423,1434,1435,-1,1423,1435,1436,-1,1436,1435,1437,-1,1436,1437,1438,-1,1438,1437,1428,-1,1438,1428,1439,-1,1439,1428,1433,-1,1440,1441,1442,-1,1442,1443,1440,-1,1440,1443,1444,-1,1440,1444,1445,-1,1445,1444,1446,-1,1445,1446,1447,-1,1447,1446,1422,-1,1447,1422,1421,-1,1448,1449,1450,-1,1450,1449,1451,-1,1450,1451,1452,-1,1452,1451,1453,-1,1452,1453,1454,-1,1454,1453,1455,-1,1454,1455,1456,-1,1456,1455,1457,-1,1456,1457,1458,-1,1458,1457,1459,-1,1458,1459,1460,-1,1460,1459,1461,-1,1460,1461,1462,-1,1462,1461,1463,-1,1462,1463,1464,-1,1464,1463,1465,-1,1466,1353,1467,-1,1467,1468,1466,-1,1466,1468,1469,-1,1466,1469,1470,-1,1470,1469,1471,-1,1470,1471,1472,-1,1473,1474,1475,-1,1475,1476,1473,-1,1473,1476,1467,-1,1473,1467,1477,-1,1477,1467,1353,-1,1477,1353,1352,-1,1472,1471,1478,-1,1478,1479,1472,-1,1472,1479,1480,-1,1472,1480,1481,-1,1481,1482,1472,-1,1472,1482,1483,-1,1472,1483,1484,-1,1355,1484,1483,-1,1485,1486,1359,-1,1355,1487,1356,-1,1356,1487,1485,-1,1356,1485,1358,-1,1358,1485,1359,-1,1488,1489,1377,-1,1377,1371,1488,-1,1488,1371,1370,-1,1488,1370,1486,-1,1486,1370,1369,-1,1486,1369,1359,-1,1355,1483,1487,-1,1487,1483,1482,-1,1487,1482,1490,-1,1478,1491,1479,-1,1479,1491,1492,-1,1479,1492,1480,-1,1480,1492,1490,-1,1480,1490,1481,-1,1481,1490,1482,-1,1493,1494,1495,-1,1496,1497,1493,-1,1493,1497,1489,-1,1493,1489,1491,-1,1491,1489,1488,-1,1491,1488,1492,-1,1485,1487,1490,-1,1495,1498,1493,-1,1493,1498,1499,-1,1493,1499,1500,-1,1492,1488,1490,-1,1490,1488,1486,-1,1490,1486,1485,-1,1500,1501,1493,-1,1493,1501,1502,-1,1493,1502,1496,-1,1503,1504,1505,-1,1505,1504,1506,-1,1505,1506,1507,-1,
        ]
    }
}
Shape{
    appearance Appearance {
        material  Material 	{
            diffuseColor 0.25098039215686274 0.25098039215686274 0.25098039215686274
            specularColor 0.12549019607843137 0.12549019607843137 0.12549019607843137
            ambientIntensity 0.2
            transparency 0
            shininess 0.5
        }
    }
    geometry IndexedFaceSet {
        ccw TRUE
        solid FALSE
        coord DEF co Coordinate {
            point [
                13.5532 5.3937 -1.5755, 13.3209 5.3937 -1.5755, 13.3209 5.3937 -1.6982, 13.3639 5.3937 -1.7123, 13.3697 5.3937 -1.7158, 13.4037 5.3937 -1.7361, 13.4134 5.3937 -1.7453, 13.4377 5.3937 -1.7684, 13.4485 5.3937 -1.7847, 13.4628 5.3937 -1.8063, 13.4726 5.3937 -1.8315, 13.4791 5.3937 -1.8481, 13.4826 5.3937 -1.9355, 13.4761 5.3937 -1.9673, 13.5532 5.3937 -2.2251, 13.4676 5.3937 -1.986, 13.4578 5.3937 -2.008, 13.4844 5.3937 -1.8829, 13.486 5.3937 -1.8933, 13.4853 5.3937 -1.9222, 13.4404 5.3937 -2.0312, 13.4318 5.3937 -2.0429, 13.4029 5.3937 -2.0684, 13.3062 5.3937 -2.1084, 13.2697 5.3937 -2.1108, 13.2776 5.3937 -2.2251, 13.3976 5.3937 -2.0731, 13.358 5.3937 -2.0948, 13.3143 5.3937 -2.1078, 13.0692 5.3937 -1.9164, 13.0698 5.3937 -1.8872, 13.002 5.3937 -1.8511, 13.0698 5.3937 -1.8824, 13.0753 5.3937 -1.8511, 13.002 5.3937 -2.2251, 13.1844 5.3937 -2.0891, 13.1558 5.3937 -2.0709, 13.148 5.3937 -2.0659, 13.116 5.3937 -2.0344, 13.0932 5.3937 -2.0001, 13.2535 5.3937 -2.1084, 13.2244 5.3937 -2.1042, 13.2023 5.3937 -2.0958, 13.0892 5.3937 -1.9902, 13.0763 5.3937 -1.9583, 13.0732 5.3937 -1.9399, 13.0732 5.3937 -1.9399
            ]
        }
        coordIndex [
            0,1,2,-1,2,3,0,-1,0,3,4,-1,0,4,5,-1,5,6,0,-1,0,6,7,-1,0,7,8,-1,8,9,0,-1,0,9,10,-1,0,10,11,-1,12,13,14,-1,14,13,15,-1,14,15,16,-1,11,17,0,-1,0,17,18,-1,0,18,14,-1,14,18,19,-1,14,19,12,-1,16,20,14,-1,14,20,21,-1,14,21,22,-1,23,24,25,-1,22,26,14,-1,14,26,27,-1,14,27,25,-1,25,27,28,-1,25,28,23,-1,29,30,31,-1,31,30,32,-1,31,32,33,-1,34,35,36,-1,36,37,34,-1,34,37,38,-1,34,38,39,-1,24,40,25,-1,25,40,41,-1,25,41,34,-1,34,41,42,-1,34,42,35,-1,39,43,34,-1,34,43,44,-1,34,44,31,-1,31,44,45,-1,31,45,29,-1,
        ]
    }
}
Shape{
    appearance Appearance {
        material  Material 	{
            diffuseColor 0.7529411764705882 0.7529411764705882 0.7529411764705882
            specularColor 0.3764705882352941 0.3764705882352941 0.3764705882352941
            ambientIntensity 0.2
            transparency 0
            shininess 0.5
        }
    }
    geometry IndexedFaceSet {
        ccw TRUE
        solid FALSE
        coord DEF co Coordinate {
            point [
                13.1594 0.6102 -2.0968, 13.1594 0.6102 -1.9181, 12.9252 1.2795 -2.1464, 12.8839 1.3976 -1.9181, 12.9232 1.2852 -2.1464, 12.8839 1.3976 -2.107, 9.935 4.9278 -2.0766, 9.935 4.9278 -2.0164, 9.9287 4.1854 -1.9272, 9.9288 4.1971 -1.8693, 9.9285 4.164 -1.9202, 9.9288 4.1845 -1.8656, 9.9284 4.1531 -1.9167, 9.9288 4.171 -1.8589, 9.9286 4.1605 -1.8511, 9.9278 4.0846 -1.8511, 9.928 4.1024 -1.8747, 9.9281 4.118 -1.891, 9.9282 4.1272 -1.9006, 9.9283 4.1394 -1.9081, 10.8012 4.9278 -2.0766, 10.8012 4.9278 -2.0164, 10.7948 4.1854 -1.9272, 10.7949 4.1971 -1.8693, 10.7946 4.164 -1.9202, 10.7949 4.1845 -1.8656, 10.7945 4.1531 -1.9167, 10.7949 4.171 -1.8589, 10.7948 4.1605 -1.8511, 10.794 4.0846 -1.8511, 10.7941 4.1024 -1.8747, 10.7942 4.118 -1.891, 10.7943 4.1272 -1.9006, 10.7944 4.1394 -1.9081, 11.6673 4.9278 -2.0766, 11.6673 4.9278 -2.0164, 11.661 4.1854 -1.9272, 11.6611 4.1971 -1.8693, 11.6608 4.164 -1.9202, 11.6611 4.1845 -1.8656, 11.6607 4.1531 -1.9167, 11.6611 4.171 -1.8589, 11.6609 4.1605 -1.8511, 11.6601 4.0846 -1.8511, 11.6602 4.1024 -1.8747, 11.6604 4.118 -1.891, 11.6605 4.1272 -1.9006, 11.6606 4.1394 -1.9081, 12.1004 4.9672 -2.0824, 12.1004 4.9672 -2.0217, 12.0943 4.2993 -1.9262, 12.0944 4.3128 -1.8687, 12.0941 4.2743 -1.918, 12.0944 4.3011 -1.865, 12.0941 4.2708 -1.9159, 12.0944 4.2884 -1.8585, 12.0938 4.2451 -1.9004, 12.0938 4.2415 -1.8966, 12.0936 4.2205 -1.8747, 12.0943 4.2786 -1.8511, 12.0934 4.2028 -1.8511, 12.5335 4.9278 -2.0766, 12.5335 4.9278 -2.0164, 12.5271 4.1854 -1.9272, 12.5272 4.1971 -1.8693, 12.5269 4.164 -1.9202, 12.5272 4.1845 -1.8656, 12.5268 4.1531 -1.9167, 12.5272 4.171 -1.8589, 12.527 4.1605 -1.8511, 12.5262 4.0846 -1.8511, 12.5264 4.1024 -1.8747, 12.5265 4.118 -1.891, 12.5266 4.1272 -1.9006, 12.5267 4.1394 -1.9081, 12.3169 5.561 -2.048, 12.3169 5.561 -2.107, 12.3287 5.5315 -2.048, 12.3287 5.5315 -2.107, 12.3287 5.4331 -2.107, 12.3169 5.4035 -2.107, 12.3169 5.4035 -2.048, 12.3287 5.4331 -2.048, 8.9016 3.6614 -2.0283, 8.9016 3.6614 -1.9299, 8.9547 3.6614 -2.048, 8.9547 3.6614 -2.1028, 8.9488 3.6614 -2.0999, 8.9606 3.6614 -1.9299, 8.9606 3.6614 -2.0283, 8.9629 3.6614 -2.0377, 8.9624 3.6614 -2.0362, 8.9613 3.6614 -2.0333, 8.9017 3.6614 -2.0333, 8.961 3.6614 -2.0316, 8.9649 3.6614 -2.0403, 8.9656 3.6614 -2.0414, 8.9683 3.6614 -2.0437, 8.9692 3.6614 -2.0445, 8.9724 3.6614 -2.0463, 8.9728 3.6614 -2.0465, 8.977 3.6614 -2.0476, 8.9774 3.6614 -2.0478, 8.9803 3.6614 -2.048, 8.9367 3.6614 -2.094, 8.9321 3.6614 -2.0902, 8.9241 3.6614 -2.0835, 8.9186 3.6614 -2.0764, 8.9125 3.6614 -2.0683, 8.9087 3.6614 -2.0599, 8.9052 3.6614 -2.0523, 8.9032 3.6614 -2.0414, 8.9016 3.3465 -1.8511, 8.9606 3.3465 -1.8511, 8.9606 3.3477 -1.8329, 8.9016 3.3489 -1.8314, 8.9606 3.3482 -1.8314, 8.9016 3.35 -1.822, 8.9606 3.3551 -1.8059, 8.9016 3.3571 -1.8037, 8.9606 3.3565 -1.8035, 8.9016 3.3599 -1.7964, 8.9606 3.3672 -1.784, 8.9016 3.3719 -1.7789, 8.9606 3.3718 -1.7789, 8.9016 3.3761 -1.7728, 8.9606 3.3862 -1.7627, 8.9016 3.3923 -1.7584, 8.9606 3.3923 -1.7585, 8.9016 3.3975 -1.7538, 8.9606 3.4099 -1.7464, 8.9016 3.4169 -1.743, 8.9606 3.4172 -1.7436, 8.9016 3.4194 -1.7417, 8.9606 3.4355 -1.7366, 8.9016 3.4448 -1.7347, 8.9606 3.4449 -1.7354, 8.9016 3.4464 -1.7343, 8.9606 3.4646 -1.733, 8.9016 3.4646 -1.733, 8.9803 3.3465 -2.048, 8.977 3.3465 -2.0477, 8.9606 3.3465 -2.0283, 8.9609 3.3465 -2.0316, 8.9623 3.3465 -2.0362, 8.9648 3.3465 -2.0404, 8.9682 3.3465 -2.0438, 8.9724 3.3465 -2.0463, 8.9687 3.6639 -2.048, 8.9683 3.6637 -2.048, 9.1476 5.4921 -2.048, 9.1594 5.5217 -2.048, 8.8642 5.4921 -2.048, 8.9595 3.6617 -2.048, 8.9592 3.6616 -2.048, 8.8524 5.5807 -2.048, 8.8524 5.5217 -2.048, 8.8642 5.6102 -2.048, 8.9468 5.6024 -2.048, 8.8642 5.6969 -2.048, 8.9468 5.6969 -2.048, 8.9841 3.6745 -2.048, 8.9841 3.6746 -2.048, 8.9896 3.6822 -2.048, 8.977 3.6684 -2.048, 8.9766 3.668 -2.048, 9.1476 5.6969 -2.048, 9.065 5.6969 -2.048, 9.1476 5.6102 -2.048, 9.065 5.6024 -2.048, 9.1594 5.5807 -2.048, 8.9841 3.7266 -2.048, 8.9878 3.7223 -2.048, 9.1161 5.1514 -2.048, 8.9939 3.7053 -2.048, 8.9941 3.7008 -2.048, 9.1161 3.4646 -2.048, 8.8642 5.2953 -2.048, 8.8723 5.2653 -2.048, 9.1594 5.3691 -2.048, 8.998 3.3465 -2.048, 8.8524 5.3396 -2.048, 8.8757 5.2527 -2.048, 8.8866 5.2326 -2.048, 8.8963 5.2144 -2.048, 8.9024 5.206 -2.048, 8.9141 5.1908 -2.048, 9.1594 5.3396 -2.048, 8.9352 5.156 -2.048, 9.1228 5.2021 -2.048, 8.9373 5.1527 -2.048, 9.1178 5.1769 -2.048, 8.9507 5.1116 -2.048, 8.962 3.7568 -2.048, 8.9641 3.7517 -2.048, 8.9713 3.7414 -2.048, 8.9896 3.7189 -2.048, 8.9919 3.7143 -2.048, 8.9928 3.71 -2.048, 8.9941 3.7007 -2.048, 8.9929 3.6913 -2.048, 8.9928 3.6904 -2.048, 8.9753 3.7357 -2.048, 8.981 3.7301 -2.048, 9.0177 3.3489 -2.048, 9.0271 3.35 -2.048, 9.0454 3.3571 -2.048, 9.1476 5.4134 -2.048, 8.8642 5.4134 -2.048, 8.8524 5.3691 -2.048, 8.9508 5.1114 -2.048, 8.9547 5.071 -2.048, 9.0527 3.3599 -2.048, 9.0703 3.3719 -2.048, 9.0764 3.3761 -2.048, 8.9896 3.6824 -2.048, 9.1149 3.4464 -2.048, 8.9547 3.7888 -2.048, 8.9565 3.7741 -2.048, 8.9571 3.7694 -2.048, 9.0908 3.3923 -2.048, 9.0954 3.3975 -2.048, 9.1061 3.4169 -2.048, 9.1075 3.4194 -2.048, 9.1144 3.4448 -2.048, 9.1594 5.3691 -2.107, 9.1476 5.4134 -2.107, 9.1594 5.5217 -2.107, 9.1476 5.4921 -2.107, 9.7185 5.561 -2.048, 9.7185 5.561 -2.107, 9.7303 5.5315 -2.048, 9.7303 5.5315 -2.107, 9.7303 5.4331 -2.107, 9.7185 5.4035 -2.107, 9.7185 5.4035 -2.048, 9.7303 5.4331 -2.048, 10.1516 5.561 -2.048, 10.1516 5.561 -2.107, 10.1634 5.5315 -2.048, 10.1634 5.5315 -2.107, 10.1634 5.4331 -2.107, 10.1516 5.4035 -2.107, 10.1516 5.4035 -2.048, 10.1634 5.4331 -2.048, 10.5846 5.561 -2.048, 10.5846 5.561 -2.107, 10.5965 5.5315 -2.048, 10.5965 5.5315 -2.107, 10.5965 5.4331 -2.107, 10.5846 5.4035 -2.107, 10.5846 5.4035 -2.048, 10.5965 5.4331 -2.048, 11.0177 5.561 -2.048, 11.0177 5.561 -2.107, 11.0295 5.5315 -2.048, 11.0295 5.5315 -2.107, 11.0295 5.4331 -2.107, 11.0177 5.4035 -2.107, 11.0177 5.4035 -2.048, 11.0295 5.4331 -2.048, 11.4508 5.561 -2.048, 11.4508 5.561 -2.107, 11.4626 5.5315 -2.048, 11.4626 5.5315 -2.107, 11.4626 5.4331 -2.107, 11.4508 5.4035 -2.107, 11.4508 5.4035 -2.048, 11.4626 5.4331 -2.048, 14.4272 0.6693 -1.6346, 14.4272 0.0 -1.6346, 14.426 0.6693 -1.6247, 14.426 -0.0003 -1.6247, 14.4253 0.6693 -1.6192, 14.4253 -0.0004 -1.6195, 14.4221 0.6693 -1.6108, 14.4219 -0.0004 -1.6109, 14.4207 0.6693 -1.6072, 14.42 -0.0004 -1.6061, 14.4145 0.6693 -1.5984, 14.4145 -0.0001 -1.5984, 14.4128 0.6693 -1.5959, 14.4126 0.0 -1.5958, 14.4042 0.6693 -1.5882, 14.4087 -0.0001 -1.5917, 14.4068 -0.0004 -1.59, 14.4043 -0.0004 -1.5882, 14.4018 0.6693 -1.586, 14.3954 -0.0004 -1.582, 14.3919 0.6693 -1.5806, 14.3919 -0.0004 -1.5807, 14.3907 0.6693 -1.5799, 14.3834 -0.0004 -1.5774, 14.378 0.6693 -1.5764, 14.378 -0.0003 -1.5767, 14.3771 0.6693 -1.5762, 14.3681 -0.0001 -1.5755, 14.3681 0.6693 -1.5755, 14.426 5.1184 -1.6247, 14.4272 5.1181 -1.6346, 14.4272 2.4409 -1.6346, 14.4265 2.4409 -1.6254, 14.4263 2.4409 -1.6247, 14.4253 5.1185 -1.6192, 14.4228 2.4409 -1.612, 14.4221 5.1185 -1.6108, 14.4222 2.4409 -1.6108, 14.4207 5.1185 -1.6072, 14.4168 2.4409 -1.601, 14.4143 5.1183 -1.5986, 14.4145 2.4409 -1.5985, 14.4044 5.1182 -1.5881, 14.4052 5.1182 -1.5886, 14.4106 5.1181 -1.5936, 14.3681 2.4409 -1.5755, 14.3681 5.1182 -1.5755, 14.378 2.4409 -1.5767, 14.378 5.1184 -1.5766, 14.3834 2.4409 -1.5774, 14.3813 5.1185 -1.5769, 14.3919 2.4409 -1.5807, 14.3919 5.1185 -1.5807, 14.3954 2.4409 -1.582, 14.3947 5.1185 -1.5817, 14.4043 2.4409 -1.5882, 14.4068 2.4409 -1.5899, 14.4068 2.4409 -1.5899
            ]
        }
        coordIndex [
            0,1,2,-1,2,1,3,-1,2,3,4,-1,4,3,5,-1,6,7,8,-1,8,7,9,-1,8,9,10,-1,10,9,11,-1,10,11,12,-1,12,11,13,-1,14,15,16,-1,16,17,14,-1,14,17,18,-1,14,18,13,-1,13,18,19,-1,13,19,12,-1,20,21,22,-1,22,21,23,-1,22,23,24,-1,24,23,25,-1,24,25,26,-1,26,25,27,-1,28,29,30,-1,30,31,28,-1,28,31,32,-1,28,32,27,-1,27,32,33,-1,27,33,26,-1,34,35,36,-1,36,35,37,-1,36,37,38,-1,38,37,39,-1,38,39,40,-1,40,39,41,-1,42,43,44,-1,44,45,42,-1,42,45,46,-1,42,46,41,-1,41,46,47,-1,41,47,40,-1,48,49,50,-1,50,49,51,-1,50,51,52,-1,52,51,53,-1,52,53,54,-1,54,53,55,-1,54,55,56,-1,56,55,57,-1,57,55,58,-1,58,55,59,-1,58,59,60,-1,61,62,63,-1,63,62,64,-1,63,64,65,-1,65,64,66,-1,65,66,67,-1,67,66,68,-1,69,70,71,-1,71,72,69,-1,69,72,73,-1,69,73,68,-1,68,73,74,-1,68,74,67,-1,75,76,77,-1,77,76,78,-1,78,76,79,-1,79,76,80,-1,80,81,79,-1,79,81,82,-1,83,84,85,-1,85,86,87,-1,84,88,89,-1,90,85,91,-1,91,85,92,-1,83,85,93,-1,84,89,85,-1,85,89,94,-1,85,94,92,-1,90,95,85,-1,85,95,96,-1,85,96,97,-1,97,98,85,-1,85,98,99,-1,85,99,100,-1,100,101,85,-1,85,101,102,-1,85,102,103,-1,87,104,85,-1,85,104,105,-1,85,105,106,-1,106,107,85,-1,85,107,108,-1,85,108,109,-1,109,110,85,-1,85,110,111,-1,85,111,93,-1,112,113,114,-1,112,114,115,-1,115,114,116,-1,115,116,117,-1,117,116,118,-1,117,118,119,-1,119,118,120,-1,119,120,121,-1,121,120,122,-1,121,122,123,-1,123,122,124,-1,123,124,125,-1,125,124,126,-1,125,126,127,-1,127,126,128,-1,127,128,129,-1,129,128,130,-1,129,130,131,-1,131,130,132,-1,131,132,133,-1,133,132,134,-1,133,134,135,-1,135,134,136,-1,135,136,137,-1,137,136,138,-1,137,138,139,-1,103,102,140,-1,140,102,141,-1,89,142,94,-1,94,142,143,-1,94,143,92,-1,92,143,144,-1,145,90,144,-1,144,90,91,-1,144,91,92,-1,146,96,145,-1,145,96,95,-1,145,95,90,-1,147,98,146,-1,146,98,97,-1,146,97,96,-1,102,101,141,-1,141,101,100,-1,141,100,147,-1,147,100,99,-1,147,99,98,-1,148,149,103,-1,150,151,152,-1,149,153,103,-1,103,153,154,-1,103,154,85,-1,155,156,157,-1,157,156,158,-1,157,158,159,-1,159,158,160,-1,161,103,162,-1,162,103,163,-1,161,164,103,-1,103,164,165,-1,103,165,148,-1,166,167,168,-1,168,167,169,-1,156,152,158,-1,158,152,151,-1,158,151,169,-1,169,151,170,-1,169,170,168,-1,171,172,173,-1,174,175,176,-1,177,178,179,-1,103,140,180,-1,177,179,181,-1,178,182,179,-1,179,182,183,-1,179,183,184,-1,184,185,179,-1,179,185,186,-1,179,186,187,-1,187,186,188,-1,187,188,189,-1,189,188,190,-1,189,190,191,-1,191,190,192,-1,191,192,173,-1,193,194,195,-1,172,196,173,-1,173,196,197,-1,173,197,176,-1,176,197,198,-1,176,198,174,-1,175,199,176,-1,176,199,200,-1,176,200,201,-1,195,202,173,-1,173,202,203,-1,173,203,171,-1,180,204,103,-1,103,204,205,-1,103,205,206,-1,150,152,207,-1,207,152,208,-1,207,208,179,-1,179,208,209,-1,179,209,181,-1,192,210,173,-1,173,210,211,-1,173,211,195,-1,206,212,103,-1,103,212,213,-1,103,213,214,-1,201,215,176,-1,176,215,163,-1,176,163,216,-1,216,163,103,-1,211,217,195,-1,195,217,218,-1,195,218,193,-1,193,218,219,-1,214,220,103,-1,103,220,221,-1,103,221,222,-1,222,223,103,-1,103,223,224,-1,103,224,216,-1,225,226,179,-1,179,226,207,-1,225,227,226,-1,226,227,228,-1,228,227,150,-1,150,227,151,-1,229,230,231,-1,231,230,232,-1,232,230,233,-1,233,230,234,-1,234,235,233,-1,233,235,236,-1,237,238,239,-1,239,238,240,-1,240,238,241,-1,241,238,242,-1,242,243,241,-1,241,243,244,-1,245,246,247,-1,247,246,248,-1,248,246,249,-1,249,246,250,-1,250,251,249,-1,249,251,252,-1,253,254,255,-1,255,254,256,-1,256,254,257,-1,257,254,258,-1,258,259,257,-1,257,259,260,-1,261,262,263,-1,263,262,264,-1,264,262,265,-1,265,262,266,-1,266,267,265,-1,265,267,268,-1,269,270,271,-1,271,270,272,-1,271,272,273,-1,273,272,274,-1,273,274,275,-1,275,274,276,-1,275,276,277,-1,277,276,278,-1,277,278,279,-1,279,278,280,-1,279,280,281,-1,281,280,282,-1,281,282,283,-1,283,282,284,-1,284,285,283,-1,283,285,286,-1,283,286,287,-1,287,286,288,-1,287,288,289,-1,289,288,290,-1,289,290,291,-1,291,290,292,-1,291,292,293,-1,293,292,294,-1,293,294,295,-1,295,294,296,-1,295,296,297,-1,298,299,300,-1,300,301,298,-1,298,301,302,-1,298,302,303,-1,303,302,304,-1,303,304,305,-1,305,304,306,-1,305,306,307,-1,307,306,308,-1,307,308,309,-1,309,308,310,-1,311,312,310,-1,310,312,313,-1,310,313,309,-1,314,315,316,-1,316,315,317,-1,316,317,318,-1,318,317,319,-1,318,319,320,-1,320,319,321,-1,320,321,322,-1,322,321,323,-1,322,323,324,-1,324,323,311,-1,324,311,325,-1,325,311,310,-1,
        ]
    }
}
Shape{
    appearance Appearance {
        material  Material 	{
            diffuseColor 0.25098039215686274 0.25098039215686274 0.25098039215686274
            specularColor 0.12549019607843137 0.12549019607843137 0.12549019607843137
            ambientIntensity 0.2
            transparency 0
            shininess 0.5
        }
    }
    geometry IndexedFaceSet {
        ccw TRUE
        solid FALSE
        coord DEF co Coordinate {
            point [
                10.0256 5.6693 -2.044, 10.0256 5.6693 -2.107, 10.0256 5.6201 -2.107, 10.0256 5.6201 -2.048, 10.0256 5.561 -2.048, 10.0256 5.1181 -2.044, 10.0256 5.3839 -2.107, 10.0256 5.1181 -2.107, 10.0256 5.3839 -2.048, 10.0256 5.4035 -2.048, 10.0256 5.4035 -2.107, 10.0256 5.561 -2.107, 10.0256 5.561 -2.107
            ]
        }
        coordIndex [
            0,1,2,-1,2,3,0,-1,0,3,4,-1,0,4,5,-1,6,7,8,-1,8,7,5,-1,8,5,9,-1,9,5,4,-1,9,4,10,-1,10,4,11,-1,
        ]
    }
}
Shape{
    appearance Appearance {
        material  Material 	{
            diffuseColor 0.7529411764705882 0.7529411764705882 0.7529411764705882
            specularColor 0.3764705882352941 0.3764705882352941 0.3764705882352941
            ambientIntensity 0.2
            transparency 0
            shininess 0.5
        }
    }
    geometry IndexedFaceSet {
        ccw TRUE
        solid FALSE
        coord DEF co Coordinate {
            point [
                10.4587 5.6693 -2.044, 10.4587 5.6693 -2.107, 10.4587 5.6201 -2.107, 10.4587 5.6201 -2.048, 10.4587 5.561 -2.048, 10.4587 5.1181 -2.044, 10.4587 5.3839 -2.107, 10.4587 5.1181 -2.107, 10.4587 5.3839 -2.048, 10.4587 5.4035 -2.048, 10.4587 5.4035 -2.107, 10.4587 5.561 -2.107, 10.4587 5.561 -2.107
            ]
        }
        coordIndex [
            0,1,2,-1,2,3,0,-1,0,3,4,-1,0,4,5,-1,6,7,8,-1,8,7,5,-1,8,5,9,-1,9,5,4,-1,9,4,10,-1,10,4,11,-1,
        ]
    }
}
Shape{
    appearance Appearance {
        material  Material 	{
            diffuseColor 0.25098039215686274 0.25098039215686274 0.25098039215686274
            specularColor 0.12549019607843137 0.12549019607843137 0.12549019607843137
            ambientIntensity 0.2
            transparency 0
            shininess 0.5
        }
    }
    geometry IndexedFaceSet {
        ccw TRUE
        solid FALSE
        coord DEF co Coordinate {
            point [
                10.8917 5.3839 -2.048, 10.8917 5.3839 -2.107, 10.8917 5.1181 -2.107, 10.8917 5.6693 -2.107, 10.8917 5.6201 -2.107, 10.8917 5.6693 -2.044, 10.8917 5.6201 -2.048, 10.8917 5.561 -2.048, 10.8917 5.561 -2.107, 10.8917 5.4035 -2.107, 10.8917 5.4035 -2.048, 10.8917 5.1181 -2.044, 11.3248 5.3839 -2.048, 11.3248 5.3839 -2.107, 11.3248 5.1181 -2.107, 11.3248 5.6693 -2.107, 11.3248 5.6201 -2.107, 11.3248 5.6693 -2.044, 11.3248 5.6201 -2.048, 11.3248 5.561 -2.048, 11.3248 5.561 -2.107, 11.3248 5.4035 -2.107, 11.3248 5.4035 -2.048, 11.3248 5.1181 -2.044, 11.7579 5.6693 -2.044, 11.7579 5.6693 -2.107, 11.7579 5.6201 -2.107, 11.7579 5.6201 -2.048, 11.7579 5.561 -2.048, 11.7579 5.1181 -2.044, 11.7579 5.3839 -2.107, 11.7579 5.1181 -2.107, 11.7579 5.3839 -2.048, 11.7579 5.4035 -2.048, 11.7579 5.4035 -2.107, 11.7579 5.561 -2.107, 11.8839 5.1181 -2.044, 11.8839 5.6693 -2.044, 11.9193 5.1181 -2.044, 11.9587 5.6693 -2.044, 11.9587 5.1181 -2.044, 12.1909 5.6693 -2.044, 12.1909 5.6693 -2.107, 12.1909 5.6201 -2.107, 12.1909 5.6201 -2.048, 12.1909 5.561 -2.048, 12.1909 5.1181 -2.044, 12.1909 5.3839 -2.107, 12.1909 5.1181 -2.107, 12.1909 5.3839 -2.048, 12.1909 5.4035 -2.048, 12.1909 5.4035 -2.107, 12.1909 5.561 -2.107, 12.624 5.6693 -2.044, 12.624 5.6693 -2.107, 12.624 5.6201 -2.107, 12.624 5.6201 -2.048, 12.624 5.561 -2.048, 12.624 5.1181 -2.044, 12.624 5.3839 -2.107, 12.624 5.1181 -2.107, 12.624 5.3839 -2.048, 12.624 5.4035 -2.048, 12.624 5.4035 -2.107, 12.624 5.561 -2.107, 12.624 5.561 -2.107
            ]
        }
        coordIndex [
            0,1,2,-1,3,4,5,-1,5,4,6,-1,5,6,7,-1,8,9,7,-1,7,9,10,-1,7,10,5,-1,5,10,0,-1,5,0,11,-1,11,0,2,-1,12,13,14,-1,15,16,17,-1,17,16,18,-1,17,18,19,-1,20,21,19,-1,19,21,22,-1,19,22,17,-1,17,22,12,-1,17,12,23,-1,23,12,14,-1,24,25,26,-1,26,27,24,-1,24,27,28,-1,24,28,29,-1,30,31,32,-1,32,31,29,-1,32,29,33,-1,33,29,28,-1,33,28,34,-1,34,28,35,-1,36,37,38,-1,38,37,39,-1,38,39,40,-1,41,42,43,-1,43,44,41,-1,41,44,45,-1,41,45,46,-1,47,48,49,-1,49,48,46,-1,49,46,50,-1,50,46,45,-1,50,45,51,-1,51,45,52,-1,53,54,55,-1,55,56,53,-1,53,56,57,-1,53,57,58,-1,59,60,61,-1,61,60,58,-1,61,58,62,-1,62,58,57,-1,62,57,63,-1,63,57,64,-1,
        ]
    }
}
Shape{
    appearance Appearance {
        material  Material 	{
            diffuseColor 0.7529411764705882 0.7529411764705882 0.7529411764705882
            specularColor 0.3764705882352941 0.3764705882352941 0.3764705882352941
            ambientIntensity 0.2
            transparency 0
            shininess 0.5
        }
    }
    geometry IndexedFaceSet {
        ccw TRUE
        solid FALSE
        coord DEF co Coordinate {
            point [
                13.1319 5.689 -1.5755, 9.5886 5.689 -1.5755, 9.5886 5.6982 -1.5762, 13.1319 5.6988 -1.5767, 9.5886 5.6989 -1.5764, 13.1319 5.7043 -1.5774, 9.5886 5.7116 -1.5799, 13.1319 5.7128 -1.5806, 9.5886 5.7128 -1.5805, 13.1319 5.7163 -1.582, 9.5886 5.7225 -1.5859, 13.1319 5.7252 -1.5882, 9.5886 5.7251 -1.5882, 13.1319 5.7276 -1.5899, 9.5886 5.7336 -1.5959, 13.1319 5.7353 -1.5985, 9.5886 5.7354 -1.5984, 13.1319 5.7375 -1.6009, 9.5886 5.7415 -1.6073, 13.1319 5.743 -1.6108, 9.5886 5.7429 -1.6108, 13.1319 5.7437 -1.612, 9.5886 5.7462 -1.6193, 13.1319 5.7472 -1.6247, 9.5886 5.7468 -1.6247, 13.1319 5.7474 -1.6256, 9.5886 5.748 -1.6346, 13.1319 5.748 -1.6346, 12.624 5.6201 -2.107, 12.6122 5.6496 -2.107, 12.624 5.6201 -2.048, 12.6122 5.6496 -2.048, 12.6122 5.7087 -2.0598, 12.5295 5.7087 -2.0598, 12.6122 5.6969 -2.048, 12.5295 5.6969 -2.048, 12.6122 5.7087 -2.0952, 12.5295 5.7079 -2.096, 12.4968 5.9837 -2.2448, 12.4902 5.9843 -2.2448, 12.4902 5.9843 -2.1858, 12.529 5.9515 -2.1858, 12.5295 5.9449 -2.1858, 12.5295 5.9449 -2.2448, 12.4968 5.9837 -2.1858, 12.506 5.9809 -2.1858, 12.506 5.9809 -2.2448, 12.5144 5.9759 -2.1858, 12.5144 5.9759 -2.2448, 12.5212 5.9691 -2.1858, 12.5212 5.9691 -2.2448, 12.5262 5.9608 -2.1858, 12.5262 5.9608 -2.2448, 12.529 5.9515 -2.2448, 12.4114 5.9449 -2.2448, 12.4114 5.9449 -2.1858, 12.412 5.9515 -2.1858, 12.412 5.9515 -2.2448, 12.4148 5.9608 -2.1858, 12.4148 5.9608 -2.2448, 12.4197 5.9691 -2.1858, 12.4197 5.9691 -2.2448, 12.4266 5.9759 -2.1858, 12.4266 5.9759 -2.2448, 12.4349 5.9809 -2.1858, 12.4349 5.9809 -2.2448, 12.4442 5.9837 -2.1858, 12.4442 5.9837 -2.2448, 12.4508 5.9843 -2.1858, 12.4508 5.9843 -2.2448, 12.4114 5.748 -2.1858, 12.5295 5.748 -2.1858, 12.4114 5.7289 -2.1706, 12.5295 5.7289 -2.1706, 12.4114 5.73 -2.1739, 12.5295 5.73 -2.1739, 12.4114 5.7324 -2.1781, 12.5295 5.7324 -2.1781, 12.4114 5.7358 -2.1815, 12.5295 5.7358 -2.1815, 12.4114 5.7399 -2.184, 12.5295 5.7399 -2.184, 12.4114 5.7445 -2.1855, 12.5295 5.7445 -2.1855, 12.4114 5.7178 -2.1238, 12.5295 5.7178 -2.1238, 12.5295 5.7123 -2.1072, 12.4114 5.7123 -2.1072, 12.4114 5.7079 -2.096, 12.4114 5.7042 -2.0922, 12.5295 5.6999 -2.0865, 12.4114 5.6996 -2.0868, 12.5295 5.6921 -2.0772, 12.4114 5.6889 -2.0741, 12.5295 5.6827 -2.0697, 12.4114 5.6828 -2.0698, 12.5295 5.6738 -2.0626, 12.4114 5.6684 -2.0596, 12.5295 5.6622 -2.0574, 12.4114 5.6624 -2.0572, 12.5295 5.6507 -2.0522, 12.4114 5.6465 -2.051, 12.5295 5.6394 -2.0502, 12.4114 5.6395 -2.0501, 12.5295 5.6273 -2.0481, 12.4114 5.622 -2.048, 12.5295 5.622 -2.048, 12.4114 5.6604 -2.1374, 12.4114 5.6714 -2.1841, 12.5295 5.6604 -2.1374, 12.5295 5.6714 -2.1841, 12.4114 5.734 -2.2436, 12.4114 5.748 -2.2448, 12.5295 5.748 -2.2448, 12.5295 5.6758 -2.1975, 12.4114 5.6758 -2.1975, 12.4114 5.6856 -2.2141, 12.5295 5.6856 -2.2141, 12.4114 5.6992 -2.2278, 12.5295 5.6992 -2.2278, 12.4114 5.7156 -2.2379, 12.5295 5.7156 -2.2379, 12.5295 5.734 -2.2436, 12.4114 5.7087 -2.0598, 12.3287 5.7087 -2.0598, 12.3287 5.7087 -2.0952, 12.4114 5.6969 -2.048, 12.3287 5.6969 -2.048, 12.3169 5.6201 -2.107, 12.3169 5.6201 -2.048, 12.3287 5.6496 -2.107, 12.3287 5.6496 -2.048, 12.1909 5.6201 -2.107, 12.1791 5.6496 -2.107, 12.1909 5.6201 -2.048, 12.1791 5.6496 -2.048, 12.1791 5.7087 -2.0598, 12.0965 5.7087 -2.0598, 12.1791 5.6969 -2.048, 12.0965 5.6969 -2.048, 12.1791 5.7087 -2.0952, 12.0965 5.7079 -2.096, 12.0637 5.9837 -2.2448, 12.0571 5.9843 -2.2448, 12.0571 5.9843 -2.1858, 12.0959 5.9515 -2.1858, 12.0965 5.9449 -2.1858, 12.0965 5.9449 -2.2448, 12.0637 5.9837 -2.1858, 12.073 5.9809 -2.1858, 12.073 5.9809 -2.2448, 12.0813 5.9759 -2.1858, 12.0813 5.9759 -2.2448, 12.0881 5.9691 -2.1858, 12.0881 5.9691 -2.2448, 12.0931 5.9608 -2.1858, 12.0931 5.9608 -2.2448, 12.0959 5.9515 -2.2448, 11.9783 5.9449 -2.2448, 11.9783 5.9449 -2.1858, 11.9789 5.9515 -2.1858, 11.9789 5.9515 -2.2448, 11.9817 5.9608 -2.1858, 11.9817 5.9608 -2.2448, 11.9867 5.9691 -2.1858, 11.9867 5.9691 -2.2448, 11.9935 5.9759 -2.1858, 11.9935 5.9759 -2.2448, 12.0018 5.9809 -2.1858, 12.0018 5.9809 -2.2448, 12.0111 5.9837 -2.1858, 12.0111 5.9837 -2.2448, 12.0177 5.9843 -2.1858, 12.0177 5.9843 -2.2448, 11.9783 5.748 -2.1858, 12.0965 5.748 -2.1858, 11.9783 5.7289 -2.1706, 12.0965 5.7289 -2.1706, 11.9783 5.73 -2.1739, 12.0965 5.73 -2.1739, 11.9783 5.7324 -2.1781, 12.0965 5.7324 -2.1781, 11.9783 5.7358 -2.1815, 12.0965 5.7358 -2.1815, 11.9783 5.7399 -2.184, 12.0965 5.7399 -2.184, 11.9783 5.7445 -2.1855, 12.0965 5.7445 -2.1855, 11.9783 5.7178 -2.1238, 12.0965 5.7178 -2.1238, 12.0965 5.7123 -2.1072, 11.9783 5.7123 -2.1072, 11.9783 5.7079 -2.096, 11.9783 5.7042 -2.0922, 12.0965 5.6999 -2.0865, 11.9783 5.6996 -2.0868, 12.0965 5.6921 -2.0772, 11.9783 5.6889 -2.0741, 12.0965 5.6827 -2.0697, 11.9783 5.6828 -2.0698, 12.0965 5.6738 -2.0626, 11.9783 5.6684 -2.0596, 12.0965 5.6622 -2.0574, 11.9783 5.6624 -2.0572, 12.0965 5.6507 -2.0522, 11.9783 5.6465 -2.051, 12.0965 5.6394 -2.0502, 11.9783 5.6395 -2.0501, 12.0965 5.6273 -2.0481, 11.9783 5.622 -2.048, 12.0965 5.622 -2.048, 11.9783 5.6604 -2.1374, 11.9783 5.6714 -2.1841, 12.0965 5.6604 -2.1374, 12.0965 5.6714 -2.1841, 11.9783 5.734 -2.2436, 11.9783 5.748 -2.2448, 12.0965 5.748 -2.2448, 12.0965 5.6758 -2.1975, 11.9783 5.6758 -2.1975, 11.9783 5.6856 -2.2141, 12.0965 5.6856 -2.2141, 11.9783 5.6992 -2.2278, 12.0965 5.6992 -2.2278, 11.9783 5.7156 -2.2379, 12.0965 5.7156 -2.2379, 12.0965 5.734 -2.2436, 11.9783 5.7087 -2.0598, 11.8957 5.7087 -2.0598, 11.8957 5.7087 -2.0952, 11.9783 5.6969 -2.048, 11.8957 5.6969 -2.048, 11.8839 5.6201 -2.107, 11.8839 5.6201 -2.048, 11.8957 5.6496 -2.107, 11.8957 5.6496 -2.048, 11.7579 5.6201 -2.107, 11.7461 5.6496 -2.107, 11.7579 5.6201 -2.048, 11.7461 5.6496 -2.048, 11.7461 5.7087 -2.0598, 11.6634 5.7087 -2.0598, 11.7461 5.6969 -2.048, 11.6634 5.6969 -2.048, 11.7461 5.7087 -2.0952, 11.6634 5.7079 -2.096, 11.6306 5.9837 -2.2448, 11.624 5.9843 -2.2448, 11.624 5.9843 -2.1858, 11.6628 5.9515 -2.1858, 11.6634 5.9449 -2.1858, 11.6634 5.9449 -2.2448, 11.6306 5.9837 -2.1858, 11.6399 5.9809 -2.1858, 11.6399 5.9809 -2.2448, 11.6482 5.9759 -2.1858, 11.6482 5.9759 -2.2448, 11.6551 5.9691 -2.1858, 11.6551 5.9691 -2.2448, 11.66 5.9608 -2.1858, 11.66 5.9608 -2.2448, 11.6628 5.9515 -2.2448, 11.5453 5.9449 -2.2448, 11.5453 5.9449 -2.1858, 11.5458 5.9515 -2.1858, 11.5458 5.9515 -2.2448, 11.5486 5.9608 -2.1858, 11.5486 5.9608 -2.2448, 11.5536 5.9691 -2.1858, 11.5536 5.9691 -2.2448, 11.5604 5.9759 -2.1858, 11.5604 5.9759 -2.2448, 11.5688 5.9809 -2.1858, 11.5688 5.9809 -2.2448, 11.5781 5.9837 -2.1858, 11.5781 5.9837 -2.2448, 11.5846 5.9843 -2.1858, 11.5846 5.9843 -2.2448, 11.5453 5.748 -2.1858, 11.6634 5.748 -2.1858, 11.5453 5.7289 -2.1706, 11.6634 5.7289 -2.1706, 11.5453 5.73 -2.1739, 11.6634 5.73 -2.1739, 11.5453 5.7324 -2.1781, 11.6634 5.7324 -2.1781, 11.5453 5.7358 -2.1815, 11.6634 5.7358 -2.1815, 11.5453 5.7399 -2.184, 11.6634 5.7399 -2.184, 11.5453 5.7445 -2.1855, 11.6634 5.7445 -2.1855, 11.5453 5.7178 -2.1238, 11.6634 5.7178 -2.1238, 11.6634 5.7123 -2.1072, 11.5453 5.7123 -2.1072, 11.5453 5.7079 -2.096, 11.5453 5.7042 -2.0922, 11.6634 5.6999 -2.0865, 11.5453 5.6996 -2.0868, 11.6634 5.6921 -2.0772, 11.5453 5.6889 -2.0741, 11.6634 5.6827 -2.0697, 11.5453 5.6828 -2.0698, 11.6634 5.6738 -2.0626, 11.5453 5.6684 -2.0596, 11.6634 5.6622 -2.0574, 11.5453 5.6624 -2.0572, 11.6634 5.6507 -2.0522, 11.5453 5.6465 -2.051, 11.6634 5.6394 -2.0502, 11.5453 5.6395 -2.0501, 11.6634 5.6273 -2.0481, 11.5453 5.622 -2.048, 11.6634 5.622 -2.048, 11.5453 5.6604 -2.1374, 11.5453 5.6714 -2.1841, 11.6634 5.6604 -2.1374, 11.6634 5.6714 -2.1841, 11.5453 5.734 -2.2436, 11.5453 5.748 -2.2448, 11.6634 5.748 -2.2448, 11.6634 5.6758 -2.1975, 11.5453 5.6758 -2.1975, 11.5453 5.6856 -2.2141, 11.6634 5.6856 -2.2141, 11.5453 5.6992 -2.2278, 11.6634 5.6992 -2.2278, 11.5453 5.7156 -2.2379, 11.6634 5.7156 -2.2379, 11.6634 5.734 -2.2436, 11.5453 5.7087 -2.0598, 11.4626 5.7087 -2.0598, 11.4626 5.7087 -2.0952, 11.5453 5.6969 -2.048, 11.4626 5.6969 -2.048, 11.4508 5.6201 -2.107, 11.4508 5.6201 -2.048, 11.4626 5.6496 -2.107, 11.4626 5.6496 -2.048, 11.3248 5.6201 -2.107, 11.313 5.6496 -2.107, 11.3248 5.6201 -2.048, 11.313 5.6496 -2.048, 11.2303 5.7087 -2.0997, 11.2303 5.6995 -2.0868, 11.2303 5.7087 -2.048, 11.2303 5.6943 -2.0795, 11.2303 5.6828 -2.0697, 11.2303 5.6765 -2.0644, 11.2303 5.6622 -2.0574, 11.2303 5.6538 -2.0532, 11.2303 5.6394 -2.0502, 11.2303 5.6305 -2.0483, 11.2303 5.622 -2.048, 11.1975 5.9837 -2.2448, 11.1909 5.9843 -2.2448, 11.1909 5.9843 -2.1858, 11.2298 5.9515 -2.1858, 11.2303 5.9449 -2.1858, 11.2303 5.9449 -2.2448, 11.1975 5.9837 -2.1858, 11.2068 5.9809 -2.1858, 11.2068 5.9809 -2.2448, 11.2151 5.9759 -2.1858, 11.2151 5.9759 -2.2448, 11.222 5.9691 -2.1858, 11.222 5.9691 -2.2448, 11.227 5.9608 -2.1858, 11.227 5.9608 -2.2448, 11.2298 5.9515 -2.2448, 11.1122 5.9449 -2.2448, 11.1122 5.9449 -2.1858, 11.1128 5.9515 -2.1858, 11.1128 5.9515 -2.2448, 11.1155 5.9608 -2.1858, 11.1155 5.9608 -2.2448, 11.1205 5.9691 -2.1858, 11.1205 5.9691 -2.2448, 11.1274 5.9759 -2.1858, 11.1274 5.9759 -2.2448, 11.1357 5.9809 -2.1858, 11.1357 5.9809 -2.2448, 11.145 5.9837 -2.1858, 11.145 5.9837 -2.2448, 11.1516 5.9843 -2.1858, 11.1516 5.9843 -2.2448, 11.1122 5.748 -2.1858, 11.2303 5.748 -2.1858, 11.1122 5.7289 -2.1706, 11.2303 5.7289 -2.1706, 11.1122 5.73 -2.1739, 11.2303 5.73 -2.1739, 11.1122 5.7324 -2.1781, 11.2303 5.7324 -2.1781, 11.1122 5.7358 -2.1815, 11.2303 5.7358 -2.1815, 11.1122 5.7399 -2.184, 11.2303 5.7399 -2.184, 11.1122 5.7445 -2.1855, 11.2303 5.7445 -2.1855, 11.1122 5.7178 -2.1238, 11.2303 5.7178 -2.1238, 11.1122 5.622 -2.048, 11.1122 5.6395 -2.0495, 11.1122 5.7123 -2.1072, 11.1122 5.6626 -2.0567, 11.1122 5.6831 -2.0692, 11.1122 5.7001 -2.0864, 11.1122 5.7087 -2.0997, 11.2303 5.7123 -2.1072, 11.1122 5.6604 -2.1374, 11.1122 5.6714 -2.1841, 11.2303 5.6604 -2.1374, 11.2303 5.6714 -2.1841, 11.1122 5.734 -2.2436, 11.1122 5.748 -2.2448, 11.2303 5.748 -2.2448, 11.2303 5.6758 -2.1975, 11.1122 5.6758 -2.1975, 11.1122 5.6856 -2.2141, 11.2303 5.6856 -2.2141, 11.1122 5.6992 -2.2278, 11.2303 5.6992 -2.2278, 11.1122 5.7156 -2.2379, 11.2303 5.7156 -2.2379, 11.2303 5.734 -2.2436, 11.1122 5.7087 -2.048, 11.0177 5.6201 -2.107, 11.0177 5.6201 -2.048, 11.0295 5.6496 -2.107, 11.0295 5.6496 -2.048, 10.8917 5.6201 -2.107, 10.8799 5.6496 -2.107, 10.8917 5.6201 -2.048, 10.8799 5.6496 -2.048, 10.8799 5.7087 -2.0598, 10.7972 5.7087 -2.0598, 10.8799 5.6969 -2.048, 10.7972 5.6969 -2.048, 10.8799 5.7087 -2.0952, 10.7972 5.7079 -2.096, 10.7645 5.9837 -2.2448, 10.7579 5.9843 -2.2448, 10.7579 5.9843 -2.1858, 10.7967 5.9515 -2.1858, 10.7972 5.9449 -2.1858, 10.7972 5.9449 -2.2448, 10.7645 5.9837 -2.1858, 10.7738 5.9809 -2.1858, 10.7738 5.9809 -2.2448, 10.7821 5.9759 -2.1858, 10.7821 5.9759 -2.2448, 10.7889 5.9691 -2.1858, 10.7889 5.9691 -2.2448, 10.7939 5.9608 -2.1858, 10.7939 5.9608 -2.2448, 10.7967 5.9515 -2.2448, 10.6791 5.9449 -2.2448, 10.6791 5.9449 -2.1858, 10.6797 5.9515 -2.1858, 10.6797 5.9515 -2.2448, 10.6825 5.9608 -2.1858, 10.6825 5.9608 -2.2448, 10.6874 5.9691 -2.1858, 10.6874 5.9691 -2.2448, 10.6943 5.9759 -2.1858, 10.6943 5.9759 -2.2448, 10.7026 5.9809 -2.1858, 10.7026 5.9809 -2.2448, 10.7119 5.9837 -2.1858, 10.7119 5.9837 -2.2448, 10.7185 5.9843 -2.1858, 10.7185 5.9843 -2.2448, 10.6791 5.748 -2.1858, 10.7972 5.748 -2.1858, 10.6791 5.7289 -2.1706, 10.7972 5.7289 -2.1706, 10.6791 5.73 -2.1739, 10.7972 5.73 -2.1739, 10.6791 5.7324 -2.1781, 10.7972 5.7324 -2.1781, 10.6791 5.7358 -2.1815, 10.7972 5.7358 -2.1815, 10.6791 5.7399 -2.184, 10.7972 5.7399 -2.184, 10.6791 5.7445 -2.1855, 10.7972 5.7445 -2.1855, 10.6791 5.7178 -2.1238, 10.7972 5.7178 -2.1238, 10.7972 5.7123 -2.1072, 10.6791 5.7123 -2.1072, 10.6791 5.7079 -2.096, 10.6791 5.7042 -2.0922, 10.7972 5.6999 -2.0865, 10.6791 5.6996 -2.0868, 10.7972 5.6921 -2.0772, 10.6791 5.6889 -2.0741, 10.7972 5.6827 -2.0697, 10.6791 5.6828 -2.0698, 10.7972 5.6738 -2.0626, 10.6791 5.6684 -2.0596, 10.7972 5.6622 -2.0574, 10.6791 5.6624 -2.0572, 10.7972 5.6507 -2.0522, 10.6791 5.6465 -2.051, 10.7972 5.6394 -2.0502, 10.6791 5.6395 -2.0501, 10.7972 5.6273 -2.0481, 10.6791 5.622 -2.048, 10.7972 5.622 -2.048, 10.6791 5.6604 -2.1374, 10.6791 5.6714 -2.1841, 10.7972 5.6604 -2.1374, 10.7972 5.6714 -2.1841, 10.6791 5.734 -2.2436, 10.6791 5.748 -2.2448, 10.7972 5.748 -2.2448, 10.7972 5.6758 -2.1975, 10.6791 5.6758 -2.1975, 10.6791 5.6856 -2.2141, 10.7972 5.6856 -2.2141, 10.6791 5.6992 -2.2278, 10.7972 5.6992 -2.2278, 10.6791 5.7156 -2.2379, 10.7972 5.7156 -2.2379, 10.7972 5.734 -2.2436, 10.6791 5.7087 -2.0598, 10.5965 5.7087 -2.0598, 10.5965 5.7087 -2.0952, 10.6791 5.6969 -2.048, 10.5965 5.6969 -2.048, 10.5846 5.6201 -2.107, 10.5846 5.6201 -2.048, 10.5965 5.6496 -2.107, 10.5965 5.6496 -2.048, 10.4587 5.6201 -2.107, 10.4469 5.6496 -2.107, 10.4587 5.6201 -2.048, 10.4469 5.6496 -2.048, 10.3642 5.7087 -2.0997, 10.3642 5.6995 -2.0868, 10.3642 5.7087 -2.048, 10.3642 5.6943 -2.0795, 10.3642 5.6828 -2.0697, 10.3642 5.6765 -2.0644, 10.3642 5.6622 -2.0574, 10.3642 5.6538 -2.0532, 10.3642 5.6394 -2.0502, 10.3642 5.6305 -2.0483, 10.3642 5.622 -2.048, 10.3314 5.9837 -2.2448, 10.3248 5.9843 -2.2448, 10.3248 5.9843 -2.1858, 10.3636 5.9515 -2.1858, 10.3642 5.9449 -2.1858, 10.3642 5.9449 -2.2448, 10.3314 5.9837 -2.1858, 10.3407 5.9809 -2.1858, 10.3407 5.9809 -2.2448, 10.349 5.9759 -2.1858, 10.349 5.9759 -2.2448, 10.3559 5.9691 -2.1858, 10.3559 5.9691 -2.2448, 10.3608 5.9608 -2.1858, 10.3608 5.9608 -2.2448, 10.3636 5.9515 -2.2448, 10.2461 5.9449 -2.2448, 10.2461 5.9449 -2.1858, 10.2466 5.9515 -2.1858, 10.2466 5.9515 -2.2448, 10.2494 5.9608 -2.1858, 10.2494 5.9608 -2.2448, 10.2544 5.9691 -2.1858, 10.2544 5.9691 -2.2448, 10.2612 5.9759 -2.1858, 10.2612 5.9759 -2.2448, 10.2696 5.9809 -2.1858, 10.2696 5.9809 -2.2448, 10.2788 5.9837 -2.1858, 10.2788 5.9837 -2.2448, 10.2854 5.9843 -2.1858, 10.2854 5.9843 -2.2448, 10.2461 5.748 -2.1858, 10.3642 5.748 -2.1858, 10.2461 5.7289 -2.1706, 10.3642 5.7289 -2.1706, 10.2461 5.73 -2.1739, 10.3642 5.73 -2.1739, 10.2461 5.7324 -2.1781, 10.3642 5.7324 -2.1781, 10.2461 5.7358 -2.1815, 10.3642 5.7358 -2.1815, 10.2461 5.7399 -2.184, 10.3642 5.7399 -2.184, 10.2461 5.7445 -2.1855, 10.3642 5.7445 -2.1855, 10.2461 5.7178 -2.1238, 10.3642 5.7178 -2.1238, 10.2461 5.622 -2.048, 10.2461 5.6395 -2.0495, 10.2461 5.7123 -2.1072, 10.2461 5.6626 -2.0567, 10.2461 5.6831 -2.0692, 10.2461 5.7001 -2.0864, 10.2461 5.7087 -2.0997, 10.3642 5.7123 -2.1072, 10.2461 5.6604 -2.1374, 10.2461 5.6714 -2.1841, 10.3642 5.6604 -2.1374, 10.3642 5.6714 -2.1841, 10.2461 5.734 -2.2436, 10.2461 5.748 -2.2448, 10.3642 5.748 -2.2448, 10.3642 5.6758 -2.1975, 10.2461 5.6758 -2.1975, 10.2461 5.6856 -2.2141, 10.3642 5.6856 -2.2141, 10.2461 5.6992 -2.2278, 10.3642 5.6992 -2.2278, 10.2461 5.7156 -2.2379, 10.3642 5.7156 -2.2379, 10.3642 5.734 -2.2436, 10.2461 5.7087 -2.048, 10.1516 5.6201 -2.107, 10.1516 5.6201 -2.048, 10.1634 5.6496 -2.107, 10.1634 5.6496 -2.048, 10.0256 5.6201 -2.107, 10.0138 5.6496 -2.107, 10.0256 5.6201 -2.048, 10.0138 5.6496 -2.048, 10.0138 5.7087 -2.0598, 9.9311 5.7087 -2.0598, 10.0138 5.6969 -2.048, 9.9311 5.6969 -2.048, 10.0138 5.7087 -2.0952, 9.9311 5.7079 -2.096, 9.8983 5.9837 -2.2448, 9.8917 5.9843 -2.2448, 9.8917 5.9843 -2.1858, 9.9305 5.9515 -2.1858, 9.9311 5.9449 -2.1858, 9.9311 5.9449 -2.2448, 9.8983 5.9837 -2.1858, 9.9076 5.9809 -2.1858, 9.9076 5.9809 -2.2448, 9.9159 5.9759 -2.1858, 9.9159 5.9759 -2.2448, 9.9228 5.9691 -2.1858, 9.9228 5.9691 -2.2448, 9.9278 5.9608 -2.1858, 9.9278 5.9608 -2.2448, 9.9305 5.9515 -2.2448, 9.813 5.9449 -2.2448, 9.813 5.9449 -2.1858, 9.8135 5.9515 -2.1858, 9.8135 5.9515 -2.2448, 9.8163 5.9608 -2.1858, 9.8163 5.9608 -2.2448, 9.8213 5.9691 -2.1858, 9.8213 5.9691 -2.2448, 9.8282 5.9759 -2.1858, 9.8282 5.9759 -2.2448, 9.8365 5.9809 -2.1858, 9.8365 5.9809 -2.2448, 9.8458 5.9837 -2.1858, 9.8458 5.9837 -2.2448, 9.8524 5.9843 -2.1858, 9.8524 5.9843 -2.2448, 9.813 5.748 -2.1858, 9.9311 5.748 -2.1858, 9.813 5.7289 -2.1706, 9.9311 5.7289 -2.1706, 9.813 5.73 -2.1739, 9.9311 5.73 -2.1739, 9.813 5.7324 -2.1781, 9.9311 5.7324 -2.1781, 9.813 5.7358 -2.1815, 9.9311 5.7358 -2.1815, 9.813 5.7399 -2.184, 9.9311 5.7399 -2.184, 9.813 5.7445 -2.1855, 9.9311 5.7445 -2.1855, 9.813 5.7178 -2.1238, 9.9311 5.7178 -2.1238, 9.9311 5.7123 -2.1072, 9.813 5.7123 -2.1072, 9.813 5.7079 -2.096, 9.813 5.7042 -2.0922, 9.9311 5.6999 -2.0865, 9.813 5.6996 -2.0868, 9.9311 5.6921 -2.0772, 9.813 5.6889 -2.0741, 9.9311 5.6827 -2.0697, 9.813 5.6828 -2.0698, 9.9311 5.6738 -2.0626, 9.813 5.6684 -2.0596, 9.9311 5.6622 -2.0574, 9.813 5.6624 -2.0572, 9.9311 5.6507 -2.0522, 9.813 5.6465 -2.051, 9.9311 5.6394 -2.0502, 9.813 5.6395 -2.0501, 9.9311 5.6273 -2.0481, 9.813 5.622 -2.048, 9.9311 5.622 -2.048, 9.813 5.6604 -2.1374, 9.813 5.6714 -2.1841, 9.9311 5.6604 -2.1374, 9.9311 5.6714 -2.1841, 9.813 5.734 -2.2436, 9.813 5.748 -2.2448, 9.9311 5.748 -2.2448, 9.9311 5.6758 -2.1975, 9.813 5.6758 -2.1975, 9.813 5.6856 -2.2141, 9.9311 5.6856 -2.2141, 9.813 5.6992 -2.2278, 9.9311 5.6992 -2.2278, 9.813 5.7156 -2.2379, 9.9311 5.7156 -2.2379, 9.9311 5.734 -2.2436, 9.813 5.7087 -2.0598, 9.7303 5.7087 -2.0598, 9.7303 5.7087 -2.0952, 9.813 5.6969 -2.048, 9.7303 5.6969 -2.048, 9.7185 5.6201 -2.107, 9.7185 5.6201 -2.048, 9.7303 5.6496 -2.107, 9.7303 5.6496 -2.048, 9.1594 5.5807 -2.107, 9.1476 5.6102 -2.107, 9.1594 5.5807 -2.048, 9.1476 5.6102 -2.048, 9.065 5.7087 -2.0952, 9.065 5.7087 -2.0598, 9.1476 5.7087 -2.0952, 9.1476 5.7087 -2.0598, 9.065 5.6969 -2.048, 9.1476 5.6969 -2.048, 9.0256 5.9843 -2.2448, 9.0256 5.9843 -2.1858, 9.0322 5.9837 -2.1858, 9.0322 5.9837 -2.2448, 9.0415 5.9809 -2.1858, 9.0415 5.9809 -2.2448, 9.0498 5.9759 -2.1858, 9.0498 5.9759 -2.2448, 9.0566 5.9691 -2.1858, 9.0566 5.9691 -2.2448, 9.0616 5.9608 -2.1858, 9.0616 5.9608 -2.2448, 9.0644 5.9515 -2.1858, 9.0644 5.9515 -2.2448, 9.065 5.9449 -2.1858, 9.065 5.9449 -2.2448, 8.9468 5.9449 -2.2448, 8.9468 5.9449 -2.1858, 8.9474 5.9515 -2.1858, 8.9474 5.9515 -2.2448, 8.9502 5.9608 -2.1858, 8.9502 5.9608 -2.2448, 8.9552 5.9691 -2.1858, 8.9552 5.9691 -2.2448, 8.962 5.9759 -2.1858, 8.962 5.9759 -2.2448, 8.9703 5.9809 -2.1858, 8.9703 5.9809 -2.2448, 8.9796 5.9837 -2.1858, 8.9796 5.9837 -2.2448, 8.9862 5.9843 -2.1858, 8.9862 5.9843 -2.2448, 8.9468 5.748 -2.1858, 9.065 5.748 -2.1858, 8.9468 5.7108 -2.1592, 9.065 5.7108 -2.1592, 8.9468 5.7134 -2.1651, 9.065 5.7134 -2.1651, 8.9468 5.7185 -2.1725, 9.065 5.7185 -2.1725, 8.9468 5.7251 -2.1784, 9.065 5.7251 -2.1784, 8.9468 5.733 -2.1828, 9.065 5.733 -2.1828, 8.9468 5.7415 -2.1852, 9.065 5.7415 -2.1852, 8.9468 5.6955 -2.1145, 9.065 5.6955 -2.1145, 8.9468 5.6396 -2.1336, 8.9468 5.6549 -2.1783, 9.065 5.6396 -2.1336, 9.065 5.6549 -2.1783, 8.9468 5.7318 -2.2435, 8.9468 5.748 -2.2448, 9.065 5.748 -2.2448, 9.065 5.7318 -2.2435, 9.065 5.7104 -2.2373, 8.9468 5.7104 -2.2373, 9.065 5.6908 -2.2265, 8.9468 5.6908 -2.2265, 9.065 5.6742 -2.2115, 8.9468 5.6742 -2.2115, 9.065 5.6615 -2.1932, 8.9468 5.6615 -2.1932, 9.065 5.6926 -2.107, 8.9468 5.6926 -2.107, 9.065 5.6889 -2.0996, 8.9468 5.6889 -2.0996, 8.9468 5.6762 -2.0813, 9.065 5.6762 -2.0813, 8.9468 5.6596 -2.0663, 9.065 5.6596 -2.0663, 8.9468 5.64 -2.0555, 9.065 5.64 -2.0555, 8.9468 5.6186 -2.0493, 9.065 5.6186 -2.0493, 8.9468 5.6024 -2.048, 9.065 5.6024 -2.048, 8.9468 5.7087 -2.0598, 8.9468 5.7087 -2.0952, 8.8642 5.7087 -2.0598, 8.8642 5.7087 -2.0952, 8.8642 5.6969 -2.048, 8.9468 5.6969 -2.048, 8.8642 5.6102 -2.107, 8.8524 5.5807 -2.107, 8.8642 5.6102 -2.048, 8.8524 5.5807 -2.048, 8.8524 5.5807 -2.048
            ]
        }
        coordIndex [
            0,1,2,-1,0,2,3,-1,3,2,4,-1,3,4,5,-1,5,4,6,-1,5,6,7,-1,7,6,8,-1,7,8,9,-1,9,8,10,-1,9,10,11,-1,11,10,12,-1,11,12,13,-1,13,12,14,-1,13,14,15,-1,15,14,16,-1,15,16,17,-1,17,16,18,-1,17,18,19,-1,19,18,20,-1,19,20,21,-1,21,20,22,-1,21,22,23,-1,23,22,24,-1,23,24,25,-1,25,24,26,-1,25,26,27,-1,28,29,30,-1,30,29,31,-1,32,33,34,-1,34,33,35,-1,36,37,32,-1,32,37,33,-1,38,39,40,-1,41,42,43,-1,40,44,38,-1,38,44,45,-1,38,45,46,-1,46,45,47,-1,46,47,48,-1,48,47,49,-1,48,49,50,-1,50,49,51,-1,50,51,52,-1,52,51,41,-1,52,41,53,-1,53,41,43,-1,54,55,56,-1,54,56,57,-1,57,56,58,-1,57,58,59,-1,59,58,60,-1,59,60,61,-1,61,60,62,-1,61,62,63,-1,63,62,64,-1,63,64,65,-1,65,64,66,-1,65,66,67,-1,67,66,68,-1,67,68,69,-1,56,55,66,-1,70,71,55,-1,55,71,42,-1,41,44,42,-1,42,44,40,-1,42,40,55,-1,55,40,68,-1,55,68,66,-1,41,51,44,-1,44,51,49,-1,44,49,45,-1,45,49,47,-1,66,64,62,-1,62,60,66,-1,66,60,58,-1,66,58,56,-1,72,73,74,-1,74,73,75,-1,74,75,76,-1,76,75,77,-1,76,77,78,-1,78,77,79,-1,78,79,80,-1,80,79,81,-1,80,81,82,-1,82,81,83,-1,82,83,70,-1,70,83,71,-1,72,84,73,-1,73,84,85,-1,85,84,86,-1,86,84,87,-1,86,87,37,-1,87,88,37,-1,37,88,89,-1,37,89,90,-1,90,89,91,-1,90,91,92,-1,92,91,93,-1,92,93,94,-1,94,93,95,-1,94,95,96,-1,96,95,97,-1,96,97,98,-1,98,97,99,-1,98,99,100,-1,100,99,101,-1,100,101,102,-1,102,101,103,-1,102,103,104,-1,104,103,105,-1,104,105,106,-1,107,108,109,-1,109,108,110,-1,111,112,113,-1,114,110,108,-1,108,115,114,-1,114,115,116,-1,114,116,117,-1,117,116,118,-1,117,118,119,-1,119,118,120,-1,119,120,121,-1,121,120,111,-1,121,111,122,-1,122,111,113,-1,113,112,43,-1,43,112,54,-1,53,43,38,-1,38,43,39,-1,39,43,69,-1,69,43,54,-1,69,54,67,-1,67,54,57,-1,67,57,59,-1,46,48,50,-1,59,61,67,-1,67,61,63,-1,67,63,65,-1,46,50,38,-1,38,50,52,-1,38,52,53,-1,123,88,124,-1,124,88,125,-1,123,124,126,-1,126,124,127,-1,128,129,130,-1,130,129,131,-1,132,133,134,-1,134,133,135,-1,136,137,138,-1,138,137,139,-1,140,141,136,-1,136,141,137,-1,142,143,144,-1,145,146,147,-1,144,148,142,-1,142,148,149,-1,142,149,150,-1,150,149,151,-1,150,151,152,-1,152,151,153,-1,152,153,154,-1,154,153,155,-1,154,155,156,-1,156,155,145,-1,156,145,157,-1,157,145,147,-1,158,159,160,-1,158,160,161,-1,161,160,162,-1,161,162,163,-1,163,162,164,-1,163,164,165,-1,165,164,166,-1,165,166,167,-1,167,166,168,-1,167,168,169,-1,169,168,170,-1,169,170,171,-1,171,170,172,-1,171,172,173,-1,174,175,159,-1,159,175,146,-1,164,162,160,-1,145,148,146,-1,146,148,144,-1,146,144,159,-1,164,160,166,-1,145,155,148,-1,148,155,153,-1,148,153,149,-1,149,153,151,-1,144,172,159,-1,159,172,170,-1,159,170,160,-1,160,170,168,-1,160,168,166,-1,176,177,178,-1,178,177,179,-1,178,179,180,-1,180,179,181,-1,180,181,182,-1,182,181,183,-1,182,183,184,-1,184,183,185,-1,184,185,186,-1,186,185,187,-1,186,187,174,-1,174,187,175,-1,176,188,177,-1,177,188,189,-1,189,188,190,-1,190,188,191,-1,190,191,141,-1,191,192,141,-1,141,192,193,-1,141,193,194,-1,194,193,195,-1,194,195,196,-1,196,195,197,-1,196,197,198,-1,198,197,199,-1,198,199,200,-1,200,199,201,-1,200,201,202,-1,202,201,203,-1,202,203,204,-1,204,203,205,-1,204,205,206,-1,206,205,207,-1,206,207,208,-1,208,207,209,-1,208,209,210,-1,211,212,213,-1,213,212,214,-1,215,216,217,-1,218,214,212,-1,212,219,218,-1,218,219,220,-1,218,220,221,-1,221,220,222,-1,221,222,223,-1,223,222,224,-1,223,224,225,-1,225,224,215,-1,225,215,226,-1,226,215,217,-1,157,147,142,-1,217,216,147,-1,147,216,158,-1,161,171,158,-1,158,171,173,-1,158,173,147,-1,147,173,143,-1,147,143,142,-1,161,163,165,-1,150,152,154,-1,165,167,161,-1,161,167,169,-1,161,169,171,-1,150,154,142,-1,142,154,156,-1,142,156,157,-1,227,192,228,-1,228,192,229,-1,227,228,230,-1,230,228,231,-1,232,233,234,-1,234,233,235,-1,236,237,238,-1,238,237,239,-1,240,241,242,-1,242,241,243,-1,244,245,240,-1,240,245,241,-1,246,247,248,-1,249,250,251,-1,248,252,246,-1,246,252,253,-1,246,253,254,-1,254,253,255,-1,254,255,256,-1,256,255,257,-1,256,257,258,-1,258,257,259,-1,258,259,260,-1,260,259,249,-1,260,249,261,-1,261,249,251,-1,262,263,264,-1,262,264,265,-1,265,264,266,-1,265,266,267,-1,267,266,268,-1,267,268,269,-1,269,268,270,-1,269,270,271,-1,271,270,272,-1,271,272,273,-1,273,272,274,-1,273,274,275,-1,275,274,276,-1,275,276,277,-1,278,279,263,-1,263,279,250,-1,249,252,250,-1,250,252,248,-1,250,248,263,-1,249,259,252,-1,252,259,257,-1,252,257,253,-1,253,257,255,-1,248,276,263,-1,263,276,274,-1,263,274,264,-1,264,274,272,-1,272,270,264,-1,264,270,268,-1,264,268,266,-1,280,281,282,-1,282,281,283,-1,282,283,284,-1,284,283,285,-1,284,285,286,-1,286,285,287,-1,286,287,288,-1,288,287,289,-1,288,289,290,-1,290,289,291,-1,290,291,278,-1,278,291,279,-1,280,292,281,-1,281,292,293,-1,293,292,294,-1,294,292,295,-1,294,295,245,-1,295,296,245,-1,245,296,297,-1,245,297,298,-1,298,297,299,-1,298,299,300,-1,300,299,301,-1,300,301,302,-1,302,301,303,-1,302,303,304,-1,304,303,305,-1,304,305,306,-1,306,305,307,-1,306,307,308,-1,308,307,309,-1,308,309,310,-1,310,309,311,-1,310,311,312,-1,312,311,313,-1,312,313,314,-1,315,316,317,-1,317,316,318,-1,319,320,321,-1,322,318,316,-1,316,323,322,-1,322,323,324,-1,322,324,325,-1,325,324,326,-1,325,326,327,-1,327,326,328,-1,327,328,329,-1,329,328,319,-1,329,319,330,-1,330,319,321,-1,261,251,246,-1,321,320,251,-1,251,320,262,-1,273,275,265,-1,265,275,262,-1,262,275,277,-1,262,277,251,-1,251,277,247,-1,251,247,246,-1,254,256,258,-1,273,265,271,-1,271,265,267,-1,271,267,269,-1,254,258,246,-1,246,258,260,-1,246,260,261,-1,331,296,332,-1,332,296,333,-1,331,332,334,-1,334,332,335,-1,336,337,338,-1,338,337,339,-1,340,341,342,-1,342,341,343,-1,344,345,346,-1,346,345,347,-1,346,347,348,-1,348,349,346,-1,346,349,350,-1,346,350,351,-1,351,352,346,-1,346,352,353,-1,346,353,354,-1,355,356,357,-1,358,359,360,-1,357,361,355,-1,355,361,362,-1,355,362,363,-1,363,362,364,-1,363,364,365,-1,365,364,366,-1,365,366,367,-1,367,366,368,-1,367,368,369,-1,369,368,358,-1,369,358,370,-1,370,358,360,-1,371,372,373,-1,371,373,374,-1,374,373,375,-1,374,375,376,-1,376,375,377,-1,376,377,378,-1,378,377,379,-1,378,379,380,-1,380,379,381,-1,380,381,382,-1,382,381,383,-1,382,383,384,-1,384,383,385,-1,384,385,386,-1,387,388,372,-1,372,388,359,-1,358,361,359,-1,359,361,357,-1,359,357,372,-1,372,357,385,-1,372,385,383,-1,358,368,361,-1,361,368,366,-1,361,366,362,-1,362,366,364,-1,377,383,379,-1,379,383,381,-1,377,375,383,-1,383,375,373,-1,383,373,372,-1,389,390,391,-1,391,390,392,-1,391,392,393,-1,393,392,394,-1,393,394,395,-1,395,394,396,-1,395,396,397,-1,397,396,398,-1,397,398,399,-1,399,398,400,-1,399,400,387,-1,387,400,388,-1,389,401,390,-1,390,401,402,-1,403,354,353,-1,403,353,404,-1,402,401,405,-1,353,352,404,-1,404,352,351,-1,404,351,406,-1,351,350,406,-1,406,350,349,-1,406,349,407,-1,349,348,407,-1,407,348,347,-1,407,347,408,-1,408,347,345,-1,408,345,409,-1,409,345,344,-1,409,344,405,-1,405,344,410,-1,405,410,402,-1,411,412,413,-1,413,412,414,-1,415,416,417,-1,418,414,412,-1,412,419,418,-1,418,419,420,-1,418,420,421,-1,421,420,422,-1,421,422,423,-1,423,422,424,-1,423,424,425,-1,425,424,415,-1,425,415,426,-1,426,415,417,-1,417,416,360,-1,360,416,371,-1,370,360,355,-1,355,360,356,-1,356,360,386,-1,386,360,371,-1,386,371,384,-1,384,371,374,-1,384,374,376,-1,376,378,384,-1,384,378,380,-1,384,380,382,-1,363,365,367,-1,363,367,355,-1,355,367,369,-1,355,369,370,-1,409,427,408,-1,408,427,407,-1,403,404,427,-1,427,404,406,-1,427,406,407,-1,428,429,430,-1,430,429,431,-1,432,433,434,-1,434,433,435,-1,436,437,438,-1,438,437,439,-1,440,441,436,-1,436,441,437,-1,442,443,444,-1,445,446,447,-1,444,448,442,-1,442,448,449,-1,442,449,450,-1,450,449,451,-1,450,451,452,-1,452,451,453,-1,452,453,454,-1,454,453,455,-1,454,455,456,-1,456,455,445,-1,456,445,457,-1,457,445,447,-1,458,459,460,-1,458,460,461,-1,461,460,462,-1,461,462,463,-1,463,462,464,-1,463,464,465,-1,465,464,466,-1,465,466,467,-1,467,466,468,-1,467,468,469,-1,469,468,470,-1,469,470,471,-1,471,470,472,-1,471,472,473,-1,460,459,470,-1,474,475,459,-1,459,475,446,-1,445,448,446,-1,446,448,444,-1,446,444,459,-1,459,444,472,-1,459,472,470,-1,445,455,448,-1,448,455,453,-1,448,453,449,-1,449,453,451,-1,468,466,464,-1,468,464,470,-1,470,464,462,-1,470,462,460,-1,476,477,478,-1,478,477,479,-1,478,479,480,-1,480,479,481,-1,480,481,482,-1,482,481,483,-1,482,483,484,-1,484,483,485,-1,484,485,486,-1,486,485,487,-1,486,487,474,-1,474,487,475,-1,476,488,477,-1,477,488,489,-1,489,488,490,-1,490,488,491,-1,490,491,441,-1,491,492,441,-1,441,492,493,-1,441,493,494,-1,494,493,495,-1,494,495,496,-1,496,495,497,-1,496,497,498,-1,498,497,499,-1,498,499,500,-1,500,499,501,-1,500,501,502,-1,502,501,503,-1,502,503,504,-1,504,503,505,-1,504,505,506,-1,506,505,507,-1,506,507,508,-1,508,507,509,-1,508,509,510,-1,511,512,513,-1,513,512,514,-1,515,516,517,-1,518,514,512,-1,512,519,518,-1,518,519,520,-1,518,520,521,-1,521,520,522,-1,521,522,523,-1,523,522,524,-1,523,524,525,-1,525,524,515,-1,525,515,526,-1,526,515,517,-1,457,447,442,-1,517,516,447,-1,447,516,458,-1,461,471,458,-1,458,471,473,-1,458,473,447,-1,447,473,443,-1,447,443,442,-1,461,463,471,-1,471,463,465,-1,471,465,469,-1,469,465,467,-1,450,452,454,-1,450,454,442,-1,442,454,456,-1,442,456,457,-1,527,492,528,-1,528,492,529,-1,527,528,530,-1,530,528,531,-1,532,533,534,-1,534,533,535,-1,536,537,538,-1,538,537,539,-1,540,541,542,-1,542,541,543,-1,542,543,544,-1,544,545,542,-1,542,545,546,-1,542,546,547,-1,547,548,542,-1,542,548,549,-1,542,549,550,-1,551,552,553,-1,554,555,556,-1,553,557,551,-1,551,557,558,-1,551,558,559,-1,559,558,560,-1,559,560,561,-1,561,560,562,-1,561,562,563,-1,563,562,564,-1,563,564,565,-1,565,564,554,-1,565,554,566,-1,566,554,556,-1,567,568,569,-1,567,569,570,-1,570,569,571,-1,570,571,572,-1,572,571,573,-1,572,573,574,-1,574,573,575,-1,574,575,576,-1,576,575,577,-1,576,577,578,-1,578,577,579,-1,578,579,580,-1,580,579,581,-1,580,581,582,-1,583,584,568,-1,568,584,555,-1,554,557,555,-1,555,557,553,-1,555,553,568,-1,568,553,581,-1,568,581,579,-1,554,564,557,-1,557,564,562,-1,557,562,558,-1,558,562,560,-1,573,579,575,-1,575,579,577,-1,573,571,579,-1,579,571,569,-1,579,569,568,-1,585,586,587,-1,587,586,588,-1,587,588,589,-1,589,588,590,-1,589,590,591,-1,591,590,592,-1,591,592,593,-1,593,592,594,-1,593,594,595,-1,595,594,596,-1,595,596,583,-1,583,596,584,-1,585,597,586,-1,586,597,598,-1,599,550,549,-1,599,549,600,-1,598,597,601,-1,549,548,600,-1,600,548,547,-1,600,547,602,-1,547,546,602,-1,602,546,545,-1,602,545,603,-1,545,544,603,-1,603,544,543,-1,603,543,604,-1,604,543,541,-1,604,541,605,-1,605,541,540,-1,605,540,601,-1,601,540,606,-1,601,606,598,-1,607,608,609,-1,609,608,610,-1,611,612,613,-1,614,610,608,-1,608,615,614,-1,614,615,616,-1,614,616,617,-1,617,616,618,-1,617,618,619,-1,619,618,620,-1,619,620,621,-1,621,620,611,-1,621,611,622,-1,622,611,613,-1,613,612,556,-1,556,612,567,-1,566,556,551,-1,551,556,552,-1,552,556,582,-1,582,556,567,-1,582,567,580,-1,580,567,570,-1,580,570,572,-1,572,574,580,-1,580,574,576,-1,580,576,578,-1,559,561,563,-1,559,563,551,-1,551,563,565,-1,551,565,566,-1,605,623,604,-1,604,623,603,-1,599,600,623,-1,623,600,602,-1,623,602,603,-1,624,625,626,-1,626,625,627,-1,628,629,630,-1,630,629,631,-1,632,633,634,-1,634,633,635,-1,636,637,632,-1,632,637,633,-1,638,639,640,-1,641,642,643,-1,640,644,638,-1,638,644,645,-1,638,645,646,-1,646,645,647,-1,646,647,648,-1,648,647,649,-1,648,649,650,-1,650,649,651,-1,650,651,652,-1,652,651,641,-1,652,641,653,-1,653,641,643,-1,654,655,656,-1,654,656,657,-1,657,656,658,-1,657,658,659,-1,659,658,660,-1,659,660,661,-1,661,660,662,-1,661,662,663,-1,663,662,664,-1,663,664,665,-1,665,664,666,-1,665,666,667,-1,667,666,668,-1,667,668,669,-1,656,655,666,-1,670,671,655,-1,655,671,642,-1,641,644,642,-1,642,644,640,-1,642,640,655,-1,655,640,668,-1,655,668,666,-1,641,651,644,-1,644,651,649,-1,644,649,645,-1,645,649,647,-1,664,662,660,-1,664,660,666,-1,666,660,658,-1,666,658,656,-1,672,673,674,-1,674,673,675,-1,674,675,676,-1,676,675,677,-1,676,677,678,-1,678,677,679,-1,678,679,680,-1,680,679,681,-1,680,681,682,-1,682,681,683,-1,682,683,670,-1,670,683,671,-1,672,684,673,-1,673,684,685,-1,685,684,686,-1,686,684,687,-1,686,687,637,-1,687,688,637,-1,637,688,689,-1,637,689,690,-1,690,689,691,-1,690,691,692,-1,692,691,693,-1,692,693,694,-1,694,693,695,-1,694,695,696,-1,696,695,697,-1,696,697,698,-1,698,697,699,-1,698,699,700,-1,700,699,701,-1,700,701,702,-1,702,701,703,-1,702,703,704,-1,704,703,705,-1,704,705,706,-1,707,708,709,-1,709,708,710,-1,711,712,713,-1,714,710,708,-1,708,715,714,-1,714,715,716,-1,714,716,717,-1,717,716,718,-1,717,718,719,-1,719,718,720,-1,719,720,721,-1,721,720,711,-1,721,711,722,-1,722,711,713,-1,653,643,638,-1,713,712,643,-1,643,712,654,-1,657,667,654,-1,654,667,669,-1,654,669,643,-1,643,669,639,-1,643,639,638,-1,657,659,667,-1,667,659,661,-1,667,661,665,-1,665,661,663,-1,646,648,650,-1,646,650,638,-1,638,650,652,-1,638,652,653,-1,723,688,724,-1,724,688,725,-1,723,724,726,-1,726,724,727,-1,728,729,730,-1,730,729,731,-1,732,733,734,-1,734,733,735,-1,736,737,738,-1,738,737,739,-1,740,741,737,-1,737,741,739,-1,742,743,744,-1,742,744,745,-1,745,744,746,-1,745,746,747,-1,747,746,748,-1,747,748,749,-1,749,748,750,-1,749,750,751,-1,751,750,752,-1,751,752,753,-1,753,752,754,-1,753,754,755,-1,755,754,756,-1,755,756,757,-1,758,759,760,-1,758,760,761,-1,761,760,762,-1,761,762,763,-1,763,762,764,-1,763,764,765,-1,765,764,766,-1,765,766,767,-1,767,766,768,-1,767,768,769,-1,769,768,770,-1,769,770,771,-1,771,770,772,-1,771,772,773,-1,760,759,770,-1,774,775,759,-1,759,775,756,-1,744,743,754,-1,754,743,756,-1,756,743,759,-1,759,743,772,-1,759,772,770,-1,754,752,744,-1,744,752,750,-1,744,750,746,-1,746,750,748,-1,768,766,764,-1,768,764,770,-1,770,764,762,-1,770,762,760,-1,776,777,778,-1,778,777,779,-1,778,779,780,-1,780,779,781,-1,780,781,782,-1,782,781,783,-1,782,783,784,-1,784,783,785,-1,784,785,786,-1,786,785,787,-1,786,787,774,-1,774,787,775,-1,776,788,777,-1,777,788,789,-1,790,791,792,-1,792,791,793,-1,794,795,796,-1,796,797,794,-1,794,797,798,-1,794,798,799,-1,799,798,800,-1,799,800,801,-1,801,800,802,-1,801,802,803,-1,803,802,804,-1,803,804,805,-1,805,804,793,-1,805,793,791,-1,796,795,757,-1,757,795,758,-1,749,751,747,-1,747,751,745,-1,761,771,758,-1,758,771,773,-1,758,773,757,-1,757,773,742,-1,757,742,755,-1,755,742,745,-1,755,745,753,-1,753,745,751,-1,761,763,771,-1,771,763,765,-1,771,765,769,-1,769,765,767,-1,789,788,806,-1,806,788,807,-1,806,807,808,-1,807,809,808,-1,808,809,810,-1,808,810,811,-1,811,810,812,-1,811,812,813,-1,813,812,814,-1,813,814,815,-1,815,814,816,-1,815,816,817,-1,817,816,818,-1,817,818,819,-1,820,821,822,-1,822,821,823,-1,824,825,822,-1,822,825,820,-1,826,827,828,-1,828,827,829,-1,
        ]
    }
}
Shape{
    appearance Appearance {
        material  Material 	{
            diffuseColor 0.25098039215686274 0.25098039215686274 0.25098039215686274
            specularColor 0.12549019607843137 0.12549019607843137 0.12549019607843137
            ambientIntensity 0.2
            transparency 0
            shininess 0.5
        }
    }
    geometry IndexedFaceSet {
        ccw TRUE
        solid FALSE
        coord DEF co Coordinate {
            point [
                8.8839 5.1181 -2.044, 8.8524 5.1181 -2.044, 8.8839 5.6693 -2.044, 8.8524 5.6693 -2.044, 8.8524 5.6693 -2.044
            ]
        }
        coordIndex [
            0,1,2,-1,2,1,3,-1,
        ]
    }
}
Shape{
    appearance Appearance {
        material  Material 	{
            diffuseColor 0.7529411764705882 0.7529411764705882 0.7529411764705882
            specularColor 0.3764705882352941 0.3764705882352941 0.3764705882352941
            ambientIntensity 0.2
            transparency 0
            shininess 0.5
        }
    }
    geometry IndexedFaceSet {
        ccw TRUE
        solid FALSE
        coord DEF co Coordinate {
            point [
                8.9626 3.6614 -1.674, 8.9626 3.1496 -1.674, 8.8839 3.6614 -1.674, 8.8839 3.1496 -1.674, 14.4862 0.8948 -2.0271, 14.4862 0.8849 -2.0283, 14.4862 1.2598 -2.1858, 14.4862 1.4173 -2.1464, 14.4862 1.4173 -2.1267, 14.4862 1.416 -2.1341, 14.4862 1.4144 -2.1277, 14.4862 2.0472 -2.1267, 14.4862 2.0472 -2.1464, 14.4862 2.0476 -2.1398, 14.4862 4.8497 -2.0194, 14.4862 4.8418 -2.0251, 14.4862 5.0 -2.1858, 14.4862 4.8327 -2.0287, 14.4862 4.8228 -2.03, 14.4862 0.9194 -1.801, 14.4862 0.923 -1.8101, 14.4862 2.4409 -1.6346, 14.4862 4.8265 -1.7835, 14.4862 4.836 -1.7856, 14.4862 5.1182 -1.6346, 14.4862 4.8599 -2.0038, 14.4862 5.1164 -2.0874, 14.4862 4.862 -1.9943, 14.4862 5.1182 -2.0677, 14.4862 0.5672 -2.0282, 14.4862 0.5577 -2.0261, 14.4862 0.1181 -2.1858, 14.4862 0.549 -2.0217, 14.4862 0.5421 -2.0158, 14.4862 0.5364 -2.0079, 14.4862 0.0893 -2.1822, 14.4862 0.5328 -1.9988, 14.4862 0.062 -2.1716, 14.4862 0.0382 -2.1546, 14.4862 0.5317 -1.8163, 14.4862 0.5338 -1.8068, 14.4862 -0.0004 -1.6346, 14.4862 0.5381 -1.7981, 14.4862 0.8981 -1.7829, 14.4862 0.6693 -1.6346, 14.4862 0.5709 -2.0283, 14.4862 4.8447 -1.7899, 14.4862 4.8516 -1.7958, 14.4862 4.8573 -1.8037, 14.4862 4.8609 -1.8128, 14.4862 4.8622 -1.8227, 14.4862 4.8622 -1.9906, 14.4862 5.0476 -2.1757, 14.4862 5.0726 -2.1608, 14.4862 4.8556 -2.0125, 14.4862 5.0932 -2.1403, 14.4862 5.1081 -2.1153, 14.4862 5.0198 -2.1841, 14.4862 0.0005 -2.0786, 14.4862 0.0068 -2.1071, 14.4862 0.0199 -2.1333, 14.4862 -0.0 -2.0677, 14.4862 0.5315 -1.989, 14.4862 0.5315 -1.82, 14.4862 0.544 -1.7912, 14.4862 0.5519 -1.7855, 14.4862 0.561 -1.7819, 14.4862 0.5709 -1.7806, 14.4862 0.9068 -1.7873, 14.4862 0.9137 -1.7931, 14.4862 4.4791 -2.0175, 14.4862 4.4734 -2.0096, 14.4862 3.0197 -2.1858, 14.4862 4.498 -1.7845, 14.4862 4.5079 -1.7833, 14.4862 4.8228 -1.7833, 14.4862 0.8849 -1.7806, 14.4862 0.8886 -1.7808, 14.4862 2.9431 -1.8774, 14.4862 2.9501 -1.8833, 14.4862 2.9558 -1.8912, 14.4862 2.9594 -1.9003, 14.4862 2.7685 -1.8757, 14.4862 2.7775 -1.8721, 14.4862 2.7874 -1.8708, 14.4862 4.486 -2.0234, 14.4862 4.4751 -1.8008, 14.4862 4.481 -1.7939, 14.4862 4.4889 -1.7881, 14.4862 0.9177 -2.0108, 14.4862 0.9118 -2.0177, 14.4862 0.9039 -2.0235, 14.4862 1.3755 -2.0899, 14.4862 1.3611 -2.0874, 14.4862 1.3465 -2.0885, 14.4862 1.3326 -2.0932, 14.4862 2.1135 -2.0878, 14.4862 2.1276 -2.0913, 14.4862 2.9213 -1.8708, 14.4862 2.9249 -1.871, 14.4862 2.9344 -1.8731, 14.4862 2.0988 -2.0878, 14.4862 2.7503 -1.897, 14.4862 2.7547 -1.8883, 14.4862 2.7606 -1.8814, 14.4862 4.5079 -2.03, 14.4862 4.5042 -2.0298, 14.4862 4.4947 -2.0277, 14.4862 2.1405 -2.0983, 14.4862 2.1513 -2.1081, 14.4862 2.1593 -2.1203, 14.4862 2.7482 -1.9065, 14.4862 2.9606 -1.9102, 14.4862 2.9606 -2.1267, 14.4862 4.4685 -1.9906, 14.4862 1.2992 -2.1464, 14.4862 0.922 -2.0021, 14.4862 1.2998 -2.1383, 14.4862 0.9241 -1.9926, 14.4862 1.3035 -2.1243, 14.4862 0.9243 -1.989, 14.4862 0.9243 -1.82, 14.4862 1.3107 -2.1115, 14.4862 1.3207 -2.1008, 14.4862 1.4003 -2.1049, 14.4862 1.4092 -2.1165, 14.4862 2.9612 -2.1352, 14.4862 3.0074 -2.1845, 14.4862 4.4685 -1.8227, 14.4862 4.4687 -1.819, 14.4862 4.4708 -1.8095, 14.4862 1.273 -2.1835, 14.4862 1.2817 -2.1791, 14.4862 2.0501 -2.1276, 14.4862 2.0534 -2.1202, 14.4862 2.0614 -2.1081, 14.4862 1.3888 -2.0959, 14.4862 2.0722 -2.0982, 14.4862 2.0851 -2.0913, 14.4862 4.4698 -2.0005, 14.4862 1.2635 -2.1856, 14.4862 2.2047 -2.1858, 14.4862 2.689 -2.1858, 14.4862 2.748 -2.1267, 14.4862 2.6975 -2.1852, 14.4862 2.7467 -2.139, 14.4862 2.9651 -2.1493, 14.4862 2.9715 -2.1609, 14.4862 2.9936 -2.1797, 14.4862 2.9814 -2.1717, 14.4862 1.2886 -2.1732, 14.4862 1.2944 -2.1653, 14.4862 1.298 -2.1563, 14.4862 2.1676 -2.1596, 14.4862 2.172 -2.1683, 14.4862 2.748 -1.9102, 14.4862 2.1641 -2.1341, 14.4862 2.1654 -2.1464, 14.4862 2.1655 -2.15, 14.4862 2.1779 -2.1752, 14.4862 2.1858 -2.1809, 14.4862 2.1949 -2.1845, 14.4862 2.7116 -2.1813, 14.4862 2.7231 -2.1749, 14.4862 2.742 -2.1528, 14.4862 2.7339 -2.165, 8.6831 2.0472 -2.1464, 8.6831 2.0472 -2.1267, 8.6831 2.0485 -2.1341, 8.6831 2.0502 -2.1277, 8.6831 1.4173 -2.1267, 8.6831 1.4173 -2.1464, 8.6831 1.4169 -2.1398, 8.6831 3.6614 -1.6346, 8.6831 3.6614 -1.7133, 8.6831 2.9605 -1.9065, 8.6831 2.9584 -1.897, 8.6831 2.954 -1.8883, 8.6831 2.9481 -1.8814, 8.6831 0.544 -2.0177, 8.6831 0.5519 -2.0235, 8.6831 0.3937 -2.1858, 8.6831 3.6616 -1.9926, 8.6831 3.6637 -2.0021, 8.6831 3.0197 -2.1858, 8.6831 2.9619 -2.139, 8.6831 2.9606 -2.1267, 8.6831 2.9606 -1.9102, 8.6831 2.7586 -1.8833, 8.6831 2.7529 -1.8912, 8.6831 0.9039 -1.7855, 8.6831 0.5672 -1.7808, 8.6831 0.5577 -1.7829, 8.6831 0.2756 -1.6346, 8.6831 0.8886 -2.0282, 8.6831 1.3241 -2.0983, 8.6831 1.3133 -2.1081, 8.6831 5.5351 -2.0281, 8.6831 5.5447 -2.026, 8.6831 5.7087 -2.1267, 8.6831 5.2217 -2.0982, 8.6831 5.211 -2.1081, 8.6831 3.7008 -2.0283, 8.6831 5.2029 -2.1203, 8.6831 2.7493 -1.9003, 8.6831 0.8981 -2.0261, 8.6831 0.9241 -1.8163, 8.6831 0.922 -1.8068, 8.6831 5.5315 -2.0283, 8.6831 3.6681 -2.0108, 8.6831 3.6739 -2.0177, 8.6831 3.6818 -2.0234, 8.6831 5.2763 -2.091, 8.6831 5.2887 -2.0973, 8.6831 5.2998 -2.1069, 8.6831 0.9068 -2.0217, 8.6831 0.9137 -2.0158, 8.6831 0.9194 -2.0079, 8.6831 2.7655 -1.8774, 8.6831 0.8948 -1.7819, 8.6831 0.8849 -1.7806, 8.6831 0.5709 -1.7806, 8.6831 0.549 -1.7873, 8.6831 0.5421 -1.7931, 8.6831 0.5364 -1.801, 8.6831 0.5338 -2.0021, 8.6831 0.2773 -2.0874, 8.6831 0.5317 -1.9926, 8.6831 0.2755 -2.0677, 8.6831 2.1439 -2.1008, 8.6831 2.1319 -2.0932, 8.6831 1.3657 -2.0878, 8.6831 1.3511 -2.0878, 8.6831 1.337 -2.0913, 8.6831 5.5534 -2.0217, 8.6831 5.5603 -2.0158, 8.6831 5.566 -2.0079, 8.6831 5.5707 -1.8081, 8.6831 5.5686 -1.7986, 8.6831 5.7087 -1.6346, 8.6831 5.5642 -1.7899, 8.6831 5.5583 -1.783, 8.6831 5.5504 -1.7772, 8.6831 5.5414 -1.7736, 8.6831 5.4203 -1.6346, 8.6831 5.5315 -1.7724, 8.6831 5.4338 -1.7223, 8.6831 5.4921 -1.7724, 8.6831 5.4369 -1.7343, 8.6831 5.4794 -1.771, 8.6831 3.8583 -1.7133, 8.6831 3.8583 -1.9102, 8.6831 3.6614 -1.9102, 8.6831 3.6614 -1.9889, 8.6831 5.262 -2.0877, 8.6831 5.2474 -2.088, 8.6831 5.2333 -2.0918, 8.6831 2.9402 -1.8757, 8.6831 2.9311 -1.8721, 8.6831 2.9213 -1.8708, 8.6831 0.9177 -1.7981, 8.6831 0.9118 -1.7912, 8.6831 2.748 -2.1267, 8.6831 2.1648 -2.1383, 8.6831 2.748 -1.9102, 8.6831 2.161 -2.1243, 8.6831 2.1539 -2.1115, 8.6831 0.561 -2.0271, 8.6831 0.5709 -2.0283, 8.6831 1.2598 -2.1858, 8.6831 5.3081 -2.1189, 8.6831 5.315 -2.1464, 8.6831 3.0112 -2.1852, 8.6831 2.9971 -2.1813, 8.6831 2.9855 -2.1749, 8.6831 0.5328 -1.8101, 8.6831 0.5315 -1.82, 8.6831 0.5315 -1.989, 8.6831 0.3461 -2.1757, 8.6831 0.3211 -2.1608, 8.6831 0.5381 -2.0108, 8.6831 0.3005 -2.1403, 8.6831 0.2856 -2.1153, 8.6831 0.3739 -2.1841, 8.6831 2.7013 -2.1845, 8.6831 2.689 -2.1858, 8.6831 2.7474 -2.1352, 8.6831 2.0643 -2.1049, 8.6831 2.0554 -2.1165, 8.6831 2.1181 -2.0885, 8.6831 2.1035 -2.0874, 8.6831 2.0891 -2.0899, 8.6831 5.5696 -1.9988, 8.6831 5.5709 -1.9889, 8.6831 5.5709 -1.8118, 8.6831 5.4656 -1.7661, 8.6831 5.4535 -1.758, 8.6831 5.4437 -1.7472, 8.6831 2.7874 -1.8708, 8.6831 2.7838 -1.871, 8.6831 2.7742 -1.8731, 8.6831 0.923 -1.9988, 8.6831 0.9243 -1.989, 8.6831 0.9243 -1.82, 8.6831 2.1916 -2.1835, 8.6831 2.1829 -2.1791, 8.6831 2.1654 -2.1464, 8.6831 1.4145 -2.1276, 8.6831 1.4112 -2.1202, 8.6831 1.4032 -2.1081, 8.6831 2.0757 -2.0959, 8.6831 1.3924 -2.0982, 8.6831 1.3795 -2.0913, 8.6831 1.3053 -2.1203, 8.6831 1.3005 -2.1341, 8.6831 0.8849 -2.0283, 8.6831 1.2992 -2.1464, 8.6831 3.6909 -2.027, 8.6831 5.1575 -2.1858, 8.6831 2.9747 -2.165, 8.6831 2.9667 -2.1528, 8.6831 2.2047 -2.1858, 8.6831 2.2011 -2.1856, 8.6831 5.1946 -2.1596, 8.6831 5.1902 -2.1683, 8.6831 2.1759 -2.1732, 8.6831 2.1702 -2.1653, 8.6831 2.1666 -2.1563, 8.6831 1.2969 -2.1596, 8.6831 1.2926 -2.1683, 8.6831 5.1981 -2.1341, 8.6831 5.1969 -2.1464, 8.6831 5.1967 -2.15, 8.6831 2.7435 -2.1493, 8.6831 2.7371 -2.1609, 8.6831 2.715 -2.1797, 8.6831 2.7273 -2.1717, 8.6831 1.299 -2.15, 8.6831 5.1843 -2.1752, 8.6831 5.1764 -2.1809, 8.6831 5.1674 -2.1845, 8.6831 1.2867 -2.1752, 8.6831 1.2788 -2.1809, 8.6831 1.2697 -2.1845, 8.7421 3.6614 -1.7133, 8.7421 3.6614 -1.6346, 8.7428 3.6614 -1.6256, 8.6855 3.6614 -1.6149, 8.743 3.6614 -1.6247, 8.6867 3.6614 -1.6055, 8.7464 3.6614 -1.612, 8.6937 3.6614 -1.5872, 8.7472 3.6614 -1.6108, 8.6965 3.6614 -1.5799, 8.7526 3.6614 -1.6009, 8.7086 3.6614 -1.5624, 8.7548 3.6614 -1.5985, 8.7127 3.6614 -1.5563, 8.7625 3.6614 -1.5899, 8.7289 3.6614 -1.5418, 8.765 3.6614 -1.5882, 8.7341 3.6614 -1.5373, 8.7738 3.6614 -1.582, 8.7535 3.6614 -1.5265, 8.7774 3.6614 -1.5806, 8.756 3.6614 -1.5251, 8.7858 3.6614 -1.5774, 8.7814 3.6614 -1.5182, 8.7913 3.6614 -1.5767, 8.783 3.6614 -1.5178, 8.8012 3.6614 -1.5755, 8.8012 3.6614 -1.5165, 8.729 5.3991 -1.542, 8.7282 5.3996 -1.5425, 8.8012 5.4001 -1.5421, 8.7073 5.4091 -1.563, 8.7046 5.4098 -1.5666, 8.8012 5.4098 -1.5666, 8.8012 5.4071 -1.5557, 8.7219 5.4032 -1.5471, 8.7137 5.4065 -1.556, 8.7081 5.4088 -1.5621, 8.8012 5.3899 -1.5307, 8.7451 5.3898 -1.5309, 8.7435 5.3908 -1.5315, 8.7816 5.3652 -1.5191, 8.8012 5.3771 -1.5223, 8.7857 5.3623 -1.5186, 8.8012 5.3625 -1.5175, 8.8012 5.3514 -1.5165, 8.7702 5.3733 -1.5207, 8.7649 5.3768 -1.5228, 8.7539 5.384 -1.5273, 8.7935 5.4113 -1.576, 8.8012 5.4112 -1.5755, 8.7651 5.4131 -1.5883, 8.7678 5.4128 -1.5859, 8.7774 5.412 -1.5807, 8.7799 5.4118 -1.5794, 8.7913 5.4113 -1.5766, 8.7421 5.4338 -1.7223, 8.7421 5.4203 -1.6346, 8.6838 5.4182 -1.621, 8.7433 5.4187 -1.6247, 8.6852 5.4172 -1.615, 8.744 5.4179 -1.6193, 8.6904 5.4139 -1.5933, 8.7473 5.4166 -1.6109, 8.6936 5.413 -1.5873, 8.7489 5.416 -1.6067, 8.7549 5.4147 -1.5985, 8.7573 5.4142 -1.5952, 8.6824 5.3157 -2.1366, 8.6822 5.7087 -2.1366, 8.6781 5.7087 -2.1505, 8.624 5.315 -2.1858, 8.6314 5.315 -2.1854, 8.624 5.7087 -2.1858, 8.6339 5.7087 -2.1849, 8.6339 5.315 -2.1848, 8.645 5.315 -2.1821, 8.6478 5.7087 -2.1808, 8.6478 5.315 -2.1806, 8.6566 5.315 -2.176, 8.6603 5.7087 -2.1733, 8.6601 5.315 -2.1731, 8.6706 5.7087 -2.163, 8.6669 5.315 -2.1674, 8.6694 5.3149 -2.1624, 8.6759 5.3146 -2.1495, 8.6824 5.3143 -2.1367, 8.4479 5.6577 -2.1858, 8.4372 5.6382 -2.1858, 8.4358 5.6357 -2.1858, 8.4289 5.6103 -2.1858, 8.4284 5.6088 -2.1858, 8.5453 5.7087 -2.1858, 8.5256 5.7062 -2.1858, 8.5162 5.7051 -2.1858, 8.4979 5.698 -2.1858, 8.4906 5.6952 -2.1858, 8.473 5.6832 -2.1858, 8.467 5.679 -2.1858, 8.4525 5.6628 -2.1858, 8.4272 5.5906 -2.1858, 8.4272 5.4331 -2.1858, 8.5453 5.315 -2.1858, 8.5255 5.3166 -2.1858, 8.4288 5.4133 -2.1858, 8.4372 5.3854 -2.1858, 8.4976 5.325 -2.1858, 8.4521 5.3605 -2.1858, 8.4727 5.3399 -2.1858, 8.4272 5.5906 -2.2448, 8.4288 5.6103 -2.2448, 8.5453 5.7087 -2.2448, 8.5255 5.707 -2.2448, 8.4372 5.6382 -2.2448, 8.4521 5.6632 -2.2448, 8.4727 5.6837 -2.2448, 8.4976 5.6986 -2.2448, 8.624 5.7087 -2.2448, 8.4272 5.4331 -2.2448, 8.624 5.315 -2.2448, 8.5453 5.315 -2.2448, 8.5255 5.3166 -2.2448, 8.4727 5.3399 -2.2448, 8.4521 5.3605 -2.2448, 8.4976 5.325 -2.2448, 8.4372 5.3854 -2.2448, 8.4288 5.4133 -2.2448, 8.7263 5.7087 -2.1858, 8.7263 5.315 -2.1858, 8.7227 5.315 -2.1917, 8.7142 5.7087 -2.203, 8.7136 5.315 -2.2024, 8.7043 5.315 -2.2134, 8.6944 5.7087 -2.2215, 8.6939 5.315 -2.2208, 8.6797 5.315 -2.2309, 8.6709 5.7087 -2.2351, 8.6448 5.315 -2.2423, 8.6449 5.7087 -2.243, 8.6535 5.315 -2.2412, 8.6707 5.315 -2.2344, 8.7421 5.315 -2.1858, 8.7421 5.7087 -2.1858, 8.7421 0.2755 -1.6346, 8.7421 3.6614 -1.9102, 8.7421 3.8529 -1.9102, 8.7421 3.8529 -1.7133, 8.7421 5.5447 -1.7747, 8.7421 5.5534 -1.779, 8.7421 5.7087 -1.6346, 8.7421 5.5603 -1.7849, 8.7421 5.566 -1.7928, 8.7421 0.9118 -2.0177, 8.7421 0.9039 -2.0235, 8.7421 1.2598 -2.1858, 8.7421 0.2755 -2.0677, 8.7421 0.2773 -2.0874, 8.7421 0.5364 -2.0079, 8.7421 0.2856 -2.1153, 8.7421 0.3005 -2.1403, 8.7421 0.9137 -1.7931, 8.7421 0.9194 -1.801, 8.7421 2.7685 -1.8757, 8.7421 5.5504 -2.0234, 8.7421 5.5414 -2.027, 8.7421 0.5317 -1.8163, 8.7421 0.5338 -1.8068, 8.7421 0.5381 -1.7981, 8.7421 0.544 -1.7912, 8.7421 2.9249 -1.871, 8.7421 3.6614 -1.9889, 8.7421 0.9177 -2.0108, 8.7421 1.3379 -2.091, 8.7421 1.3522 -2.0877, 8.7421 0.923 -1.8101, 8.7421 5.4371 -1.7347, 8.7421 5.4798 -1.7711, 8.7421 5.4921 -1.7724, 8.7421 5.5315 -1.7724, 8.7421 5.5351 -1.7726, 8.7421 0.8948 -2.0271, 8.7421 0.8849 -2.0283, 8.7421 0.3937 -2.1858, 8.7421 0.5709 -2.0283, 8.7421 0.5672 -2.0282, 8.7421 0.5577 -2.0261, 8.7421 0.549 -2.0217, 8.7421 0.3739 -2.1841, 8.7421 0.5421 -2.0158, 8.7421 0.3461 -2.1757, 8.7421 0.3211 -2.1608, 8.7421 0.9068 -1.7873, 8.7421 2.7775 -1.8721, 8.7421 2.7874 -1.8708, 8.7421 2.9213 -1.8708, 8.7421 5.5707 -1.9926, 8.7421 5.5686 -2.0021, 8.7421 2.1405 -2.0982, 8.7421 2.1513 -2.1081, 8.7421 2.748 -1.9102, 8.7421 0.5328 -1.9988, 8.7421 0.5315 -1.989, 8.7421 0.5315 -1.82, 8.7421 0.5519 -1.7855, 8.7421 0.561 -1.7819, 8.7421 0.5709 -1.7806, 8.7421 2.7482 -1.9065, 8.7421 2.7503 -1.897, 8.7421 2.7547 -1.8883, 8.7421 2.7606 -1.8814, 8.7421 5.2901 -2.0982, 8.7421 5.3009 -2.1081, 8.7421 5.5315 -2.0283, 8.7421 5.444 -1.7475, 8.7421 5.4538 -1.7583, 8.7421 5.4661 -1.7663, 8.7421 0.8849 -1.7806, 8.7421 0.8886 -1.7808, 8.7421 0.8981 -1.7829, 8.7421 3.6971 -2.0281, 8.7421 3.6876 -2.026, 8.7421 2.9594 -1.9003, 8.7421 3.6789 -2.0217, 8.7421 3.672 -2.0158, 8.7421 3.6663 -2.0079, 8.7421 2.9558 -1.8912, 8.7421 3.6627 -1.9988, 8.7421 2.9501 -1.8833, 8.7421 2.9431 -1.8774, 8.7421 5.5642 -2.0108, 8.7421 5.5583 -2.0177, 8.7421 5.1969 -2.1464, 8.7421 5.1985 -2.1326, 8.7421 3.7008 -2.0283, 8.7421 1.2992 -2.1464, 8.7421 0.922 -2.0021, 8.7421 1.3009 -2.1326, 8.7421 0.9241 -1.9926, 8.7421 1.306 -2.1189, 8.7421 0.9243 -1.989, 8.7421 0.9243 -1.82, 8.7421 1.3144 -2.1069, 8.7421 1.3255 -2.0973, 8.7421 2.0541 -2.1189, 8.7421 2.0624 -2.1069, 8.7421 2.0735 -2.0973, 8.7421 2.1289 -2.0918, 8.7421 2.9344 -1.8731, 8.7421 5.2037 -2.1189, 8.7421 5.212 -2.1069, 8.7421 5.2231 -2.0973, 8.7421 5.2785 -2.0918, 8.7421 1.273 -2.1835, 8.7421 1.2817 -2.1791, 8.7421 2.0859 -2.091, 8.7421 2.1002 -2.0877, 8.7421 2.1148 -2.088, 8.7421 5.5696 -1.8019, 8.7421 5.5709 -1.8118, 8.7421 5.5709 -1.9889, 8.7421 2.9606 -1.9102, 8.7421 2.9606 -2.1267, 8.7421 2.9612 -2.1352, 8.7421 5.2355 -2.091, 8.7421 5.2498 -2.0877, 8.7421 5.2644 -2.088, 8.7421 5.3089 -2.1203, 8.7421 5.3137 -2.1341, 8.7421 1.2635 -2.1856, 8.7421 1.3668 -2.088, 8.7421 1.3809 -2.0918, 8.7421 1.3924 -2.0982, 8.7421 5.315 -2.1464, 8.7421 1.2886 -2.1732, 8.7421 1.2944 -2.1653, 8.7421 1.298 -2.1563, 8.7421 2.2047 -2.1858, 8.7421 2.689 -2.1858, 8.7421 2.748 -2.1267, 8.7421 2.6975 -2.1852, 8.7421 2.7467 -2.139, 8.7421 1.4173 -2.1858, 8.7421 2.0472 -2.1858, 8.7421 1.4173 -2.1464, 8.7421 2.0472 -2.1464, 8.7421 1.416 -2.1341, 8.7421 2.0489 -2.1326, 8.7421 1.4113 -2.1203, 8.7421 1.4032 -2.1081, 8.7421 5.1706 -2.1835, 8.7421 5.1794 -2.1791, 8.7421 2.1676 -2.1596, 8.7421 2.172 -2.1683, 8.7421 3.0074 -2.1845, 8.7421 3.0197 -2.1858, 8.7421 5.1575 -2.1858, 8.7421 5.1611 -2.1856, 8.7421 2.9651 -2.1493, 8.7421 2.9715 -2.1609, 8.7421 2.9936 -2.1797, 8.7421 2.9814 -2.1717, 8.7421 2.1593 -2.1203, 8.7421 2.1641 -2.1341, 8.7421 2.1654 -2.1464, 8.7421 2.1655 -2.15, 8.7421 5.1863 -2.1732, 8.7421 5.192 -2.1653, 8.7421 5.1956 -2.1563, 8.7421 2.1779 -2.1752, 8.7421 2.1858 -2.1809, 8.7421 2.1949 -2.1845, 8.7421 2.7116 -2.1813, 8.7421 2.7231 -2.1749, 8.7421 2.742 -2.1528, 8.7421 2.7339 -2.165, 9.5886 5.748 -1.7133, 9.5886 5.8071 -1.7133, 9.5897 5.8071 -1.7265, 9.5897 5.748 -1.7265, 9.5953 5.8071 -1.7451, 9.5953 5.748 -1.7451, 9.6052 5.8071 -1.7617, 9.6052 5.748 -1.7617, 9.6189 5.8071 -1.7754, 9.6189 5.748 -1.7754, 9.6356 5.8071 -1.7854, 9.6356 5.748 -1.7854, 9.6541 5.8071 -1.791, 9.6541 5.748 -1.791, 9.6673 5.8071 -1.7921, 9.6673 5.748 -1.7921, 13.115 5.8071 -1.7616, 13.1126 5.8071 -1.765, 13.1013 5.8071 -1.7752, 13.1319 5.8071 -1.6346, 13.1319 5.8071 -1.7133, 9.5886 5.8071 -1.6346, 13.1303 5.8071 -1.7265, 13.1294 5.8071 -1.7339, 13.1251 5.8071 -1.745, 13.1232 5.8071 -1.7499, 13.0532 5.8071 -1.7921, 13.0653 5.8071 -1.7912, 13.0663 5.8071 -1.7909, 13.0833 5.8071 -1.7863, 13.0849 5.8071 -1.7854, 13.0979 5.8071 -1.7782, 13.0532 5.748 -1.7921, 13.0663 5.748 -1.791, 13.1319 5.748 -1.7133, 13.1308 5.748 -1.7265, 13.0849 5.748 -1.7854, 13.1015 5.748 -1.7754, 13.1153 5.748 -1.7617, 13.1252 5.748 -1.7451, 14.0531 5.315 -1.5755, 14.0531 5.7087 -1.5755, 14.0597 5.315 -1.5761, 14.0597 5.7087 -1.5761, 14.069 5.315 -1.5789, 14.069 5.7087 -1.5789, 14.0774 5.315 -1.5839, 14.0774 5.7087 -1.5839, 14.0842 5.315 -1.5907, 14.0842 5.7087 -1.5907, 14.0892 5.315 -1.599, 14.0892 5.7087 -1.599, 14.092 5.315 -1.6083, 14.092 5.7087 -1.6083, 14.0925 5.315 -1.6149, 14.0925 5.7087 -1.6149, 14.0925 5.7087 -2.1267, 14.0925 5.315 -2.1267, 14.2106 5.7087 -2.2448, 14.2106 5.315 -2.2448, 14.1908 5.315 -2.2432, 14.1908 5.7087 -2.2432, 14.163 5.315 -2.2348, 14.163 5.7087 -2.2348, 14.138 5.315 -2.2199, 14.138 5.7087 -2.2199, 14.1175 5.315 -2.1993, 14.1175 5.7087 -2.1993, 14.1026 5.315 -2.1744, 14.1026 5.7087 -2.1744, 14.0942 5.315 -2.1465, 14.0942 5.7087 -2.1465, 14.4579 5.6357 -2.2448, 14.4648 5.6103 -2.2448, 14.4267 5.679 -2.2448, 14.4412 5.6628 -2.2448, 14.3484 5.7087 -2.2448, 14.4458 5.6577 -2.2448, 14.4565 5.6382 -2.2448, 14.3681 5.7062 -2.2448, 14.3775 5.7051 -2.2448, 14.3958 5.698 -2.2448, 14.4031 5.6952 -2.2448, 14.4207 5.6832 -2.2448, 14.4653 5.6088 -2.2448, 14.4665 5.5906 -2.2448, 14.3484 5.315 -2.2448, 14.4665 5.4331 -2.2448, 14.3682 5.3166 -2.2448, 14.4649 5.4133 -2.2448, 14.4565 5.3854 -2.2448, 14.4416 5.3605 -2.2448, 14.421 5.3399 -2.2448, 14.3961 5.325 -2.2448, 14.4665 5.5906 -2.1858, 14.4649 5.6103 -2.1858, 14.3682 5.707 -2.1858, 14.3484 5.7087 -2.1858, 14.4565 5.6382 -2.1858, 14.4416 5.6632 -2.1858, 14.421 5.6837 -2.1858, 14.3961 5.6986 -2.1858, 14.2106 5.7087 -2.1858, 14.2106 5.315 -2.1858, 14.3484 5.315 -2.1858, 14.4665 5.4331 -2.1858, 14.3682 5.3166 -2.1858, 14.4416 5.3605 -2.1858, 14.421 5.3399 -2.1858, 14.3961 5.325 -2.1858, 14.4565 5.3854 -2.1858, 14.4649 5.4133 -2.1858, 14.2007 5.315 -2.1849, 14.2007 5.7087 -2.1849, 14.1868 5.315 -2.1808, 14.1868 5.7087 -2.1808, 14.1743 5.315 -2.1733, 14.1743 5.7087 -2.1733, 14.164 5.315 -2.163, 14.164 5.7087 -2.163, 14.1566 5.315 -2.1505, 14.1566 5.7087 -2.1505, 14.1524 5.315 -2.1366, 14.1524 5.7087 -2.1366, 14.1516 5.315 -2.1267, 14.1516 5.7087 -2.1267, 14.1516 5.7087 -1.6149, 14.1516 5.315 -1.6149, 14.1091 5.315 -1.5338, 14.1269 5.315 -1.5496, 14.1133 5.315 -1.5376, 14.1404 5.315 -1.5693, 14.1303 5.315 -1.5547, 14.1486 5.315 -1.5907, 14.1427 5.315 -1.5754, 14.0531 5.315 -1.5165, 14.0683 5.315 -1.5175, 14.0929 5.315 -1.5248, 14.0908 5.315 -1.5237, 14.0696 5.315 -1.5179, 14.1496 5.315 -1.5985, 13.8287 0.3543 -2.2055, 13.5925 0.3543 -2.2055, 13.8484 0.4724 -2.2055, 13.5728 0.4724 -2.2055, 13.8484 1.4567 -2.2055, 13.5728 1.4567 -2.2055, 13.8287 0.3543 -1.9889, 13.8484 0.4724 -1.9889, 13.5925 0.3543 -1.9889, 13.5728 0.4724 -1.9889, 13.3957 1.4764 -2.1464, 13.3957 1.4764 -1.6031, 13.376 1.4764 -1.8511, 13.376 1.4764 -1.6031, 13.3563 1.4764 -2.1464, 13.3563 1.4764 -1.9181, 13.1988 1.4764 -1.9181, 13.1988 1.4764 -1.8511, 12.5335 5.1181 -2.048, 12.4075 5.1181 -2.048, 12.5335 5.0521 -2.0414, 12.4075 5.0521 -2.0414, 12.4075 5.1575 -2.048, 12.4193 5.1575 -2.048, 12.3287 5.4331 -2.048, 12.3169 5.4035 -2.048, 12.3169 5.3839 -2.048, 12.6122 5.3543 -2.048, 12.624 5.3839 -2.048, 12.624 5.4035 -2.048, 12.4114 5.6969 -2.048, 12.3287 5.6969 -2.048, 12.4114 5.622 -2.048, 12.3287 5.6496 -2.048, 12.3169 5.6201 -2.048, 12.6122 5.6969 -2.048, 12.5295 5.6969 -2.048, 12.6122 5.6496 -2.048, 12.5295 5.622 -2.048, 12.3287 5.5315 -2.048, 12.6122 5.4331 -2.048, 12.6122 5.5315 -2.048, 12.3287 5.3543 -2.048, 12.3287 5.315 -2.048, 12.6122 5.315 -2.048, 12.5217 5.1575 -2.048, 12.5335 5.1575 -2.048, 12.624 5.6201 -2.048, 12.624 5.561 -2.048, 12.3169 5.561 -2.048, 12.1004 5.1181 -2.048, 11.9744 5.1181 -2.048, 12.1004 5.0419 -2.0392, 11.9744 5.0419 -2.0392, 11.9744 5.1575 -2.048, 11.9862 5.1575 -2.048, 11.9783 5.6969 -2.048, 11.8957 5.6969 -2.048, 11.9783 5.622 -2.048, 11.8957 5.6496 -2.048, 11.8839 5.6201 -2.048, 12.1791 5.6969 -2.048, 12.0965 5.6969 -2.048, 12.1791 5.6496 -2.048, 12.0965 5.622 -2.048, 12.1791 5.3543 -2.048, 11.8957 5.3543 -2.048, 11.8957 5.315 -2.048, 12.1791 5.315 -2.048, 12.0886 5.1575 -2.048, 12.1004 5.1575 -2.048, 12.1909 5.4035 -2.048, 12.1791 5.4331 -2.048, 12.1909 5.3839 -2.048, 11.8839 5.4035 -2.048, 11.8839 5.3839 -2.048, 12.1791 5.5315 -2.048, 11.8957 5.5315 -2.048, 11.8957 5.4331 -2.048, 12.1909 5.6201 -2.048, 12.1909 5.561 -2.048, 11.8839 5.561 -2.048, 11.6673 5.1181 -2.048, 11.5413 5.1181 -2.048, 11.6673 5.0521 -2.0414, 11.5413 5.0521 -2.0414, 11.5531 5.1575 -2.048, 11.5413 5.1575 -2.048, 11.6673 5.1575 -2.048, 11.6555 5.1575 -2.048, 11.5453 5.6969 -2.048, 11.4626 5.6969 -2.048, 11.5453 5.622 -2.048, 11.4626 5.6496 -2.048, 11.4508 5.6201 -2.048, 11.7461 5.6969 -2.048, 11.6634 5.6969 -2.048, 11.7461 5.6496 -2.048, 11.6634 5.622 -2.048, 11.4626 5.3543 -2.048, 11.7579 5.4035 -2.048, 11.4508 5.3839 -2.048, 11.7461 5.4331 -2.048, 11.4508 5.4035 -2.048, 11.4626 5.4331 -2.048, 11.4626 5.5315 -2.048, 11.7461 5.5315 -2.048, 11.4626 5.315 -2.048, 11.7461 5.315 -2.048, 11.7461 5.3543 -2.048, 11.7579 5.3839 -2.048, 11.7579 5.6201 -2.048, 11.7579 5.561 -2.048, 11.4508 5.561 -2.048, 11.2343 5.1181 -2.048, 11.1083 5.1181 -2.048, 11.2343 5.0598 -2.0429, 11.1083 5.0598 -2.0429, 11.1083 5.1575 -2.048, 11.1201 5.1575 -2.048, 11.0295 5.4331 -2.048, 11.0177 5.4035 -2.048, 11.0177 5.3839 -2.048, 11.313 5.7087 -2.048, 11.2303 5.7087 -2.048, 11.313 5.6496 -2.048, 11.2303 5.622 -2.048, 11.313 5.3543 -2.048, 11.3248 5.3839 -2.048, 11.3248 5.4035 -2.048, 11.1122 5.7087 -2.048, 11.0295 5.7087 -2.048, 11.1122 5.622 -2.048, 11.0295 5.6496 -2.048, 11.0177 5.6201 -2.048, 11.0295 5.5315 -2.048, 11.313 5.4331 -2.048, 11.313 5.5315 -2.048, 11.0295 5.3543 -2.048, 11.0295 5.315 -2.048, 11.313 5.315 -2.048, 11.2224 5.1575 -2.048, 11.2343 5.1575 -2.048, 11.3248 5.6201 -2.048, 11.3248 5.561 -2.048, 11.0177 5.561 -2.048, 10.8012 5.1181 -2.048, 10.6752 5.1181 -2.048, 10.8012 5.0521 -2.0414, 10.6752 5.0521 -2.0414, 10.6752 5.1575 -2.048, 10.687 5.1575 -2.048, 10.8799 5.3543 -2.048, 10.8917 5.3839 -2.048, 10.8917 5.4035 -2.048, 10.6791 5.6969 -2.048, 10.5965 5.6969 -2.048, 10.6791 5.622 -2.048, 10.5965 5.6496 -2.048, 10.5846 5.6201 -2.048, 10.8799 5.6969 -2.048, 10.7972 5.6969 -2.048, 10.8799 5.6496 -2.048, 10.7972 5.622 -2.048, 10.8799 5.4331 -2.048, 10.5846 5.3839 -2.048, 10.5965 5.3543 -2.048, 10.5965 5.315 -2.048, 10.8799 5.315 -2.048, 10.7894 5.1575 -2.048, 10.8012 5.1575 -2.048, 10.5846 5.4035 -2.048, 10.5965 5.4331 -2.048, 10.5965 5.5315 -2.048, 10.8799 5.5315 -2.048, 10.8917 5.6201 -2.048, 10.8917 5.561 -2.048, 10.5846 5.561 -2.048, 10.3681 5.1181 -2.048, 10.2421 5.1181 -2.048, 10.3681 5.0598 -2.0429, 10.2421 5.0598 -2.0429, 10.2539 5.1575 -2.048, 10.2421 5.1575 -2.048, 10.3681 5.1575 -2.048, 10.3563 5.1575 -2.048, 10.2461 5.7087 -2.048, 10.1634 5.7087 -2.048, 10.2461 5.622 -2.048, 10.1634 5.6496 -2.048, 10.1516 5.6201 -2.048, 10.4469 5.7087 -2.048, 10.3642 5.7087 -2.048, 10.4469 5.6496 -2.048, 10.3642 5.622 -2.048, 10.1634 5.3543 -2.048, 10.4587 5.4035 -2.048, 10.1516 5.3839 -2.048, 10.4469 5.4331 -2.048, 10.1516 5.4035 -2.048, 10.1634 5.4331 -2.048, 10.1634 5.5315 -2.048, 10.4469 5.5315 -2.048, 10.1634 5.315 -2.048, 10.4469 5.315 -2.048, 10.4469 5.3543 -2.048, 10.4587 5.3839 -2.048, 10.4587 5.6201 -2.048, 10.4587 5.561 -2.048, 10.1516 5.561 -2.048, 9.935 5.1181 -2.048, 9.8091 5.1181 -2.048, 9.935 5.0521 -2.0414, 9.8091 5.0521 -2.0414, 9.8091 5.1575 -2.048, 9.8209 5.1575 -2.048, 9.7303 5.4331 -2.048, 9.7185 5.4035 -2.048, 9.7185 5.3839 -2.048, 10.0138 5.3543 -2.048, 10.0256 5.3839 -2.048, 10.0256 5.4035 -2.048, 9.813 5.6969 -2.048, 9.7303 5.6969 -2.048, 9.813 5.622 -2.048, 9.7303 5.6496 -2.048, 9.7185 5.6201 -2.048, 10.0138 5.6969 -2.048, 9.9311 5.6969 -2.048, 10.0138 5.6496 -2.048, 9.9311 5.622 -2.048, 9.7303 5.5315 -2.048, 10.0138 5.4331 -2.048, 10.0138 5.5315 -2.048, 9.7303 5.3543 -2.048, 9.7303 5.315 -2.048, 10.0138 5.315 -2.048, 9.9232 5.1575 -2.048, 9.935 5.1575 -2.048, 10.0256 5.6201 -2.048, 10.0256 5.561 -2.048, 9.7185 5.561 -2.048, 8.8839 5.2802 -1.8511, 8.8839 5.2802 -1.7724, 8.9182 5.2868 -1.8511, 8.9182 5.2868 -1.7724, 8.8838 5.2793 -1.861, 8.9184 5.286 -1.861, 8.8838 5.2792 -1.8616, 8.8837 5.2754 -1.8742, 8.9192 5.2819 -1.8749, 8.8837 5.2749 -1.8749, 8.8836 5.2686 -1.8858, 8.9206 5.2746 -1.8874, 8.8836 5.2672 -1.8873, 8.8836 5.2585 -1.8964, 8.9225 5.2645 -1.8977, 8.8836 5.2568 -1.8976, 8.8837 5.2477 -1.9036, 8.9249 5.2522 -1.9052, 8.8837 5.2441 -1.9049, 8.8838 5.2349 -1.9083, 8.9276 5.2386 -1.9093, 8.8838 5.23 -1.9089, 8.9294 5.2288 -1.9102, 8.8839 5.22 -1.9102, 8.9551 5.0965 -1.9102, 8.9551 5.0965 -1.7133, 8.9587 5.0601 -1.9102, 8.9587 5.0601 -1.7133, 8.9555 5.0238 -1.9102, 8.9555 5.0238 -1.7133, 8.9102 4.8377 -1.7133, 8.9032 4.8622 -1.7133, 8.9509 5.1181 -1.7133, 8.8907 5.1181 -1.7133, 8.8971 5.0853 -1.7133, 8.8996 5.0598 -1.7133, 8.9016 4.9733 -1.7133, 8.9463 4.9733 -1.7133, 8.9185 4.8209 -1.7133, 8.9016 4.8819 -1.7133, 8.8974 5.0344 -1.7133, 8.8907 5.1181 -1.7291, 8.8839 5.1536 -1.7291, 8.8839 5.1536 -1.9102, 8.8971 5.0853 -1.9102, 8.8839 5.1181 -1.7291, 8.9606 4.8819 -1.8905, 8.9606 4.8819 -1.6936, 8.9615 4.8721 -1.8905, 8.9615 4.8721 -1.6936, 8.9649 4.8598 -1.8905, 8.9649 4.8598 -1.6936, 8.971 4.8485 -1.8905, 8.971 4.8485 -1.6936, 8.9793 4.8388 -1.8905, 8.9793 4.8388 -1.6936, 8.987 4.8327 -1.8905, 8.987 4.8327 -1.6936, 8.9806 4.3356 -1.8905, 8.9806 4.3356 -1.733, 8.9729 4.3274 -1.8905, 8.9729 4.3274 -1.733, 8.9658 4.3156 -1.8905, 8.9658 4.3156 -1.733, 8.9617 4.3025 -1.8905, 8.9617 4.3025 -1.733, 8.9606 4.2913 -1.8905, 8.9606 4.2913 -1.733, 8.9016 3.4646 -1.733, 8.9606 3.4646 -1.733, 8.9016 4.2913 -1.733, 8.9037 4.3137 -1.733, 8.912 4.3399 -1.733, 8.9261 4.3634 -1.733, 8.9415 4.3798 -1.733, 9.0195 4.4488 -1.733, 9.0453 4.3928 -1.733, 9.0453 4.4488 -1.733, 9.0453 4.4716 -1.7298, 9.1309 4.5473 -1.8511, 9.1309 4.5473 -1.8905, 9.0453 4.4716 -1.8511, 8.9415 4.3798 -1.8905, 9.0449 4.7242 -1.6937, 8.9543 4.7835 -1.6936, 9.0453 4.7231 -1.8511, 8.9543 4.7835 -1.8905, 9.1223 4.6719 -1.8511, 9.1223 4.6719 -1.8905, 8.9606 4.9213 -1.6936, 8.9016 4.9213 -1.6936, 8.9016 4.8819 -1.6936, 8.9032 4.8622 -1.6936, 8.9102 4.8377 -1.6936, 8.9222 4.8152 -1.6936, 8.9388 4.7958 -1.6936, 9.0453 4.794 -1.6936, 13.375 5.3478 -1.8055, 13.375 5.3478 -1.5755, 13.3757 5.3446 -1.8084, 13.376 5.3386 -1.5755, 13.376 5.3386 -1.812, 13.3431 5.389 -1.5755, 13.3427 5.3879 -1.7327, 13.3305 5.3927 -1.7123, 13.3209 5.3937 -1.6982, 13.3209 5.3937 -1.5755, 13.33 5.3929 -1.7114, 13.3293 5.3931 -1.5755, 13.3301 5.3929 -1.7116, 13.3301 5.3929 -1.5755, 13.342 5.3897 -1.5755, 13.3543 5.3816 -1.7535, 13.3526 5.3833 -1.7499, 13.3547 5.382 -1.5755, 13.3513 5.3845 -1.7472, 13.3458 5.3867 -1.738, 13.3538 5.3828 -1.5755, 13.3588 5.3773 -1.7628, 13.3637 5.3733 -1.5755, 13.3641 5.3722 -1.7738, 13.3643 5.3724 -1.5755, 13.3655 5.3709 -1.7767, 13.3707 5.3625 -1.5755, 13.3693 5.3633 -1.7872, 13.3713 5.3608 -1.5755, 13.3707 5.3605 -1.7911, 13.3741 5.3518 -1.8017, 13.3734 5.3552 -1.7986, 13.3716 5.3589 -1.7935, 13.3747 5.351 -1.5755, 13.376 1.6929 -1.674, 13.376 3.1496 -1.674, 13.4209 1.6929 -1.6982, 13.4209 3.1496 -1.6982, 13.4704 1.6929 -1.7419, 13.4704 3.1496 -1.7419, 13.507 1.6929 -1.7969, 13.507 3.1496 -1.7969, 13.5284 1.6929 -1.8594, 13.5284 3.1496 -1.8594, 13.5335 1.6929 -1.9102, 13.5335 3.1496 -1.9102, 13.2628 4.6063 -1.8533, 13.2818 4.6063 -1.9533, 13.2732 4.6063 -1.8513, 13.2922 4.6063 -1.9513, 13.2541 4.6063 -1.9478, 13.2636 4.6063 -1.9514, 13.2467 4.6063 -1.862, 13.2626 4.6063 -1.8534, 13.2524 4.6063 -1.8577, 13.2652 4.6063 -1.952, 13.2779 4.6063 -1.9535, 13.2924 4.6063 -1.9513, 13.3026 4.6063 -1.9469, 13.3083 4.6063 -1.9427, 13.3127 4.6063 -1.9395, 13.3203 4.6063 -1.9305, 13.3225 4.6063 -1.926, 13.3196 4.6063 -1.8732, 13.3117 4.6063 -1.8642, 13.3079 4.6063 -1.8615, 13.3257 4.6063 -1.9196, 13.3285 4.6063 -1.9075, 13.3285 4.6063 -1.902, 13.3284 4.6063 -1.8966, 13.3253 4.6063 -1.8838, 13.3223 4.6063 -1.8782, 13.3011 4.6063 -1.8569, 13.2916 4.6063 -1.8533, 13.2901 4.6063 -1.8527, 13.2772 4.6063 -1.8511, 13.2266 4.6063 -1.8973, 13.2267 4.6063 -1.9027, 13.2267 4.6063 -1.9081, 13.2293 4.6063 -1.8851, 13.2325 4.6063 -1.8788, 13.2348 4.6063 -1.8742, 13.2423 4.6063 -1.8652, 13.2299 4.6063 -1.921, 13.2329 4.6063 -1.9266, 13.2356 4.6063 -1.9316, 13.2435 4.6063 -1.9405, 13.2474 4.6063 -1.9432, 13.2309 5.315 -2.0235, 13.2305 5.315 -2.0234, 13.2295 5.3348 -2.0258, 13.2637 5.315 -2.0313, 13.2625 5.315 -2.0313, 13.2622 5.3348 -2.0339, 13.2973 5.315 -2.0305, 13.2954 5.315 -2.031, 13.2958 5.3348 -2.0335, 13.3296 5.315 -2.021, 13.3272 5.315 -2.0224, 13.3282 5.3348 -2.0247, 13.3583 5.315 -2.0036, 13.3559 5.315 -2.006, 13.3574 5.3348 -2.008, 13.3816 5.315 -1.9793, 13.3794 5.315 -1.9829, 13.3814 5.3348 -1.9845, 13.3978 5.315 -1.95, 13.3965 5.315 -1.9547, 13.3988 5.3348 -1.9557, 13.406 5.315 -1.9174, 13.4058 5.315 -1.9231, 13.4083 5.3348 -1.9235, 13.4055 5.315 -1.8839, 13.4069 5.315 -1.8901, 13.4094 5.3348 -1.8899, 13.3964 5.315 -1.8516, 13.3997 5.315 -1.858, 13.4021 5.3348 -1.8571, 13.148 5.3937 -2.0659, 13.1558 5.3937 -2.0709, 13.162 5.3929 -2.0623, 13.3976 5.3937 -2.0731, 13.4029 5.3937 -2.0684, 13.3965 5.3929 -2.0598, 13.4318 5.3937 -2.0429, 13.4404 5.3937 -2.0312, 13.4323 5.3929 -2.0248, 13.486 5.3937 -1.8933, 13.4844 5.3937 -1.8829, 13.474 5.3929 -1.8838, 13.4791 5.3937 -1.8481, 13.4726 5.3937 -1.8315, 13.463 5.3929 -1.8349, 13.1017 5.3869 -1.8855, 13.0998 5.3875 -1.8853, 13.0995 5.3877 -1.8894, 13.3567 5.3877 -1.7423, 13.3737 5.3638 -1.7912, 13.376 5.3246 -1.8166, 13.376 5.315 -1.8175, 13.3867 5.3348 -1.8272, 13.3797 5.315 -1.8224, 13.3846 5.315 -1.8286, 13.3922 5.352 -1.8234, 13.376 5.3348 -1.8133, 13.3986 5.3638 -1.819, 13.3833 5.3781 -1.7801, 13.3944 5.3877 -1.7673, 13.3639 5.3937 -1.7123, 13.365 5.3929 -1.7254, 13.3697 5.3937 -1.7158, 13.0698 5.3937 -1.8872, 13.0807 5.3929 -1.888, 13.0698 5.3937 -1.8824, 13.0811 5.3927 -1.8835, 13.0839 5.3924 -1.8838, 13.118 5.3771 -1.887, 13.1164 5.3781 -1.8906, 13.1275 5.3683 -1.8879, 13.131 5.3638 -1.8917, 13.1309 5.3635 -1.8883, 13.1388 5.352 -1.8922, 13.1391 5.3518 -1.889, 13.1454 5.3348 -1.8927, 13.1457 5.3348 -1.8897, 13.148 5.315 -1.8929, 13.1482 5.315 -1.8899, 13.1458 5.3346 -1.8897, 13.4067 5.3929 -1.7531, 13.4134 5.3937 -1.7453, 13.4037 5.3937 -1.7361, 13.4628 5.3937 -1.8063, 13.4401 5.3929 -1.7904, 13.4485 5.3937 -1.7847, 13.4377 5.3937 -1.7684, 13.4761 5.3937 -1.9673, 13.4826 5.3937 -1.9355, 13.4724 5.3929 -1.9339, 13.4853 5.3937 -1.9222, 13.4578 5.3937 -2.008, 13.4581 5.3929 -1.9819, 13.4676 5.3937 -1.986, 13.3143 5.3937 -2.1078, 13.358 5.3937 -2.0948, 13.353 5.3929 -2.0846, 13.2697 5.3937 -2.1108, 13.3062 5.3937 -2.1084, 13.3047 5.3929 -2.0978, 13.2244 5.3937 -2.1042, 13.2535 5.3937 -2.1084, 13.2546 5.3929 -2.0983, 13.1844 5.3937 -2.0891, 13.2023 5.3937 -2.0958, 13.206 5.3929 -2.0862, 13.116 5.3937 -2.0344, 13.0763 5.3937 -1.9583, 13.0892 5.3937 -1.9902, 13.0987 5.3929 -1.9857, 13.0932 5.3937 -2.0001, 13.0692 5.3937 -1.9164, 13.0835 5.3929 -1.938, 13.0732 5.3937 -1.9399, 13.4107 5.3781 -1.8107, 13.4246 5.3877 -1.8011, 13.1255 5.3929 -2.0281, 13.173 5.3877 -2.047, 13.14 5.3877 -2.0161, 13.1829 5.3781 -2.0333, 13.153 5.3781 -2.0053, 13.1916 5.3638 -2.0214, 13.1643 5.3638 -1.9959, 13.1961 5.352 -2.0151, 13.1703 5.352 -1.991, 13.2 5.3348 -2.0097, 13.1755 5.3348 -1.9867, 13.1158 5.3877 -1.9778, 13.102 5.3877 -1.9346, 13.1311 5.3781 -1.9706, 13.1186 5.3781 -1.9316, 13.1444 5.3638 -1.9644, 13.1331 5.3638 -1.9289, 13.1515 5.352 -1.9611, 13.1407 5.352 -1.9275, 13.1575 5.3348 -1.9583, 13.1473 5.3348 -1.9263, 13.4454 5.3877 -1.8414, 13.4295 5.3781 -1.8471, 13.4157 5.3638 -1.8522, 13.4084 5.352 -1.8548, 13.4553 5.3877 -1.8856, 13.4385 5.3781 -1.8871, 13.4238 5.3638 -1.8885, 13.4161 5.352 -1.8893, 13.4538 5.3877 -1.9308, 13.4371 5.3781 -1.9281, 13.4226 5.3638 -1.9258, 13.4149 5.352 -1.9246, 13.4409 5.3877 -1.9743, 13.4255 5.3781 -1.9675, 13.412 5.3638 -1.9615, 13.4049 5.352 -1.9584, 13.4176 5.3877 -2.0131, 13.4043 5.3781 -2.0026, 13.3928 5.3638 -1.9935, 13.3867 5.352 -1.9887, 13.3852 5.3877 -2.0448, 13.375 5.3781 -2.0313, 13.3661 5.3638 -2.0195, 13.3614 5.352 -2.0133, 13.3458 5.3877 -2.0673, 13.3394 5.3781 -2.0516, 13.3337 5.3638 -2.0381, 13.3308 5.352 -2.0309, 13.3021 5.3877 -2.0791, 13.2998 5.3781 -2.0624, 13.2978 5.3638 -2.0478, 13.2967 5.352 -2.0401, 13.2568 5.3877 -2.0796, 13.2588 5.3781 -2.0628, 13.2605 5.3638 -2.0482, 13.2614 5.352 -2.0405, 13.2128 5.3877 -2.0687, 13.219 5.3781 -2.0529, 13.2243 5.3638 -2.0392, 13.2271 5.352 -2.032, 13.2015 5.315 -2.0076, 13.2013 5.315 -2.0075, 13.1774 5.315 -1.9851, 13.1769 5.315 -1.9843, 13.1598 5.315 -1.9572, 13.1593 5.315 -1.9556, 13.1498 5.315 -1.9258, 13.1496 5.315 -1.9233, 13.1594 0.6102 -1.9181, 13.3563 0.6102 -1.9181, 13.1461 1.481 -1.9181, 13.1433 1.4812 -1.9181, 12.9117 1.6648 -1.9181, 12.9013 1.6879 -1.9181, 12.8839 1.3976 -1.9181, 13.0057 1.5436 -1.9181, 12.9944 1.5517 -1.9181, 12.9554 1.5914 -1.9181, 12.8885 1.7386 -1.9181, 12.8877 1.7417 -1.9181, 12.8839 1.7913 -1.9181, 13.0899 1.4958 -1.9181, 13.0723 1.5041 -1.9181, 13.0395 1.5196 -1.9181, 12.9509 1.5981 -1.9181, 12.9241 1.6372 -1.9181, 12.9252 1.2795 -2.1464, 13.3563 1.2795 -2.1464, 13.1594 0.6102 -2.0968, 13.3563 0.2165 -2.0677, 13.1594 0.2165 -2.0677, 13.3563 0.2165 -1.9496, 13.1594 0.2165 -1.9496, 9.928 4.1024 -1.8747, 9.8161 4.1024 -1.8747, 9.9281 4.118 -1.891, 9.816 4.118 -1.891, 9.9282 4.1272 -1.9006, 9.8159 4.1259 -1.8992, 9.9283 4.1394 -1.9081, 9.8158 4.1396 -1.9077, 9.9284 4.1531 -1.9167, 9.8156 4.1549 -1.9172, 9.9285 4.164 -1.9202, 9.8156 4.164 -1.9202, 9.8154 4.1854 -1.9272, 9.9287 4.1854 -1.9272, 9.8091 5.0404 -2.0993, 9.935 5.0404 -2.0993, 9.8091 4.9278 -2.0766, 9.935 4.9278 -2.0766, 9.8153 4.1971 -1.8693, 9.9288 4.1971 -1.8693, 9.8091 4.9278 -2.0164, 9.935 4.9278 -2.0164, 10.361 3.9843 -1.8747, 10.2492 3.9843 -1.8747, 10.3612 4.0004 -1.8915, 10.249 4.0004 -1.8915, 10.3612 4.0092 -1.9007, 10.249 4.0078 -1.8992, 10.3614 4.0226 -1.909, 10.2488 4.0229 -1.9086, 10.3615 4.0351 -1.9167, 10.2487 4.0365 -1.9171, 10.3616 4.0482 -1.921, 10.2486 4.0483 -1.9209, 10.3617 4.0667 -1.927, 10.2485 4.0689 -1.9275, 10.3618 4.0705 -1.9278, 10.2485 4.0705 -1.9278, 10.3681 4.8097 -2.0586, 10.2421 4.8097 -2.0586, 10.3681 5.0495 -2.101, 10.2421 5.0495 -2.101, 10.3681 4.8097 -1.9986, 10.2421 4.8097 -1.9986, 10.3619 4.0808 -1.8696, 10.2484 4.0808 -1.8696, 10.7941 4.1024 -1.8747, 10.6823 4.1024 -1.8747, 10.7942 4.118 -1.891, 10.6821 4.118 -1.891, 10.7943 4.1272 -1.9006, 10.682 4.1259 -1.8992, 10.7944 4.1394 -1.9081, 10.6819 4.1396 -1.9077, 10.7945 4.1531 -1.9167, 10.6818 4.1549 -1.9172, 10.7946 4.164 -1.9202, 10.6817 4.164 -1.9202, 10.6816 4.1854 -1.9272, 10.7948 4.1854 -1.9272, 10.6752 5.0404 -2.0993, 10.8012 5.0404 -2.0993, 10.6752 4.9278 -2.0766, 10.8012 4.9278 -2.0766, 10.6815 4.1971 -1.8693, 10.7949 4.1971 -1.8693, 10.6752 4.9278 -2.0164, 10.8012 4.9278 -2.0164, 11.2272 3.9843 -1.8747, 11.1153 3.9843 -1.8747, 11.2273 4.0004 -1.8915, 11.1152 4.0004 -1.8915, 11.2274 4.0092 -1.9007, 11.1151 4.0078 -1.8992, 11.2275 4.0226 -1.909, 11.115 4.0229 -1.9086, 11.2276 4.0351 -1.9167, 11.1149 4.0365 -1.9171, 11.2277 4.0482 -1.921, 11.1148 4.0483 -1.9209, 11.2279 4.0667 -1.927, 11.1146 4.0689 -1.9275, 11.2279 4.0705 -1.9278, 11.1146 4.0705 -1.9278, 11.1083 5.0495 -2.101, 11.2343 5.0495 -2.101, 11.1083 4.8097 -2.0586, 11.2343 4.8097 -2.0586, 11.1145 4.0808 -1.8696, 11.228 4.0808 -1.8696, 11.1083 4.8097 -1.9986, 11.2343 4.8097 -1.9986, 11.6602 4.1024 -1.8747, 11.5484 4.1024 -1.8747, 11.6604 4.118 -1.891, 11.5483 4.118 -1.891, 11.6605 4.1272 -1.9006, 11.5482 4.1259 -1.8992, 11.6606 4.1394 -1.9081, 11.5481 4.1396 -1.9077, 11.6607 4.1531 -1.9167, 11.5479 4.1549 -1.9172, 11.6608 4.164 -1.9202, 11.5479 4.164 -1.9202, 11.5477 4.1854 -1.9272, 11.661 4.1854 -1.9272, 11.5413 5.0404 -2.0993, 11.6673 5.0404 -2.0993, 11.5413 4.9278 -2.0766, 11.6673 4.9278 -2.0766, 11.5476 4.1971 -1.8693, 11.6611 4.1971 -1.8693, 11.5413 4.9278 -2.0164, 11.6673 4.9278 -2.0164, 12.0936 4.2205 -1.8747, 11.9812 4.2205 -1.8747, 12.0938 4.2415 -1.8966, 11.981 4.2416 -1.8966, 12.0938 4.2451 -1.9004, 11.9809 4.244 -1.8992, 12.0941 4.2708 -1.9159, 11.9807 4.2709 -1.9159, 12.0941 4.2743 -1.918, 11.9807 4.273 -1.9172, 12.0943 4.2993 -1.9262, 11.9805 4.2993 -1.9262, 11.9744 5.0285 -2.0967, 12.1004 5.0285 -2.0967, 11.9744 4.9672 -2.0824, 12.1004 4.9672 -2.0824, 11.9804 4.3128 -1.8687, 12.0944 4.3128 -1.8687, 11.9744 4.9672 -2.0217, 12.1004 4.9672 -2.0217, 12.5264 4.1024 -1.8747, 12.4146 4.1024 -1.8747, 12.5265 4.118 -1.891, 12.4144 4.118 -1.891, 12.5266 4.1272 -1.9006, 12.4143 4.1259 -1.8992, 12.5267 4.1394 -1.9081, 12.4142 4.1396 -1.9077, 12.5268 4.1531 -1.9167, 12.4141 4.1549 -1.9172, 12.5269 4.164 -1.9202, 12.414 4.164 -1.9202, 12.4138 4.1854 -1.9272, 12.5271 4.1854 -1.9272, 12.4075 5.0404 -2.0993, 12.5335 5.0404 -2.0993, 12.4075 4.9278 -2.0766, 12.5335 4.9278 -2.0766, 12.4137 4.1971 -1.8693, 12.5272 4.1971 -1.8693, 12.4075 4.9278 -2.0164, 12.5335 4.9278 -2.0164, 12.5335 4.9278 -2.0164
            ]
        }
        coordIndex [
            0,1,2,-1,2,1,3,-1,4,5,6,-1,7,8,9,-1,9,8,10,-1,11,12,13,-1,14,15,16,-1,16,15,17,-1,16,17,18,-1,19,20,21,-1,22,23,24,-1,25,26,27,-1,27,26,28,-1,29,30,31,-1,31,30,32,-1,32,33,31,-1,31,33,34,-1,31,34,35,-1,35,34,36,-1,35,36,37,-1,37,36,38,-1,39,40,41,-1,41,40,42,-1,43,21,44,-1,6,5,31,-1,31,5,45,-1,31,45,29,-1,23,46,24,-1,24,46,47,-1,24,47,48,-1,48,49,24,-1,24,49,50,-1,24,50,28,-1,28,50,51,-1,28,51,27,-1,52,53,54,-1,54,53,55,-1,54,55,25,-1,25,55,56,-1,25,56,26,-1,14,16,54,-1,54,16,57,-1,54,57,52,-1,58,59,36,-1,36,59,60,-1,36,60,38,-1,58,36,61,-1,61,36,62,-1,61,62,41,-1,41,62,63,-1,41,63,39,-1,42,64,41,-1,41,64,65,-1,41,65,44,-1,44,65,66,-1,44,66,67,-1,43,68,21,-1,21,68,69,-1,21,69,19,-1,70,71,72,-1,21,73,74,-1,21,74,24,-1,24,74,75,-1,24,75,22,-1,67,76,44,-1,44,76,77,-1,44,77,43,-1,78,79,73,-1,73,79,80,-1,73,80,81,-1,82,83,21,-1,21,83,84,-1,70,72,85,-1,86,87,81,-1,81,87,88,-1,81,88,73,-1,89,90,6,-1,6,90,91,-1,6,91,4,-1,92,21,93,-1,93,21,20,-1,93,20,94,-1,94,20,95,-1,96,97,21,-1,84,98,21,-1,21,98,99,-1,21,99,73,-1,73,99,100,-1,73,100,78,-1,96,21,101,-1,102,103,21,-1,21,103,104,-1,21,104,82,-1,18,105,16,-1,16,105,106,-1,16,106,72,-1,72,106,107,-1,72,107,85,-1,97,108,21,-1,21,108,109,-1,21,109,102,-1,102,109,110,-1,102,110,111,-1,112,113,114,-1,89,115,116,-1,116,115,117,-1,116,117,118,-1,118,117,119,-1,118,119,120,-1,120,119,121,-1,121,119,122,-1,121,122,20,-1,20,122,123,-1,20,123,95,-1,11,124,8,-1,8,124,125,-1,8,125,10,-1,126,127,72,-1,114,128,112,-1,112,128,129,-1,112,129,81,-1,81,129,130,-1,81,130,86,-1,131,132,115,-1,13,133,11,-1,11,133,134,-1,11,134,124,-1,124,134,135,-1,124,135,136,-1,136,135,137,-1,136,137,92,-1,92,137,21,-1,21,137,138,-1,21,138,101,-1,113,126,114,-1,114,126,72,-1,114,72,139,-1,139,72,71,-1,89,6,115,-1,115,6,140,-1,115,140,131,-1,141,142,143,-1,143,142,144,-1,143,144,145,-1,126,146,127,-1,127,146,147,-1,127,147,148,-1,148,147,149,-1,132,150,115,-1,115,150,151,-1,115,151,152,-1,153,154,141,-1,111,110,155,-1,155,110,156,-1,155,156,143,-1,143,156,157,-1,143,157,141,-1,141,157,158,-1,141,158,153,-1,154,159,141,-1,141,159,160,-1,141,160,161,-1,144,162,145,-1,145,162,163,-1,145,163,164,-1,164,163,165,-1,166,167,168,-1,168,167,169,-1,170,171,172,-1,173,174,175,-1,175,176,173,-1,173,176,177,-1,173,177,178,-1,179,180,181,-1,182,183,184,-1,185,186,174,-1,174,186,187,-1,174,187,175,-1,188,189,190,-1,191,192,193,-1,194,195,196,-1,197,198,199,-1,200,201,202,-1,202,201,203,-1,204,194,205,-1,206,207,189,-1,197,199,208,-1,183,209,184,-1,184,209,210,-1,184,210,211,-1,212,208,213,-1,213,208,214,-1,205,215,204,-1,204,215,216,-1,204,216,217,-1,188,190,218,-1,190,219,173,-1,173,219,220,-1,173,220,193,-1,193,220,221,-1,193,221,191,-1,192,222,193,-1,193,222,223,-1,193,223,224,-1,225,226,227,-1,227,226,228,-1,229,230,204,-1,231,232,194,-1,194,232,233,-1,194,233,195,-1,198,234,199,-1,199,234,235,-1,199,235,236,-1,237,238,239,-1,239,238,240,-1,239,240,241,-1,241,242,239,-1,239,242,243,-1,239,243,244,-1,244,243,245,-1,244,245,246,-1,246,245,247,-1,246,247,248,-1,248,247,249,-1,250,251,174,-1,174,251,252,-1,174,252,184,-1,184,252,253,-1,184,253,182,-1,212,254,208,-1,208,254,255,-1,208,255,202,-1,202,255,256,-1,202,256,200,-1,178,257,173,-1,173,257,258,-1,173,258,259,-1,207,260,189,-1,189,260,261,-1,189,261,190,-1,262,263,264,-1,264,263,265,-1,264,265,204,-1,204,265,266,-1,204,266,229,-1,180,267,181,-1,181,267,268,-1,181,268,269,-1,214,208,270,-1,270,208,199,-1,270,199,271,-1,184,272,174,-1,174,272,273,-1,174,273,274,-1,224,275,193,-1,193,275,276,-1,193,276,228,-1,228,276,277,-1,228,277,227,-1,278,279,280,-1,280,279,281,-1,280,281,225,-1,225,281,282,-1,225,282,226,-1,179,181,280,-1,280,181,283,-1,280,283,278,-1,284,285,286,-1,286,285,262,-1,170,287,167,-1,167,287,288,-1,167,288,169,-1,230,289,204,-1,204,289,290,-1,204,290,194,-1,194,290,291,-1,194,291,231,-1,236,292,199,-1,199,292,293,-1,199,293,239,-1,239,293,294,-1,239,294,237,-1,249,295,248,-1,248,295,296,-1,248,296,297,-1,259,298,173,-1,173,298,299,-1,173,299,190,-1,190,299,300,-1,190,300,218,-1,217,301,204,-1,204,301,302,-1,204,302,189,-1,189,302,303,-1,189,303,206,-1,304,305,306,-1,172,307,170,-1,170,307,308,-1,170,308,287,-1,287,308,309,-1,287,309,310,-1,310,309,311,-1,310,311,291,-1,291,311,312,-1,291,312,231,-1,196,313,194,-1,194,313,314,-1,194,314,315,-1,315,314,316,-1,315,316,268,-1,211,317,184,-1,184,317,202,-1,184,202,318,-1,274,319,174,-1,174,319,320,-1,174,320,185,-1,262,285,263,-1,263,285,321,-1,263,321,306,-1,306,321,322,-1,306,322,304,-1,323,324,318,-1,305,325,306,-1,306,325,326,-1,306,326,327,-1,328,329,269,-1,203,330,202,-1,202,330,331,-1,202,331,318,-1,318,331,332,-1,318,332,323,-1,286,333,284,-1,284,333,334,-1,284,334,335,-1,335,334,336,-1,268,316,269,-1,269,316,337,-1,269,337,328,-1,324,338,318,-1,318,338,339,-1,318,339,340,-1,329,341,269,-1,269,341,342,-1,269,342,343,-1,344,174,345,-1,345,174,173,-1,345,173,346,-1,346,173,347,-1,346,347,348,-1,348,347,349,-1,348,349,350,-1,350,349,351,-1,350,351,352,-1,352,351,353,-1,352,353,354,-1,354,353,355,-1,354,355,356,-1,356,355,357,-1,356,357,358,-1,358,357,359,-1,358,359,360,-1,360,359,361,-1,360,361,362,-1,362,361,363,-1,362,363,364,-1,364,363,365,-1,364,365,366,-1,366,365,367,-1,366,367,368,-1,368,367,369,-1,368,369,370,-1,370,369,371,-1,372,373,374,-1,375,376,377,-1,374,373,378,-1,373,379,378,-1,378,379,380,-1,378,380,377,-1,377,380,381,-1,377,381,375,-1,382,383,374,-1,374,383,384,-1,374,384,372,-1,385,386,387,-1,387,386,388,-1,387,388,389,-1,385,390,386,-1,386,390,391,-1,386,391,382,-1,382,391,392,-1,382,392,383,-1,393,394,377,-1,395,396,376,-1,396,397,376,-1,376,397,398,-1,376,398,377,-1,377,398,399,-1,377,399,393,-1,246,400,244,-1,244,400,401,-1,244,401,402,-1,402,401,403,-1,402,403,404,-1,404,403,405,-1,404,405,406,-1,406,405,407,-1,406,407,408,-1,407,409,408,-1,408,409,410,-1,408,410,376,-1,376,410,411,-1,376,411,395,-1,412,413,414,-1,413,412,199,-1,415,416,417,-1,417,416,418,-1,416,419,418,-1,418,419,420,-1,418,420,421,-1,420,422,421,-1,421,422,423,-1,421,423,424,-1,424,423,425,-1,424,425,426,-1,425,427,426,-1,426,427,428,-1,426,428,414,-1,414,428,429,-1,414,429,412,-1,412,429,430,-1,431,432,415,-1,432,433,415,-1,415,433,434,-1,415,434,435,-1,417,436,415,-1,415,436,437,-1,415,437,438,-1,438,439,415,-1,415,439,440,-1,415,440,441,-1,441,442,415,-1,415,442,443,-1,415,443,431,-1,435,444,415,-1,415,444,445,-1,415,445,446,-1,446,445,447,-1,445,448,447,-1,447,448,449,-1,447,449,450,-1,450,449,451,-1,450,451,452,-1,444,435,453,-1,453,435,454,-1,436,455,456,-1,435,434,454,-1,454,434,433,-1,454,433,457,-1,433,432,457,-1,457,432,431,-1,457,431,458,-1,431,443,458,-1,458,443,442,-1,458,442,459,-1,442,441,459,-1,459,441,440,-1,459,440,460,-1,440,439,460,-1,460,439,438,-1,460,438,456,-1,456,438,437,-1,456,437,436,-1,455,461,453,-1,453,461,462,-1,461,463,462,-1,462,463,464,-1,462,464,465,-1,455,453,456,-1,456,453,454,-1,456,454,457,-1,457,458,456,-1,456,458,459,-1,456,459,460,-1,466,467,468,-1,468,467,469,-1,468,469,465,-1,465,469,470,-1,465,470,462,-1,471,472,473,-1,471,473,474,-1,473,475,474,-1,474,475,476,-1,474,476,477,-1,476,478,477,-1,477,478,479,-1,477,479,480,-1,463,461,481,-1,481,461,482,-1,481,482,483,-1,483,482,480,-1,483,480,484,-1,484,480,479,-1,485,472,486,-1,486,472,471,-1,344,345,487,-1,488,489,490,-1,491,492,493,-1,493,492,494,-1,493,494,495,-1,496,497,498,-1,499,500,501,-1,501,500,502,-1,501,502,503,-1,504,505,506,-1,507,508,486,-1,509,510,487,-1,487,510,511,-1,487,511,512,-1,513,514,488,-1,496,498,515,-1,516,517,518,-1,519,520,400,-1,400,520,521,-1,400,521,401,-1,401,521,522,-1,401,522,493,-1,493,522,523,-1,493,523,491,-1,497,524,498,-1,498,524,525,-1,498,525,526,-1,526,525,527,-1,526,527,528,-1,528,529,526,-1,526,529,530,-1,526,530,531,-1,531,530,532,-1,531,532,533,-1,533,532,501,-1,533,501,534,-1,534,501,503,-1,504,506,535,-1,506,536,487,-1,487,536,537,-1,487,537,538,-1,539,540,486,-1,541,542,543,-1,501,544,499,-1,499,544,545,-1,499,545,487,-1,487,545,546,-1,487,546,509,-1,512,547,487,-1,487,547,548,-1,487,548,549,-1,518,543,505,-1,505,543,550,-1,505,550,551,-1,551,552,505,-1,505,552,553,-1,505,553,506,-1,554,555,556,-1,519,557,520,-1,520,557,558,-1,520,558,559,-1,549,560,487,-1,487,560,561,-1,487,561,506,-1,506,561,562,-1,506,562,535,-1,563,564,565,-1,565,564,566,-1,566,567,565,-1,565,567,568,-1,565,568,569,-1,569,568,570,-1,569,570,571,-1,571,570,572,-1,490,344,488,-1,488,344,487,-1,488,487,513,-1,513,487,538,-1,540,573,486,-1,486,573,574,-1,486,574,507,-1,575,576,577,-1,515,578,579,-1,579,578,580,-1,579,580,581,-1,581,580,582,-1,581,582,583,-1,583,582,584,-1,584,582,585,-1,584,585,518,-1,518,585,586,-1,518,586,516,-1,587,588,518,-1,518,588,589,-1,541,543,590,-1,514,513,570,-1,570,513,591,-1,570,591,572,-1,576,592,577,-1,577,592,593,-1,577,593,594,-1,554,556,595,-1,596,597,578,-1,589,598,518,-1,518,598,599,-1,518,599,543,-1,543,599,600,-1,543,600,590,-1,495,601,493,-1,493,601,602,-1,493,602,486,-1,486,602,603,-1,486,603,539,-1,565,604,563,-1,563,604,605,-1,563,605,606,-1,594,607,577,-1,577,607,608,-1,577,608,556,-1,556,608,609,-1,556,609,595,-1,555,610,556,-1,556,610,611,-1,556,611,508,-1,515,498,578,-1,578,498,612,-1,578,612,596,-1,517,613,518,-1,518,613,614,-1,518,614,587,-1,587,614,615,-1,508,611,486,-1,486,611,616,-1,486,616,485,-1,597,617,578,-1,578,617,618,-1,578,618,619,-1,620,621,622,-1,622,621,623,-1,622,623,624,-1,625,626,627,-1,627,626,628,-1,627,628,629,-1,629,628,630,-1,629,630,631,-1,631,630,587,-1,631,587,632,-1,632,587,615,-1,633,634,575,-1,635,636,620,-1,606,637,563,-1,563,637,638,-1,563,638,577,-1,577,638,639,-1,577,639,575,-1,575,639,640,-1,575,640,633,-1,606,641,637,-1,637,641,642,-1,637,642,643,-1,643,642,644,-1,542,645,543,-1,543,645,646,-1,543,646,622,-1,622,646,647,-1,622,647,620,-1,620,647,648,-1,620,648,635,-1,634,649,575,-1,575,649,650,-1,575,650,651,-1,636,652,620,-1,620,652,653,-1,620,653,654,-1,623,655,624,-1,624,655,656,-1,624,656,657,-1,657,656,658,-1,659,660,661,-1,659,661,662,-1,662,661,663,-1,662,663,664,-1,664,663,665,-1,664,665,666,-1,666,665,667,-1,666,667,668,-1,668,667,669,-1,668,669,670,-1,670,669,671,-1,670,671,672,-1,672,671,673,-1,672,673,674,-1,675,676,677,-1,678,679,680,-1,680,679,681,-1,680,681,682,-1,682,683,680,-1,680,683,684,-1,680,684,675,-1,680,685,673,-1,686,685,687,-1,687,685,680,-1,687,680,688,-1,688,680,689,-1,675,677,680,-1,680,677,690,-1,680,690,689,-1,671,661,673,-1,673,661,660,-1,673,660,680,-1,671,669,661,-1,661,669,667,-1,661,667,663,-1,663,667,665,-1,685,686,691,-1,691,686,692,-1,679,693,694,-1,686,687,692,-1,692,687,688,-1,692,688,695,-1,688,689,695,-1,695,689,690,-1,695,690,696,-1,690,677,696,-1,696,677,676,-1,696,676,697,-1,676,675,697,-1,697,675,684,-1,697,684,698,-1,684,683,698,-1,698,683,682,-1,698,682,694,-1,694,682,681,-1,694,681,679,-1,699,700,701,-1,701,700,702,-1,701,702,703,-1,703,702,704,-1,703,704,705,-1,705,704,706,-1,705,706,707,-1,707,706,708,-1,707,708,709,-1,709,708,710,-1,709,710,711,-1,711,710,712,-1,711,712,713,-1,713,712,714,-1,714,715,713,-1,713,715,716,-1,717,718,719,-1,717,719,720,-1,720,719,721,-1,720,721,722,-1,722,721,723,-1,722,723,724,-1,724,723,725,-1,724,725,726,-1,726,725,727,-1,726,727,728,-1,728,727,729,-1,728,729,730,-1,730,729,716,-1,730,716,715,-1,731,732,718,-1,733,734,718,-1,718,717,735,-1,734,736,718,-1,718,736,737,-1,718,737,731,-1,735,738,718,-1,718,738,739,-1,718,739,740,-1,740,741,718,-1,718,741,742,-1,718,742,733,-1,732,743,718,-1,718,743,744,-1,718,744,745,-1,745,744,746,-1,745,746,747,-1,747,746,748,-1,747,748,749,-1,749,750,747,-1,747,750,751,-1,747,751,752,-1,744,743,753,-1,753,743,754,-1,738,735,755,-1,755,735,756,-1,743,732,754,-1,754,732,731,-1,754,731,757,-1,731,737,757,-1,757,737,736,-1,757,736,758,-1,736,734,758,-1,758,734,733,-1,758,733,759,-1,733,742,759,-1,759,742,741,-1,759,741,760,-1,760,741,740,-1,760,740,755,-1,755,740,739,-1,755,739,738,-1,761,762,756,-1,756,762,763,-1,764,763,765,-1,763,764,756,-1,756,764,753,-1,756,753,755,-1,755,753,754,-1,755,754,757,-1,766,765,767,-1,767,765,768,-1,766,769,765,-1,765,769,770,-1,765,770,764,-1,758,759,757,-1,757,759,760,-1,757,760,755,-1,762,761,771,-1,771,761,772,-1,771,772,773,-1,773,772,774,-1,773,774,775,-1,775,774,776,-1,775,776,777,-1,777,776,778,-1,777,778,779,-1,779,778,780,-1,779,780,781,-1,781,780,782,-1,781,782,783,-1,783,782,784,-1,784,785,783,-1,783,785,786,-1,703,705,787,-1,707,788,705,-1,705,788,789,-1,705,789,787,-1,709,790,707,-1,707,790,791,-1,707,791,788,-1,711,792,709,-1,709,792,793,-1,709,793,790,-1,794,699,795,-1,795,699,701,-1,787,796,703,-1,703,796,797,-1,703,797,701,-1,701,797,798,-1,701,798,795,-1,745,763,718,-1,718,763,762,-1,718,762,719,-1,719,762,771,-1,719,771,721,-1,721,771,773,-1,721,773,723,-1,723,773,775,-1,723,775,725,-1,725,775,777,-1,725,777,727,-1,727,777,779,-1,727,779,729,-1,729,779,781,-1,729,781,716,-1,716,781,783,-1,716,783,713,-1,713,783,786,-1,713,786,711,-1,711,786,799,-1,711,799,792,-1,800,801,802,-1,802,801,803,-1,802,803,804,-1,804,803,805,-1,800,802,806,-1,806,802,807,-1,800,806,801,-1,801,806,808,-1,803,801,809,-1,809,801,808,-1,810,811,812,-1,812,811,813,-1,814,810,815,-1,815,810,812,-1,815,812,816,-1,816,812,817,-1,818,819,820,-1,820,819,821,-1,822,819,823,-1,823,819,818,-1,824,825,826,-1,827,828,829,-1,830,831,832,-1,832,831,833,-1,832,833,834,-1,835,836,837,-1,837,836,838,-1,839,840,841,-1,839,824,840,-1,840,824,826,-1,840,826,829,-1,829,826,842,-1,829,842,827,-1,827,842,843,-1,827,843,844,-1,844,843,823,-1,844,823,845,-1,845,823,818,-1,845,818,846,-1,847,837,848,-1,848,837,838,-1,848,838,841,-1,841,838,832,-1,841,832,839,-1,839,832,834,-1,839,834,849,-1,850,851,852,-1,852,851,853,-1,854,851,855,-1,855,851,850,-1,856,857,858,-1,858,857,859,-1,858,859,860,-1,861,862,863,-1,863,862,864,-1,865,866,867,-1,865,867,868,-1,868,867,855,-1,868,855,869,-1,869,855,850,-1,869,850,870,-1,871,872,873,-1,873,872,874,-1,873,874,865,-1,865,874,875,-1,865,875,866,-1,876,877,872,-1,872,877,878,-1,872,878,874,-1,879,863,880,-1,880,863,864,-1,880,864,876,-1,876,864,858,-1,876,858,877,-1,877,858,860,-1,877,860,881,-1,882,883,884,-1,884,883,885,-1,886,887,883,-1,882,888,889,-1,890,891,892,-1,892,891,893,-1,892,893,894,-1,895,896,897,-1,897,896,898,-1,899,900,901,-1,901,900,902,-1,903,901,904,-1,904,901,902,-1,904,902,905,-1,905,902,906,-1,883,882,886,-1,886,882,889,-1,886,889,907,-1,907,889,908,-1,907,908,899,-1,899,908,909,-1,899,909,900,-1,900,909,910,-1,911,897,912,-1,912,897,898,-1,912,898,906,-1,906,898,892,-1,906,892,905,-1,905,892,894,-1,905,894,913,-1,914,915,916,-1,916,915,917,-1,918,915,919,-1,919,915,914,-1,920,921,922,-1,923,924,925,-1,925,924,926,-1,927,928,929,-1,930,931,932,-1,932,931,933,-1,932,933,934,-1,935,936,937,-1,935,920,936,-1,936,920,922,-1,936,922,929,-1,929,922,938,-1,929,938,927,-1,927,938,939,-1,927,939,940,-1,940,939,919,-1,940,919,941,-1,941,919,914,-1,941,914,942,-1,943,925,944,-1,944,925,926,-1,944,926,937,-1,937,926,932,-1,937,932,935,-1,935,932,934,-1,935,934,945,-1,946,947,948,-1,948,947,949,-1,950,947,951,-1,951,947,946,-1,952,953,954,-1,955,956,957,-1,957,956,958,-1,957,958,959,-1,960,961,962,-1,962,961,963,-1,964,965,954,-1,954,965,966,-1,954,966,952,-1,952,966,967,-1,952,967,968,-1,968,967,951,-1,968,951,969,-1,969,951,946,-1,969,946,970,-1,971,965,972,-1,972,965,964,-1,972,964,973,-1,973,964,974,-1,975,962,976,-1,976,962,963,-1,976,963,974,-1,974,963,957,-1,974,957,973,-1,973,957,959,-1,973,959,977,-1,978,979,980,-1,980,979,981,-1,982,983,979,-1,978,984,985,-1,986,987,988,-1,988,987,989,-1,988,989,990,-1,991,992,993,-1,993,992,994,-1,995,996,997,-1,997,996,998,-1,999,997,1000,-1,1000,997,998,-1,1000,998,1001,-1,1001,998,1002,-1,979,978,982,-1,982,978,985,-1,982,985,1003,-1,1003,985,1004,-1,1003,1004,995,-1,995,1004,1005,-1,995,1005,996,-1,996,1005,1006,-1,1007,993,1008,-1,1008,993,994,-1,1008,994,1002,-1,1002,994,988,-1,1002,988,1001,-1,1001,988,990,-1,1001,990,1009,-1,1010,1011,1012,-1,1012,1011,1013,-1,1014,1011,1015,-1,1015,1011,1010,-1,1016,1017,1018,-1,1019,1020,1021,-1,1022,1023,1024,-1,1024,1023,1025,-1,1024,1025,1026,-1,1027,1028,1029,-1,1029,1028,1030,-1,1031,1032,1033,-1,1031,1016,1032,-1,1032,1016,1018,-1,1032,1018,1021,-1,1021,1018,1034,-1,1021,1034,1019,-1,1019,1034,1035,-1,1019,1035,1036,-1,1036,1035,1015,-1,1036,1015,1037,-1,1037,1015,1010,-1,1037,1010,1038,-1,1039,1029,1040,-1,1040,1029,1030,-1,1040,1030,1033,-1,1033,1030,1024,-1,1033,1024,1031,-1,1031,1024,1026,-1,1031,1026,1041,-1,1042,1043,1044,-1,1044,1043,1045,-1,1042,1044,1046,-1,1046,1044,1047,-1,1046,1047,1048,-1,1048,1047,1049,-1,1049,1047,1050,-1,1049,1050,1051,-1,1051,1050,1052,-1,1052,1050,1053,-1,1052,1053,1054,-1,1054,1053,1055,-1,1055,1053,1056,-1,1055,1056,1057,-1,1057,1056,1058,-1,1058,1056,1059,-1,1058,1059,1060,-1,1060,1059,1061,-1,1061,1059,1062,-1,1061,1062,1063,-1,1063,1062,1064,-1,1063,1064,1065,-1,1066,1067,1068,-1,1068,1067,1069,-1,1068,1069,1070,-1,1070,1069,1071,-1,1072,1073,250,-1,1074,1075,1067,-1,1067,1075,1076,-1,1067,1076,1069,-1,1069,1076,1077,-1,1069,1077,1071,-1,1071,1077,1078,-1,1071,1078,1079,-1,1080,1072,490,-1,490,1072,250,-1,490,250,344,-1,344,250,174,-1,1073,1081,250,-1,250,1081,1078,-1,250,1078,1082,-1,1082,1078,1077,-1,1076,1075,1083,-1,1084,1085,1083,-1,1083,1085,1086,-1,1083,1086,1076,-1,1084,1083,1087,-1,1088,1089,1090,-1,1090,1089,1091,-1,1090,1091,1092,-1,1092,1091,1093,-1,1092,1093,1094,-1,1094,1093,1095,-1,1094,1095,1096,-1,1096,1095,1097,-1,1096,1097,1098,-1,1098,1097,1099,-1,1100,1101,1102,-1,1102,1101,1103,-1,1102,1103,1104,-1,1104,1103,1105,-1,1104,1105,1106,-1,1106,1105,1107,-1,1106,1107,1108,-1,1108,1107,1109,-1,1110,1111,1112,-1,1112,1111,1109,-1,1112,1109,1113,-1,1113,1109,1107,-1,1113,1107,1114,-1,1114,1107,1105,-1,1114,1105,1115,-1,1115,1105,1103,-1,1115,1103,1116,-1,1116,1103,1101,-1,1116,1101,1117,-1,1117,1101,1118,-1,1117,1118,1119,-1,1119,1120,1117,-1,1121,1122,1123,-1,1123,1122,1124,-1,1124,1116,1123,-1,1123,1116,1117,-1,1123,1117,1120,-1,1125,1126,1127,-1,1127,1126,1128,-1,1127,1128,1129,-1,1129,1128,1130,-1,1131,1132,1089,-1,1089,1132,1133,-1,1089,1133,1091,-1,1091,1133,1134,-1,1091,1134,1093,-1,1093,1134,1135,-1,1093,1135,1095,-1,1095,1135,1136,-1,1095,1136,1097,-1,1097,1136,1137,-1,1097,1137,1099,-1,1099,1137,1126,-1,1099,1126,1138,-1,1138,1126,1125,-1,1139,1140,1141,-1,1141,1140,1142,-1,1141,1142,1143,-1,1144,1145,1146,-1,1147,1148,1149,-1,1149,1148,1150,-1,1149,1150,1151,-1,1151,1150,1152,-1,1151,1152,1146,-1,1146,1152,1153,-1,1146,1153,1144,-1,1154,1155,1156,-1,1156,1155,1157,-1,1156,1157,1158,-1,1145,1144,1158,-1,1158,1144,1159,-1,1158,1159,1156,-1,1154,1156,1160,-1,1160,1156,1161,-1,1160,1161,1162,-1,1162,1161,1163,-1,1162,1163,1164,-1,1164,1163,1165,-1,1164,1165,1166,-1,1166,1165,1167,-1,1166,1167,1168,-1,1139,1169,1140,-1,1140,1169,1170,-1,1140,1170,1171,-1,1168,1167,1171,-1,1171,1167,1172,-1,1171,1172,1140,-1,1173,1174,1175,-1,1175,1174,1176,-1,1175,1176,1177,-1,1177,1176,1178,-1,1177,1178,1179,-1,1179,1178,1180,-1,1179,1180,1181,-1,1181,1180,1182,-1,1181,1182,1183,-1,1183,1182,1184,-1,1185,1186,1187,-1,1187,1186,1188,-1,1189,1190,1191,-1,1185,1192,1186,-1,1186,1192,1193,-1,1186,1193,1191,-1,1190,1194,1191,-1,1191,1194,1195,-1,1191,1195,1186,-1,1188,1196,1187,-1,1187,1196,1197,-1,1187,1197,1198,-1,1198,1199,1187,-1,1187,1199,1200,-1,1187,1200,1201,-1,1202,1203,1204,-1,1201,1205,1187,-1,1187,1205,1206,-1,1187,1206,1207,-1,1207,1208,1187,-1,1187,1208,1209,-1,1187,1209,1210,-1,1202,1204,1210,-1,1210,1204,1211,-1,1210,1211,1212,-1,1212,1213,1210,-1,1210,1213,1214,-1,1210,1214,1187,-1,1215,1216,1191,-1,1191,1216,1217,-1,1218,1215,1219,-1,1219,1215,1191,-1,1219,1191,1220,-1,1220,1191,1221,-1,1217,1222,1191,-1,1191,1222,1223,-1,1191,1223,1224,-1,1224,1225,1191,-1,1191,1225,1226,-1,1191,1226,1189,-1,1227,1228,1229,-1,1230,1231,1232,-1,1233,1234,1235,-1,1236,1237,1238,-1,1239,1240,1241,-1,1242,1243,1244,-1,1245,1246,1247,-1,1248,1249,1250,-1,1251,1252,1253,-1,1254,1255,1256,-1,1257,1258,1259,-1,1260,1261,1262,-1,1263,1264,1265,-1,1266,1267,1268,-1,1269,1270,1271,-1,1272,1273,1274,-1,1157,1155,1275,-1,1168,1171,1276,-1,1277,1278,1279,-1,1279,1278,1280,-1,1279,1280,1281,-1,1282,1169,1139,-1,1139,1141,1282,-1,1282,1141,1143,-1,1282,1143,1279,-1,1279,1143,1283,-1,1279,1283,1277,-1,1169,1282,1170,-1,1170,1282,1284,-1,1170,1284,1171,-1,1160,1162,1285,-1,1285,1162,1164,-1,1285,1164,1276,-1,1276,1164,1166,-1,1276,1166,1168,-1,1160,1285,1154,-1,1154,1285,1286,-1,1154,1286,1155,-1,1287,1147,1149,-1,1288,1289,1287,-1,1149,1151,1287,-1,1287,1151,1146,-1,1287,1146,1288,-1,1288,1146,1145,-1,1288,1145,1275,-1,1275,1145,1158,-1,1275,1158,1157,-1,1290,1291,1292,-1,1292,1291,1293,-1,1274,1273,1291,-1,1291,1273,1294,-1,1291,1294,1293,-1,1272,1274,1295,-1,1295,1274,1296,-1,1295,1296,1297,-1,1297,1296,1298,-1,1297,1298,1299,-1,1299,1298,1300,-1,1299,1300,1301,-1,1301,1300,1302,-1,1301,1302,1303,-1,1304,1305,1302,-1,1302,1305,1306,-1,1302,1306,1303,-1,1307,1308,1309,-1,1270,1310,1311,-1,1311,1310,1312,-1,1311,1312,1313,-1,1269,1271,1267,-1,1314,1315,1316,-1,1316,1315,1317,-1,1266,1268,1317,-1,1264,1318,1319,-1,1319,1318,1320,-1,1319,1320,1314,-1,1263,1265,1261,-1,1321,1322,1323,-1,1323,1322,1260,-1,1324,1325,1326,-1,1326,1325,1321,-1,1327,1328,1329,-1,1329,1328,1324,-1,1330,1331,1332,-1,1332,1331,1327,-1,1257,1259,1333,-1,1334,1335,1336,-1,1336,1335,1337,-1,1290,1338,1339,-1,1339,1338,1340,-1,1339,1340,1334,-1,1155,1286,1275,-1,1275,1286,1307,-1,1275,1307,1288,-1,1288,1307,1309,-1,1288,1309,1289,-1,1171,1284,1276,-1,1276,1284,1341,-1,1276,1341,1285,-1,1285,1341,1342,-1,1285,1342,1286,-1,1286,1342,1311,-1,1286,1311,1307,-1,1307,1311,1313,-1,1307,1313,1308,-1,1333,1259,1343,-1,1343,1259,1344,-1,1343,1344,1345,-1,1345,1344,1346,-1,1345,1346,1347,-1,1347,1346,1348,-1,1347,1348,1349,-1,1349,1348,1350,-1,1349,1350,1351,-1,1351,1350,1352,-1,1351,1352,1353,-1,1334,1336,1339,-1,1339,1336,1354,-1,1339,1354,1355,-1,1355,1354,1356,-1,1355,1356,1357,-1,1357,1356,1358,-1,1357,1358,1359,-1,1359,1358,1360,-1,1359,1360,1361,-1,1361,1360,1362,-1,1361,1362,1363,-1,1270,1311,1271,-1,1271,1311,1342,-1,1271,1342,1364,-1,1364,1342,1341,-1,1364,1341,1365,-1,1365,1341,1284,-1,1365,1284,1366,-1,1366,1284,1282,-1,1366,1282,1367,-1,1367,1282,1279,-1,1367,1279,1256,-1,1256,1279,1281,-1,1256,1281,1254,-1,1267,1271,1268,-1,1268,1271,1364,-1,1268,1364,1368,-1,1368,1364,1365,-1,1368,1365,1369,-1,1369,1365,1366,-1,1369,1366,1370,-1,1370,1366,1367,-1,1370,1367,1371,-1,1371,1367,1256,-1,1371,1256,1253,-1,1253,1256,1255,-1,1253,1255,1251,-1,1317,1268,1316,-1,1316,1268,1368,-1,1316,1368,1372,-1,1372,1368,1369,-1,1372,1369,1373,-1,1373,1369,1370,-1,1373,1370,1374,-1,1374,1370,1371,-1,1374,1371,1375,-1,1375,1371,1253,-1,1375,1253,1250,-1,1250,1253,1252,-1,1250,1252,1248,-1,1314,1316,1319,-1,1319,1316,1372,-1,1319,1372,1376,-1,1376,1372,1373,-1,1376,1373,1377,-1,1377,1373,1374,-1,1377,1374,1378,-1,1378,1374,1375,-1,1378,1375,1379,-1,1379,1375,1250,-1,1379,1250,1247,-1,1247,1250,1249,-1,1247,1249,1245,-1,1264,1319,1265,-1,1265,1319,1376,-1,1265,1376,1380,-1,1380,1376,1377,-1,1380,1377,1381,-1,1381,1377,1378,-1,1381,1378,1382,-1,1382,1378,1379,-1,1382,1379,1383,-1,1383,1379,1247,-1,1383,1247,1244,-1,1244,1247,1246,-1,1244,1246,1242,-1,1261,1265,1262,-1,1262,1265,1380,-1,1262,1380,1384,-1,1384,1380,1381,-1,1384,1381,1385,-1,1385,1381,1382,-1,1385,1382,1386,-1,1386,1382,1383,-1,1386,1383,1387,-1,1387,1383,1244,-1,1387,1244,1241,-1,1241,1244,1243,-1,1241,1243,1239,-1,1260,1262,1323,-1,1323,1262,1384,-1,1323,1384,1388,-1,1388,1384,1385,-1,1388,1385,1389,-1,1389,1385,1386,-1,1389,1386,1390,-1,1390,1386,1387,-1,1390,1387,1391,-1,1391,1387,1241,-1,1391,1241,1238,-1,1238,1241,1240,-1,1238,1240,1236,-1,1321,1323,1326,-1,1326,1323,1388,-1,1326,1388,1392,-1,1392,1388,1389,-1,1392,1389,1393,-1,1393,1389,1390,-1,1393,1390,1394,-1,1394,1390,1391,-1,1394,1391,1395,-1,1395,1391,1238,-1,1395,1238,1235,-1,1235,1238,1237,-1,1235,1237,1233,-1,1324,1326,1329,-1,1329,1326,1392,-1,1329,1392,1396,-1,1396,1392,1393,-1,1396,1393,1397,-1,1397,1393,1394,-1,1397,1394,1398,-1,1398,1394,1395,-1,1398,1395,1399,-1,1399,1395,1235,-1,1399,1235,1232,-1,1232,1235,1234,-1,1232,1234,1230,-1,1327,1329,1332,-1,1332,1329,1396,-1,1332,1396,1400,-1,1400,1396,1397,-1,1400,1397,1401,-1,1401,1397,1398,-1,1401,1398,1402,-1,1402,1398,1399,-1,1402,1399,1403,-1,1403,1399,1232,-1,1403,1232,1229,-1,1229,1232,1231,-1,1229,1231,1227,-1,1228,1352,1229,-1,1229,1352,1350,-1,1229,1350,1403,-1,1403,1350,1348,-1,1403,1348,1402,-1,1402,1348,1346,-1,1402,1346,1401,-1,1401,1346,1344,-1,1401,1344,1400,-1,1400,1344,1259,-1,1400,1259,1332,-1,1332,1259,1258,-1,1332,1258,1330,-1,1228,1404,1352,-1,1352,1404,1405,-1,1352,1405,1353,-1,1353,1405,1406,-1,1353,1406,1407,-1,1407,1362,1353,-1,1353,1362,1360,-1,1353,1360,1351,-1,1351,1360,1358,-1,1351,1358,1349,-1,1349,1358,1356,-1,1349,1356,1347,-1,1347,1356,1354,-1,1347,1354,1345,-1,1345,1354,1336,-1,1345,1336,1343,-1,1343,1336,1337,-1,1343,1337,1333,-1,1407,1408,1362,-1,1362,1408,1409,-1,1362,1409,1363,-1,1363,1409,1410,-1,1363,1410,1411,-1,1290,1339,1291,-1,1291,1339,1355,-1,1291,1355,1274,-1,1274,1355,1357,-1,1274,1357,1296,-1,1296,1357,1359,-1,1296,1359,1298,-1,1298,1359,1361,-1,1298,1361,1300,-1,1300,1361,1363,-1,1300,1363,1302,-1,1302,1363,1411,-1,1302,1411,1304,-1,1412,1413,815,-1,815,816,1412,-1,1412,816,1414,-1,1412,1414,1415,-1,1416,1417,1418,-1,1419,1420,1418,-1,1418,1420,1421,-1,1417,1422,1418,-1,1418,1422,1423,-1,1418,1423,1424,-1,1415,1425,1412,-1,1412,1425,1426,-1,1412,1426,1418,-1,1418,1426,1427,-1,1418,1427,1419,-1,1421,1428,1418,-1,1418,1428,1429,-1,1418,1429,1416,-1,1430,1431,1432,-1,1432,1431,1433,-1,1432,1433,1434,-1,1435,1436,1433,-1,1433,1436,1434,-1,1437,1438,1439,-1,1439,1438,1440,-1,1439,1440,1441,-1,1441,1440,1442,-1,1441,1442,1443,-1,1443,1442,1444,-1,1443,1444,1445,-1,1445,1444,1446,-1,1445,1446,1447,-1,1446,1448,1447,-1,1447,1448,1449,-1,1447,1449,1450,-1,1451,1452,1453,-1,1453,1452,1454,-1,1453,1454,1449,-1,1449,1454,1450,-1,1455,1456,1457,-1,1457,1456,1458,-1,1457,1458,1013,-1,1013,1458,1012,-1,1459,1460,1461,-1,1461,1460,1462,-1,1461,1462,1463,-1,1463,1462,1464,-1,1463,1464,1465,-1,1465,1464,1466,-1,1465,1466,1467,-1,1467,1466,1468,-1,1467,1468,1469,-1,1469,1468,1470,-1,1469,1470,1471,-1,1471,1470,1472,-1,1471,1472,1473,-1,1473,1472,1474,-1,1473,1474,1475,-1,1475,1474,1476,-1,1475,1476,1477,-1,1477,1476,1478,-1,980,981,1479,-1,1479,981,1480,-1,1479,1480,1481,-1,1481,1480,1482,-1,1483,1484,1485,-1,1485,1484,1486,-1,1485,1486,1487,-1,1487,1486,1488,-1,1487,1488,1489,-1,1489,1488,1490,-1,1489,1490,1491,-1,1491,1490,1492,-1,1491,1492,1493,-1,1492,1494,1493,-1,1493,1494,1495,-1,1493,1495,1496,-1,1497,1498,1499,-1,1499,1498,1500,-1,1499,1500,1495,-1,1495,1500,1496,-1,1501,1502,1503,-1,1503,1502,1504,-1,1503,1504,949,-1,949,1504,948,-1,1505,1506,1507,-1,1507,1506,1508,-1,1507,1508,1509,-1,1509,1508,1510,-1,1509,1510,1511,-1,1511,1510,1512,-1,1511,1512,1513,-1,1513,1512,1514,-1,1513,1514,1515,-1,1515,1514,1516,-1,1515,1516,1517,-1,1517,1516,1518,-1,1517,1518,1519,-1,1519,1518,1520,-1,1521,1522,1523,-1,1523,1522,1524,-1,1523,1524,1520,-1,1520,1524,1519,-1,1525,1526,1527,-1,1527,1526,1528,-1,1527,1528,917,-1,917,1528,916,-1,1529,1530,1531,-1,1531,1530,1532,-1,1531,1532,1533,-1,1533,1532,1534,-1,1533,1534,1535,-1,1535,1534,1536,-1,1535,1536,1537,-1,1537,1536,1538,-1,1537,1538,1539,-1,1538,1540,1539,-1,1539,1540,1541,-1,1539,1541,1542,-1,1543,1544,1545,-1,1545,1544,1546,-1,1545,1546,1541,-1,1541,1546,1542,-1,1547,1548,1549,-1,1549,1548,1550,-1,1549,1550,885,-1,885,1550,884,-1,1551,1552,1553,-1,1553,1552,1554,-1,1553,1554,1555,-1,1555,1554,1556,-1,1555,1556,1557,-1,1557,1556,1558,-1,1557,1558,1559,-1,1559,1558,1560,-1,1559,1560,1561,-1,1561,1560,1562,-1,1563,1564,1565,-1,1565,1564,1566,-1,1565,1566,1562,-1,1562,1566,1561,-1,1567,1568,1569,-1,1569,1568,1570,-1,1569,1570,853,-1,853,1570,852,-1,1571,1572,1573,-1,1573,1572,1574,-1,1573,1574,1575,-1,1575,1574,1576,-1,1575,1576,1577,-1,1577,1576,1578,-1,1577,1578,1579,-1,1579,1578,1580,-1,1579,1580,1581,-1,1580,1582,1581,-1,1581,1582,1583,-1,1581,1583,1584,-1,1585,1586,1587,-1,1587,1586,1588,-1,1587,1588,1583,-1,1583,1588,1584,-1,1589,1590,1591,-1,1591,1590,1592,-1,1591,1592,821,-1,821,1592,820,-1,
        ]
    }
}
Shape{
    appearance Appearance {
        material  Material 	{
            diffuseColor 0.25098039215686274 0.25098039215686274 0.25098039215686274
            specularColor 0.12549019607843137 0.12549019607843137 0.12549019607843137
            ambientIntensity 0.2
            transparency 0
            shininess 0.5
        }
    }
    geometry IndexedFaceSet {
        ccw TRUE
        solid FALSE
        coord DEF co Coordinate {
            point [
                12.3169 5.1181 -2.044, 12.3169 5.1181 -2.107, 12.3169 5.3839 -2.107, 12.3169 5.3839 -2.048, 12.3169 5.4035 -2.048, 12.3169 5.6693 -2.044, 12.3169 5.6201 -2.107, 12.3169 5.6693 -2.107, 12.3169 5.6201 -2.048, 12.3169 5.561 -2.048, 12.3169 5.561 -2.107, 12.3169 5.4035 -2.107, 12.3169 5.4035 -2.107
            ]
        }
        coordIndex [
            0,1,2,-1,2,3,0,-1,0,3,4,-1,0,4,5,-1,6,7,8,-1,8,7,5,-1,8,5,9,-1,9,5,4,-1,9,4,10,-1,10,4,11,-1,
        ]
    }
}
Shape{
    appearance Appearance {
        material  Material 	{
            diffuseColor 0.7529411764705882 0.7529411764705882 0.7529411764705882
            specularColor 0.3764705882352941 0.3764705882352941 0.3764705882352941
            ambientIntensity 0.2
            transparency 0
            shininess 0.5
        }
    }
    geometry IndexedFaceSet {
        ccw TRUE
        solid FALSE
        coord DEF co Coordinate {
            point [
                8.7421 5.4203 -1.6346, 8.7421 5.7087 -1.6346, 8.7433 5.4187 -1.6247, 8.743 5.7087 -1.6247, 8.744 5.4179 -1.6193, 8.7471 5.7087 -1.6108, 8.7473 5.4166 -1.6109, 8.7489 5.416 -1.6067, 8.7546 5.7087 -1.5983, 8.7549 5.4147 -1.5985, 8.7573 5.4142 -1.5952, 8.7649 5.7087 -1.588, 8.7651 5.4131 -1.5883, 8.7678 5.4128 -1.5859, 8.7774 5.7087 -1.5806, 8.7774 5.412 -1.5807, 8.7799 5.4118 -1.5794, 8.7913 5.7087 -1.5764, 8.7913 5.4113 -1.5766, 8.7935 5.4113 -1.576, 8.8012 5.7087 -1.5755, 8.8012 5.4112 -1.5755, 8.7624 0.2756 -1.5901, 8.7583 0.2755 -1.594, 8.7548 3.6614 -1.5985, 8.765 0.2755 -1.5882, 8.8012 3.6614 -1.5755, 8.8012 0.2756 -1.5755, 8.7913 3.6614 -1.5767, 8.7913 0.2753 -1.5767, 8.7858 3.6614 -1.5774, 8.7861 0.2752 -1.5774, 8.7774 3.6614 -1.5806, 8.7775 0.2752 -1.5808, 8.7738 3.6614 -1.582, 8.7727 0.2752 -1.5827, 8.765 3.6614 -1.5882, 8.7625 3.6614 -1.5899, 8.7565 0.2752 -1.5959, 8.7548 0.2752 -1.5984, 8.7526 3.6614 -1.6009, 8.7486 0.2752 -1.6073, 8.7472 3.6614 -1.6108, 8.7473 0.2752 -1.6108, 8.7464 3.6614 -1.612, 8.744 0.2752 -1.6193, 8.743 3.6614 -1.6247, 8.7433 0.2753 -1.6247, 8.7428 3.6614 -1.6256, 8.7421 0.2755 -1.6346, 8.7421 3.6614 -1.6346, 8.9626 3.6614 -1.5755, 8.9626 3.1496 -1.5755, 8.9626 3.6614 -1.674, 8.9626 3.1496 -1.674, 9.1228 5.2021 -2.107, 9.1594 5.3396 -2.107, 9.1228 5.2021 -2.048, 9.1594 5.3396 -2.048, 8.8524 5.1181 -2.044, 8.8839 5.1181 -2.044, 8.8524 5.1181 -2.107, 8.8839 5.1181 -2.107, 8.8524 5.3396 -2.107, 8.8642 5.2953 -2.107, 8.8524 5.3396 -2.048, 8.8642 5.2953 -2.048, 8.9024 5.206 -2.107, 8.9024 5.206 -2.048, 8.8963 5.2144 -2.048, 8.8855 5.2321 -2.107, 8.8723 5.2653 -2.048, 8.8714 5.2651 -2.107, 8.8757 5.2527 -2.048, 8.8866 5.2326 -2.048, 8.9141 5.1908 -2.107, 8.9141 5.1908 -2.048, 8.9547 5.071 -2.048, 8.9508 5.1114 -2.048, 8.9547 5.071 -2.107, 8.9505 5.1115 -2.107, 8.9352 5.156 -2.048, 8.9354 5.1561 -2.107, 8.9373 5.1527 -2.048, 8.9507 5.1116 -2.048, 8.9547 3.7888 -2.107, 8.9547 3.7888 -2.048, 8.981 3.7301 -2.048, 8.9753 3.7357 -2.048, 8.981 3.7301 -2.107, 8.9709 3.7411 -2.107, 8.9713 3.7414 -2.048, 8.9641 3.7517 -2.048, 8.9616 3.7567 -2.107, 8.9565 3.7741 -2.048, 8.9561 3.774 -2.107, 8.9571 3.7694 -2.048, 8.962 3.7568 -2.048, 8.9547 3.6614 -2.107, 8.9547 3.6614 -2.1028, 8.9595 3.6617 -2.107, 8.9547 3.6614 -2.048, 8.9592 3.6616 -2.048, 8.9841 3.7266 -2.048, 8.9843 3.7268 -2.107, 8.9878 3.7223 -2.048, 8.9897 3.7189 -2.107, 8.993 3.7101 -2.107, 8.9919 3.7143 -2.048, 8.9896 3.7189 -2.048, 8.9941 3.7008 -2.107, 8.9939 3.7053 -2.048, 8.9928 3.71 -2.048, 8.9895 3.6824 -2.107, 8.9928 3.6904 -2.048, 8.9929 3.6913 -2.107, 8.9929 3.6913 -2.048, 8.9941 3.7007 -2.107, 8.9941 3.7007 -2.048, 8.9941 3.7008 -2.048, 8.9841 3.6746 -2.107, 8.9896 3.6822 -2.048, 8.9896 3.6824 -2.048, 8.9771 3.6684 -2.107, 8.9841 3.6745 -2.048, 8.9841 3.6746 -2.048, 8.9687 3.664 -2.107, 8.9766 3.668 -2.048, 8.977 3.6684 -2.048, 8.9595 3.6617 -2.048, 8.9683 3.6637 -2.048, 8.9687 3.6639 -2.048, 8.9803 3.6614 -2.107, 8.9672 3.6614 -2.1054, 8.9611 3.6614 -2.1047, 8.9016 3.3465 -2.0283, 8.9016 3.6614 -2.0283, 8.9017 3.6614 -2.0333, 8.9027 3.3465 -2.0415, 8.9803 3.3465 -2.107, 8.9671 3.3465 -2.1059, 8.9486 3.3465 -2.1003, 8.9319 3.3465 -2.0904, 8.9367 3.6614 -2.094, 8.9488 3.6614 -2.0999, 8.9182 3.3465 -2.0767, 8.9241 3.6614 -2.0835, 8.9321 3.6614 -2.0902, 8.9083 3.3465 -2.06, 8.9125 3.6614 -2.0683, 8.9186 3.6614 -2.0764, 8.9032 3.6614 -2.0414, 8.9052 3.6614 -2.0523, 8.9087 3.6614 -2.0599, 8.9606 3.3465 -1.8511, 8.9016 3.3465 -1.8511, 8.9606 3.3465 -2.0283, 8.9609 3.3465 -2.0316, 8.9623 3.3465 -2.0362, 8.9648 3.3465 -2.0404, 8.9682 3.3465 -2.0438, 8.9724 3.3465 -2.0463, 8.977 3.3465 -2.0477, 8.9803 3.3465 -2.048, 8.998 3.3465 -2.048, 8.998 3.3465 -2.107, 9.1161 3.4646 -2.048, 9.1149 3.4464 -2.048, 9.1161 3.4646 -2.107, 9.1145 3.4448 -2.107, 9.1144 3.4448 -2.048, 9.1075 3.4194 -2.048, 9.1061 3.4169 -2.107, 9.1061 3.4169 -2.048, 9.0954 3.3975 -2.048, 9.0912 3.392 -2.107, 9.0908 3.3923 -2.048, 9.0764 3.3761 -2.048, 9.0706 3.3714 -2.107, 9.0703 3.3719 -2.048, 9.0527 3.3599 -2.048, 9.0457 3.3565 -2.107, 9.0177 3.3489 -2.048, 9.0178 3.3481 -2.107, 9.0271 3.35 -2.048, 9.0454 3.3571 -2.048, 9.1161 5.1514 -2.107, 9.1161 5.1514 -2.048, 9.1178 5.1769 -2.107, 9.1178 5.1769 -2.048, 9.1178 5.1769 -2.048
            ]
        }
        coordIndex [
            0,1,2,-1,2,1,3,-1,2,3,4,-1,4,3,5,-1,4,5,6,-1,6,5,7,-1,7,5,8,-1,7,8,9,-1,9,8,10,-1,10,8,11,-1,10,11,12,-1,12,11,13,-1,13,11,14,-1,13,14,15,-1,15,14,16,-1,16,14,17,-1,16,17,18,-1,18,17,19,-1,19,17,20,-1,19,20,21,-1,22,23,24,-1,22,24,25,-1,26,27,28,-1,28,27,29,-1,28,29,30,-1,30,29,31,-1,30,31,32,-1,32,31,33,-1,32,33,34,-1,34,33,35,-1,34,35,36,-1,36,35,25,-1,36,25,37,-1,37,25,24,-1,23,38,24,-1,24,38,39,-1,24,39,40,-1,40,39,41,-1,40,41,42,-1,42,41,43,-1,42,43,44,-1,44,43,45,-1,44,45,46,-1,46,45,47,-1,46,47,48,-1,48,47,49,-1,48,49,50,-1,51,52,53,-1,53,52,54,-1,55,56,57,-1,57,56,58,-1,59,60,61,-1,61,60,62,-1,63,64,65,-1,65,64,66,-1,67,68,69,-1,67,69,70,-1,66,64,71,-1,71,64,72,-1,71,72,73,-1,73,72,70,-1,73,70,74,-1,74,70,69,-1,67,75,68,-1,68,75,76,-1,77,78,79,-1,79,78,80,-1,76,75,81,-1,81,75,82,-1,81,82,83,-1,83,82,80,-1,83,80,84,-1,84,80,78,-1,79,85,77,-1,77,85,86,-1,87,88,89,-1,89,88,90,-1,88,91,90,-1,90,91,92,-1,90,92,93,-1,86,85,94,-1,94,85,95,-1,94,95,96,-1,96,95,93,-1,96,93,97,-1,97,93,92,-1,98,99,100,-1,100,99,101,-1,100,101,102,-1,87,89,103,-1,103,89,104,-1,103,104,105,-1,105,104,106,-1,107,108,106,-1,106,108,109,-1,106,109,105,-1,110,111,107,-1,107,111,112,-1,107,112,108,-1,113,114,115,-1,115,114,116,-1,115,116,117,-1,117,116,118,-1,117,118,110,-1,110,118,119,-1,110,119,111,-1,120,121,113,-1,113,121,122,-1,113,122,114,-1,123,124,120,-1,120,124,125,-1,120,125,121,-1,126,127,123,-1,123,127,128,-1,123,128,124,-1,102,129,100,-1,100,129,130,-1,100,130,126,-1,126,130,131,-1,126,131,127,-1,132,133,98,-1,98,133,134,-1,98,134,99,-1,135,136,137,-1,135,137,138,-1,132,139,133,-1,133,139,140,-1,133,140,134,-1,134,140,141,-1,134,141,99,-1,142,143,141,-1,141,143,144,-1,141,144,99,-1,145,146,142,-1,142,146,147,-1,142,147,143,-1,148,149,145,-1,145,149,150,-1,145,150,146,-1,137,151,138,-1,138,151,152,-1,138,152,148,-1,148,152,153,-1,148,153,149,-1,154,155,156,-1,156,155,135,-1,156,135,157,-1,157,135,138,-1,157,138,158,-1,158,138,148,-1,158,148,159,-1,159,148,145,-1,159,145,160,-1,160,145,142,-1,160,142,161,-1,161,142,141,-1,161,141,162,-1,162,141,140,-1,162,140,163,-1,163,140,139,-1,163,139,164,-1,164,139,165,-1,166,167,168,-1,168,167,169,-1,167,170,169,-1,169,170,171,-1,169,171,172,-1,171,173,172,-1,172,173,174,-1,172,174,175,-1,174,176,175,-1,175,176,177,-1,175,177,178,-1,177,179,178,-1,178,179,180,-1,178,180,181,-1,164,165,182,-1,182,165,183,-1,182,183,184,-1,184,183,181,-1,184,181,185,-1,185,181,180,-1,168,186,166,-1,166,186,187,-1,55,57,188,-1,188,57,189,-1,188,189,186,-1,186,189,187,-1,
        ]
    }
}
Shape{
    appearance Appearance {
        material  Material 	{
            diffuseColor 0.25098039215686274 0.25098039215686274 0.25098039215686274
            specularColor 0.12549019607843137 0.12549019607843137 0.12549019607843137
            ambientIntensity 0.2
            transparency 0
            shininess 0.5
        }
    }
    geometry IndexedFaceSet {
        ccw TRUE
        solid FALSE
        coord DEF co Coordinate {
            point [
                9.1594 5.3396 -2.107, 9.1594 5.1181 -2.107, 9.1594 5.3396 -2.048, 9.1594 5.1181 -2.044, 9.1594 5.3691 -2.048, 9.1594 5.6693 -2.107, 9.1594 5.5807 -2.107, 9.1594 5.6693 -2.044, 9.1594 5.5807 -2.048, 9.1594 5.5217 -2.048, 9.1594 5.5217 -2.107, 9.1594 5.3691 -2.107, 9.1594 5.3691 -2.107
            ]
        }
        coordIndex [
            0,1,2,-1,2,1,3,-1,2,3,4,-1,5,6,7,-1,7,6,8,-1,7,8,9,-1,10,11,9,-1,9,11,4,-1,9,4,7,-1,7,4,3,-1,
        ]
    }
}
Shape{
    appearance Appearance {
        material  Material 	{
            diffuseColor 0.7529411764705882 0.7529411764705882 0.7529411764705882
            specularColor 0.3764705882352941 0.3764705882352941 0.3764705882352941
            ambientIntensity 0.2
            transparency 0
            shininess 0.5
        }
    }
    geometry IndexedFaceSet {
        ccw TRUE
        solid FALSE
        coord DEF co Coordinate {
            point [
                9.7185 5.1181 -2.044, 9.7185 5.1181 -2.107, 9.7185 5.3839 -2.107, 9.7185 5.3839 -2.048, 9.7185 5.4035 -2.048, 9.7185 5.6693 -2.044, 9.7185 5.6201 -2.107, 9.7185 5.6693 -2.107, 9.7185 5.6201 -2.048, 9.7185 5.561 -2.048, 9.7185 5.561 -2.107, 9.7185 5.4035 -2.107, 10.1516 5.1181 -2.044, 10.1516 5.1181 -2.107, 10.1516 5.3839 -2.107, 10.1516 5.3839 -2.048, 10.1516 5.4035 -2.048, 10.1516 5.6693 -2.044, 10.1516 5.6201 -2.107, 10.1516 5.6693 -2.107, 10.1516 5.6201 -2.048, 10.1516 5.561 -2.048, 10.1516 5.561 -2.107, 10.1516 5.4035 -2.107, 10.1516 5.4035 -2.107
            ]
        }
        coordIndex [
            0,1,2,-1,2,3,0,-1,0,3,4,-1,0,4,5,-1,6,7,8,-1,8,7,5,-1,8,5,9,-1,9,5,4,-1,9,4,10,-1,10,4,11,-1,12,13,14,-1,14,15,12,-1,12,15,16,-1,12,16,17,-1,18,19,20,-1,20,19,17,-1,20,17,21,-1,21,17,16,-1,21,16,22,-1,22,16,23,-1,
        ]
    }
}
Shape{
    appearance Appearance {
        material  Material 	{
            diffuseColor 0.25098039215686274 0.25098039215686274 0.25098039215686274
            specularColor 0.12549019607843137 0.12549019607843137 0.12549019607843137
            ambientIntensity 0.2
            transparency 0
            shininess 0.5
        }
    }
    geometry IndexedFaceSet {
        ccw TRUE
        solid FALSE
        coord DEF co Coordinate {
            point [
                10.5846 5.1181 -2.044, 10.5846 5.1181 -2.107, 10.5846 5.3839 -2.107, 10.5846 5.3839 -2.048, 10.5846 5.4035 -2.048, 10.5846 5.6693 -2.044, 10.5846 5.6201 -2.107, 10.5846 5.6693 -2.107, 10.5846 5.6201 -2.048, 10.5846 5.561 -2.048, 10.5846 5.561 -2.107, 10.5846 5.4035 -2.107, 11.0177 5.1181 -2.044, 11.0177 5.1181 -2.107, 11.0177 5.3839 -2.107, 11.0177 5.3839 -2.048, 11.0177 5.4035 -2.048, 11.0177 5.6693 -2.044, 11.0177 5.6201 -2.107, 11.0177 5.6693 -2.107, 11.0177 5.6201 -2.048, 11.0177 5.561 -2.048, 11.0177 5.561 -2.107, 11.0177 5.4035 -2.107, 11.4508 5.1181 -2.044, 11.4508 5.1181 -2.107, 11.4508 5.3839 -2.107, 11.4508 5.3839 -2.048, 11.4508 5.4035 -2.048, 11.4508 5.6693 -2.044, 11.4508 5.6201 -2.107, 11.4508 5.6693 -2.107, 11.4508 5.6201 -2.048, 11.4508 5.561 -2.048, 11.4508 5.561 -2.107, 11.4508 5.4035 -2.107, 9.0256 3.1496 -1.5755, 8.9626 3.1496 -1.5755, 8.9626 3.6614 -1.5755, 9.4705 5.6671 -1.5755, 9.4727 5.6534 -1.5755, 8.8287 5.6299 -1.5755, 9.4783 5.6399 -1.5755, 9.4855 5.6299 -1.5755, 13.376 4.7244 -1.5755, 14.2894 2.4409 -1.5755, 13.5728 2.4409 -1.5755, 13.7697 0.7874 -1.5755, 13.7733 0.7583 -1.5755, 13.3957 0.6693 -1.5755, 8.8287 5.3937 -1.5755, 8.8878 5.3937 -1.5755, 8.8878 5.1181 -1.5755, 8.8012 5.7087 -1.5755, 9.4705 5.7087 -1.5755, 9.4705 5.6693 -1.5755, 13.3747 5.351 -1.5755, 13.3707 5.3625 -1.5755, 13.5532 5.3937 -1.5755, 13.3209 5.3937 -1.5755, 13.3293 5.3931 -1.5755, 13.342 5.3897 -1.5755, 9.0453 4.7244 -1.5755, 13.4583 1.678 -1.5755, 9.0256 0.4331 -1.5755, 11.9508 0.2756 -1.5755, 8.9468 0.2756 -1.5755, 11.9508 0.2752 -1.5755, 8.8287 0.2756 -1.5755, 8.8012 0.2756 -1.5755, 8.8287 3.6614 -1.5755, 8.8012 3.6614 -1.5755, 9.0688 5.3838 -1.5755, 9.0587 5.3746 -1.5755, 9.0256 5.3937 -1.5755, 9.0511 5.3633 -1.5755, 13.7841 0.731 -1.5755, 13.8012 0.7071 -1.5755, 13.8223 0.6891 -1.5755, 13.3637 5.3733 -1.5755, 13.3538 5.3828 -1.5755, 13.8486 0.676 -1.5755, 13.877 0.6698 -1.5755, 13.8878 0.6693 -1.5755, 14.2894 4.8425 -1.5755, 13.5532 4.8425 -1.5755, 13.376 5.3386 -1.5755, 9.1004 5.3937 -1.5755, 9.0924 5.3931 -1.5755, 9.0793 5.3895 -1.5755, 13.5437 2.4373 -1.5755, 13.5164 2.4266 -1.5755, 13.4926 2.4095 -1.5755, 13.4745 2.3883 -1.5755, 13.4615 2.362 -1.5755, 13.4552 2.3336 -1.5755, 13.4689 1.6511 -1.5755, 13.4857 1.6274 -1.5755, 13.4951 1.6183 -1.5755, 9.0466 5.3504 -1.5755, 9.0453 5.3386 -1.5755, 9.0256 5.1181 -1.5755, 8.8012 5.4112 -1.5755, 13.4547 2.3228 -1.5755, 13.4547 1.7071 -1.5755, 13.7697 1.3244 -1.5755, 13.7294 1.4132 -1.5755, 14.3406 0.6693 -1.5755, 14.3681 0.6693 -1.5755, 14.3406 0.0 -1.5755, 14.3681 -0.0004 -1.5755, 13.4744 0.0 -1.5755, 13.25 -0.0004 -1.5755, 13.3957 0.1575 -1.5755, 13.25 0.0 -1.5755, 12.1255 0.256 -1.5755, 12.0387 0.2707 -1.5755, 13.7489 1.3914 -1.5755, 13.7622 1.3657 -1.5755, 13.769 1.3375 -1.5755, 14.3406 2.4409 -1.5755, 14.2894 0.6926 -1.5755, 14.2815 0.6693 -1.5755, 14.2815 0.6693 -1.5755
            ]
        }
        coordIndex [
            0,1,2,-1,2,3,0,-1,0,3,4,-1,0,4,5,-1,6,7,8,-1,8,7,5,-1,8,5,9,-1,9,5,4,-1,9,4,10,-1,10,4,11,-1,12,13,14,-1,14,15,12,-1,12,15,16,-1,12,16,17,-1,18,19,20,-1,20,19,17,-1,20,17,21,-1,21,17,16,-1,21,16,22,-1,22,16,23,-1,24,25,26,-1,26,27,24,-1,24,27,28,-1,24,28,29,-1,30,31,32,-1,32,31,29,-1,32,29,33,-1,33,29,28,-1,33,28,34,-1,34,28,35,-1,36,37,38,-1,39,40,41,-1,41,40,42,-1,41,42,43,-1,44,45,46,-1,47,48,49,-1,50,51,52,-1,53,54,41,-1,41,54,55,-1,41,55,39,-1,56,57,58,-1,59,58,60,-1,60,58,61,-1,49,62,63,-1,64,65,66,-1,66,65,67,-1,66,67,68,-1,68,67,69,-1,68,69,70,-1,70,69,71,-1,72,73,74,-1,74,73,75,-1,48,76,49,-1,49,76,77,-1,49,77,78,-1,57,79,58,-1,58,79,80,-1,58,80,61,-1,78,81,49,-1,49,81,82,-1,49,82,83,-1,84,45,85,-1,85,45,44,-1,85,44,58,-1,58,44,86,-1,58,86,56,-1,87,88,74,-1,74,88,89,-1,74,89,72,-1,46,90,44,-1,44,90,91,-1,44,91,62,-1,62,91,92,-1,92,93,62,-1,62,93,94,-1,62,94,95,-1,63,96,49,-1,49,96,97,-1,49,97,98,-1,75,99,74,-1,74,99,100,-1,74,100,101,-1,101,100,62,-1,101,62,52,-1,53,41,102,-1,102,41,50,-1,102,50,71,-1,71,50,52,-1,71,52,70,-1,70,52,62,-1,70,62,38,-1,95,103,62,-1,62,103,104,-1,62,104,63,-1,47,49,105,-1,105,49,98,-1,105,98,106,-1,107,108,109,-1,109,108,110,-1,109,110,111,-1,111,110,112,-1,111,112,113,-1,113,112,114,-1,113,114,49,-1,49,114,115,-1,49,115,62,-1,62,115,116,-1,62,116,38,-1,38,116,65,-1,38,65,36,-1,36,65,64,-1,117,118,106,-1,106,118,119,-1,106,119,105,-1,120,45,107,-1,107,45,121,-1,107,121,122,-1,
        ]
    }
}
Shape{
    appearance Appearance {
        material  Material 	{
            diffuseColor 0.7529411764705882 0.7529411764705882 0.7529411764705882
            specularColor 0.3764705882352941 0.3764705882352941 0.3764705882352941
            ambientIntensity 0.2
            transparency 0
            shininess 0.5
        }
    }
    geometry IndexedFaceSet {
        ccw TRUE
        solid FALSE
        coord DEF co Coordinate {
            point [
                14.3681 2.4409 -1.5755, 14.3406 2.4409 -1.5755, 14.3681 5.1182 -1.5755, 14.3406 5.1181 -1.5755, 14.0531 5.1182 -1.5755, 14.0531 5.1182 -1.5755
            ]
        }
        coordIndex [
            0,1,2,-1,2,1,3,-1,2,3,4,-1,
        ]
    }
}
Shape{
    appearance Appearance {
        material  Material 	{
            diffuseColor 0.25098039215686274 0.25098039215686274 0.25098039215686274
            specularColor 0.12549019607843137 0.12549019607843137 0.12549019607843137
            ambientIntensity 0.2
            transparency 0
            shininess 0.5
        }
    }
    geometry IndexedFaceSet {
        ccw TRUE
        solid FALSE
        coord DEF co Coordinate {
            point [
                14.5177 4.8425 -1.9299, 14.5177 4.4882 -1.9299, 14.5177 4.8425 -2.0103, 14.5177 4.4882 -2.0103, 14.5177 0.9046 -1.9299, 14.5177 0.5512 -1.9299, 14.5177 0.9046 -2.0086, 14.5177 0.5512 -2.0086, 9.9508 5.1181 -2.044, 9.9508 5.6693 -2.044, 9.9902 5.1181 -2.044, 10.0256 5.6693 -2.044, 10.0256 5.1181 -2.044, 10.0256 5.1181 -2.044
            ]
        }
        coordIndex [
            0,1,2,-1,2,1,3,-1,4,5,6,-1,6,5,7,-1,8,9,10,-1,10,9,11,-1,10,11,12,-1,
        ]
    }
}
Shape{
    appearance Appearance {
        material  Material 	{
            diffuseColor 0.7529411764705882 0.7529411764705882 0.7529411764705882
            specularColor 0.3764705882352941 0.3764705882352941 0.3764705882352941
            ambientIntensity 0.2
            transparency 0
            shininess 0.5
        }
    }
    geometry IndexedFaceSet {
        ccw TRUE
        solid FALSE
        coord DEF co Coordinate {
            point [
                10.3839 5.1181 -2.044, 10.3839 5.6693 -2.044, 10.4232 5.1181 -2.044, 10.4587 5.6693 -2.044, 10.4587 5.1181 -2.044, 10.4587 5.1181 -2.044
            ]
        }
        coordIndex [
            0,1,2,-1,2,1,3,-1,2,3,4,-1,
        ]
    }
}
Shape{
    appearance Appearance {
        material  Material 	{
            diffuseColor 0.25098039215686274 0.25098039215686274 0.25098039215686274
            specularColor 0.12549019607843137 0.12549019607843137 0.12549019607843137
            ambientIntensity 0.2
            transparency 0
            shininess 0.5
        }
    }
    geometry IndexedFaceSet {
        ccw TRUE
        solid FALSE
        coord DEF co Coordinate {
            point [
                10.8169 5.1181 -2.044, 10.8169 5.6693 -2.044, 10.8563 5.1181 -2.044, 10.8917 5.6693 -2.044, 10.8917 5.1181 -2.044, 11.25 5.1181 -2.044, 11.25 5.6693 -2.044, 11.2894 5.1181 -2.044, 11.3248 5.6693 -2.044, 11.3248 5.1181 -2.044, 11.6831 5.1181 -2.044, 11.6831 5.6693 -2.044, 11.7224 5.1181 -2.044, 11.7579 5.6693 -2.044, 11.7579 5.1181 -2.044, 11.9587 5.3937 -1.9496, 11.9587 5.1181 -1.9496, 11.9587 5.1181 -2.044, 11.9587 5.6693 -2.044, 11.9587 5.7087 -2.0047, 11.9587 5.3937 -1.8511, 11.9587 5.7087 -1.7291, 11.9587 5.3937 -1.7291, 12.1161 5.1181 -2.044, 12.1161 5.6693 -2.044, 12.1555 5.1181 -2.044, 12.1909 5.6693 -2.044, 12.1909 5.1181 -2.044, 12.5492 5.1181 -2.044, 12.5492 5.6693 -2.044, 12.5886 5.1181 -2.044, 12.624 5.6693 -2.044, 12.624 5.1181 -2.044, 12.624 5.1181 -2.044
            ]
        }
        coordIndex [
            0,1,2,-1,2,1,3,-1,2,3,4,-1,5,6,7,-1,7,6,8,-1,7,8,9,-1,10,11,12,-1,12,11,13,-1,12,13,14,-1,15,16,17,-1,17,18,15,-1,15,18,19,-1,15,19,20,-1,20,19,21,-1,20,21,22,-1,23,24,25,-1,25,24,26,-1,25,26,27,-1,28,29,30,-1,30,29,31,-1,30,31,32,-1,
        ]
    }
}
Shape{
    appearance Appearance {
        material  Material 	{
            diffuseColor 0.7529411764705882 0.7529411764705882 0.7529411764705882
            specularColor 0.3764705882352941 0.3764705882352941 0.3764705882352941
            ambientIntensity 0.2
            transparency 0
            shininess 0.5
        }
    }
    geometry IndexedFaceSet {
        ccw TRUE
        solid FALSE
        coord DEF co Coordinate {
            point [
                14.0471 5.1185 -1.5755, 14.0531 5.1182 -1.5755, 13.9862 5.1181 -1.5755, 14.0146 5.1509 -1.5755, 14.0151 5.1471 -1.5755, 13.9862 5.6299 -1.5755, 13.235 5.6299 -1.5755, 13.2425 5.6403 -1.5755, 14.0531 5.7087 -1.5755, 14.0531 5.315 -1.5755, 14.0428 5.3137 -1.5755, 14.0348 5.3106 -1.5755, 14.0466 5.1187 -1.5755, 13.2477 5.6524 -1.5755, 13.2499 5.6663 -1.5755, 13.25 5.6693 -1.5755, 13.25 5.7087 -1.5755, 14.0172 5.1416 -1.5755, 14.0182 5.1391 -1.5755, 14.0222 5.1334 -1.5755, 14.0273 5.3053 -1.5755, 14.0207 5.2979 -1.5755, 14.0167 5.2906 -1.5755, 14.0234 5.1316 -1.5755, 14.0291 5.1266 -1.5755, 14.0308 5.125 -1.5755, 14.0373 5.1215 -1.5755, 14.0381 5.121 -1.5755, 14.0142 5.2816 -1.5755, 14.0138 5.2756 -1.5755, 14.0138 5.1575 -1.5755, 13.1909 5.6102 -1.5755, 13.2054 5.612 -1.5755, 13.1469 5.6299 -1.5755, 13.163 5.6174 -1.5755, 13.1707 5.6136 -1.5755, 13.1766 5.6123 -1.5755, 13.2191 5.6171 -1.5755, 13.2302 5.6251 -1.5755, 13.2308 5.6257 -1.5755, 13.1586 5.6196 -1.5755, 13.1514 5.626 -1.5755, 13.1842 5.6106 -1.5755, 13.2064 5.6121 -1.5755, 13.2189 5.617 -1.5755, 13.145 5.6322 -1.5755, 9.5735 5.6299 -1.5755, 13.142 5.6369 -1.5755, 9.5811 5.6403 -1.5755, 9.5852 5.6498 -1.5755, 13.1374 5.6441 -1.5755, 9.5862 5.6524 -1.5755, 13.1354 5.6499 -1.5755, 9.5786 5.6369 -1.5755, 9.5886 5.689 -1.5755, 13.1319 5.689 -1.5755, 9.5886 5.6693 -1.5755, 9.5885 5.6663 -1.5755, 13.1319 5.6693 -1.5755, 13.1324 5.664 -1.5755, 13.1332 5.6565 -1.5755, 9.5881 5.664 -1.5755, 9.5295 5.6102 -1.5755, 9.544 5.612 -1.5755, 9.4855 5.6299 -1.5755, 9.5016 5.6174 -1.5755, 9.5092 5.6136 -1.5755, 9.5152 5.6123 -1.5755, 9.5576 5.6171 -1.5755, 9.5688 5.6251 -1.5755, 9.5694 5.6257 -1.5755, 9.545 5.6121 -1.5755, 9.5575 5.617 -1.5755, 9.4972 5.6196 -1.5755, 9.49 5.626 -1.5755, 9.5228 5.6106 -1.5755, 9.5228 5.6106 -1.5755
            ]
        }
        coordIndex [
            0,1,2,-1,3,4,2,-1,5,6,7,-1,8,9,5,-1,5,9,10,-1,5,10,11,-1,0,2,12,-1,7,13,5,-1,5,13,14,-1,5,14,8,-1,8,14,15,-1,8,15,16,-1,4,17,2,-1,2,17,18,-1,2,18,19,-1,11,20,5,-1,5,20,21,-1,5,21,22,-1,19,23,2,-1,2,23,24,-1,2,24,25,-1,25,26,2,-1,2,26,27,-1,2,27,12,-1,22,28,5,-1,5,28,29,-1,5,29,2,-1,2,29,30,-1,2,30,3,-1,31,32,33,-1,34,35,36,-1,37,38,33,-1,33,38,39,-1,33,39,6,-1,40,34,41,-1,41,34,33,-1,34,36,33,-1,33,36,42,-1,33,42,31,-1,32,43,33,-1,33,43,44,-1,33,44,37,-1,45,33,46,-1,45,46,47,-1,48,49,50,-1,50,49,51,-1,50,51,52,-1,47,46,50,-1,50,46,53,-1,50,53,48,-1,54,55,56,-1,56,55,57,-1,58,59,51,-1,51,59,60,-1,51,60,52,-1,58,51,55,-1,55,51,61,-1,55,61,57,-1,62,63,64,-1,65,66,67,-1,68,69,64,-1,64,69,70,-1,64,70,46,-1,63,71,64,-1,64,71,72,-1,64,72,68,-1,73,65,74,-1,74,65,64,-1,65,67,64,-1,64,67,75,-1,64,75,62,-1,
        ]
    }
}
Shape{
    appearance Appearance {
        material  Material 	{
            diffuseColor 0.25098039215686274 0.25098039215686274 0.25098039215686274
            specularColor 0.12549019607843137 0.12549019607843137 0.12549019607843137
            ambientIntensity 0.2
            transparency 0
            shininess 0.5
        }
    }
    geometry IndexedFaceSet {
        ccw TRUE
        solid FALSE
        coord DEF co Coordinate {
            point [
                12.6122 5.6496 -2.107, 12.624 5.6201 -2.107, 12.6122 5.6693 -2.107, 12.624 5.6693 -2.107, 12.624 5.6693 -2.107
            ]
        }
        coordIndex [
            0,1,2,-1,2,1,3,-1,
        ]
    }
}
Shape{
    appearance Appearance {
        material  Material 	{
            diffuseColor 0.7529411764705882 0.7529411764705882 0.7529411764705882
            specularColor 0.3764705882352941 0.3764705882352941 0.3764705882352941
            ambientIntensity 0.2
            transparency 0
            shininess 0.5
        }
    }
    geometry IndexedFaceSet {
        ccw TRUE
        solid FALSE
        coord DEF co Coordinate {
            point [
                12.6122 5.6496 -2.107, 12.6122 5.6693 -2.107, 12.6122 5.6496 -2.048, 12.6122 5.6969 -2.107, 12.6122 5.7087 -2.0952, 12.6122 5.7087 -2.0598, 12.6122 5.6969 -2.048, 12.5295 5.6969 -2.107, 12.5295 5.7079 -2.096, 12.5295 5.7123 -2.1072, 12.5295 5.7445 -2.1855, 12.5295 5.7399 -2.184, 12.5295 5.748 -2.2448, 12.5295 5.7358 -2.1815, 12.5295 5.7178 -2.1238, 12.5295 5.622 -2.107, 12.5295 5.629 -2.1079, 12.5295 5.6323 -2.1083, 12.5295 5.6382 -2.1107, 12.5295 5.9449 -2.2448, 12.5295 5.9449 -2.1858, 12.5295 5.748 -2.1858, 12.5295 5.7324 -2.1781, 12.5295 5.73 -2.1739, 12.5295 5.7289 -2.1706, 12.5295 5.641 -2.1118, 12.5295 5.6464 -2.1157, 12.5295 5.6486 -2.1174, 12.5295 5.6531 -2.1226, 12.5295 5.6551 -2.125, 12.5295 5.658 -2.1308, 12.5295 5.6592 -2.1334, 12.5295 5.6604 -2.1374, 12.5295 5.6714 -2.1841, 12.5295 5.734 -2.2436, 12.5295 5.6758 -2.1975, 12.5295 5.6856 -2.2141, 12.5295 5.6992 -2.2278, 12.5295 5.7156 -2.2379, 12.4114 5.6604 -2.1374, 12.4114 5.6582 -2.1307, 12.4114 5.6533 -2.1224, 12.4114 5.6465 -2.1155, 12.4114 5.6382 -2.1105, 12.4114 5.622 -2.107, 12.4114 5.629 -2.1077, 12.4114 5.6714 -2.1841, 12.4114 5.6969 -2.107, 12.4114 5.73 -2.1739, 12.4114 5.7324 -2.1781, 12.4114 5.748 -2.2448, 12.4114 5.7358 -2.1815, 12.4114 5.7399 -2.184, 12.4114 5.7079 -2.096, 12.4114 5.7123 -2.1072, 12.4114 5.7178 -2.1238, 12.4114 5.7289 -2.1706, 12.4114 5.9449 -2.1858, 12.4114 5.9449 -2.2448, 12.4114 5.748 -2.1858, 12.4114 5.7445 -2.1855, 12.4114 5.6992 -2.2278, 12.4114 5.6856 -2.2141, 12.4114 5.6758 -2.1975, 12.4114 5.734 -2.2436, 12.4114 5.7156 -2.2379, 12.3287 5.6969 -2.107, 12.3287 5.7087 -2.0952, 12.3287 5.6693 -2.107, 12.3287 5.6496 -2.107, 12.3287 5.6496 -2.048, 12.3287 5.6969 -2.048, 12.3287 5.7087 -2.0598, 12.3287 5.7087 -2.0598
            ]
        }
        coordIndex [
            0,1,2,-1,2,1,3,-1,3,4,2,-1,2,4,5,-1,2,5,6,-1,3,7,4,-1,4,7,8,-1,9,8,7,-1,10,11,12,-1,12,11,13,-1,9,7,14,-1,15,16,7,-1,7,16,17,-1,7,17,18,-1,19,20,12,-1,12,20,21,-1,12,21,10,-1,13,22,12,-1,12,22,23,-1,12,23,7,-1,7,23,24,-1,7,24,14,-1,18,25,7,-1,7,25,26,-1,7,26,27,-1,27,28,7,-1,7,28,29,-1,7,29,30,-1,30,31,7,-1,7,31,32,-1,7,32,12,-1,12,32,33,-1,12,33,34,-1,34,33,35,-1,36,37,35,-1,35,37,38,-1,35,38,34,-1,32,31,39,-1,39,31,40,-1,31,30,40,-1,40,30,29,-1,40,29,41,-1,29,28,41,-1,41,28,27,-1,41,27,42,-1,27,26,42,-1,42,26,25,-1,42,25,43,-1,15,44,16,-1,16,44,45,-1,16,45,17,-1,17,45,43,-1,17,43,18,-1,18,43,25,-1,46,39,47,-1,39,40,47,-1,47,40,41,-1,47,41,42,-1,42,43,47,-1,47,43,45,-1,47,45,44,-1,48,49,50,-1,50,49,51,-1,50,51,52,-1,53,54,47,-1,47,54,55,-1,47,55,56,-1,57,58,59,-1,59,58,50,-1,59,50,60,-1,60,50,52,-1,61,62,63,-1,56,48,47,-1,47,48,50,-1,47,50,46,-1,46,50,64,-1,46,64,63,-1,63,64,65,-1,63,65,61,-1,47,66,53,-1,53,66,67,-1,68,69,70,-1,70,71,72,-1,68,70,66,-1,66,70,72,-1,66,72,67,-1,
        ]
    }
}
Shape{
    appearance Appearance {
        material  Material 	{
            diffuseColor 0.25098039215686274 0.25098039215686274 0.25098039215686274
            specularColor 0.12549019607843137 0.12549019607843137 0.12549019607843137
            ambientIntensity 0.2
            transparency 0
            shininess 0.5
        }
    }
    geometry IndexedFaceSet {
        ccw TRUE
        solid FALSE
        coord DEF co Coordinate {
            point [
                12.3287 5.6496 -2.107, 12.3287 5.6693 -2.107, 12.3169 5.6201 -2.107, 12.3169 5.6693 -2.107, 12.1791 5.6496 -2.107, 12.1909 5.6201 -2.107, 12.1791 5.6693 -2.107, 12.1909 5.6693 -2.107, 12.1909 5.6693 -2.107
            ]
        }
        coordIndex [
            0,1,2,-1,2,1,3,-1,4,5,6,-1,6,5,7,-1,
        ]
    }
}
Shape{
    appearance Appearance {
        material  Material 	{
            diffuseColor 0.7529411764705882 0.7529411764705882 0.7529411764705882
            specularColor 0.3764705882352941 0.3764705882352941 0.3764705882352941
            ambientIntensity 0.2
            transparency 0
            shininess 0.5
        }
    }
    geometry IndexedFaceSet {
        ccw TRUE
        solid FALSE
        coord DEF co Coordinate {
            point [
                12.1791 5.6496 -2.048, 12.1791 5.6496 -2.107, 12.1791 5.6693 -2.107, 12.1791 5.6969 -2.048, 12.1791 5.7087 -2.0598, 12.1791 5.7087 -2.0952, 12.1791 5.6969 -2.107, 12.0965 5.6969 -2.107, 12.0965 5.7079 -2.096, 12.0965 5.7123 -2.1072, 12.0965 5.7399 -2.184, 12.0965 5.7358 -2.1815, 12.0965 5.748 -2.2448, 12.0965 5.7445 -2.1855, 12.0965 5.622 -2.107, 12.0965 5.629 -2.1079, 12.0965 5.6323 -2.1083, 12.0965 5.6382 -2.1107, 12.0965 5.9449 -2.2448, 12.0965 5.9449 -2.1858, 12.0965 5.748 -2.1858, 12.0965 5.7178 -2.1238, 12.0965 5.641 -2.1118, 12.0965 5.6464 -2.1157, 12.0965 5.6486 -2.1174, 12.0965 5.6531 -2.1226, 12.0965 5.6551 -2.125, 12.0965 5.658 -2.1308, 12.0965 5.7324 -2.1781, 12.0965 5.73 -2.1739, 12.0965 5.7289 -2.1706, 12.0965 5.6592 -2.1334, 12.0965 5.6604 -2.1374, 12.0965 5.6714 -2.1841, 12.0965 5.734 -2.2436, 12.0965 5.6758 -2.1975, 12.0965 5.6856 -2.2141, 12.0965 5.6992 -2.2278, 12.0965 5.7156 -2.2379, 11.9783 5.6604 -2.1374, 11.9783 5.6582 -2.1307, 11.9783 5.6533 -2.1224, 11.9783 5.6465 -2.1155, 11.9783 5.6382 -2.1105, 11.9783 5.622 -2.107, 11.9783 5.629 -2.1077, 11.9783 5.748 -2.2448, 11.9783 5.7358 -2.1815, 11.9783 5.7399 -2.184, 11.9783 5.6969 -2.107, 11.9783 5.73 -2.1739, 11.9783 5.7324 -2.1781, 11.9783 5.6758 -2.1975, 11.9783 5.6714 -2.1841, 11.9783 5.734 -2.2436, 11.9783 5.7079 -2.096, 11.9783 5.7123 -2.1072, 11.9783 5.9449 -2.1858, 11.9783 5.9449 -2.2448, 11.9783 5.748 -2.1858, 11.9783 5.7445 -2.1855, 11.9783 5.7178 -2.1238, 11.9783 5.7289 -2.1706, 11.9783 5.7156 -2.2379, 11.9783 5.6992 -2.2278, 11.9783 5.6856 -2.2141, 11.8957 5.6969 -2.107, 11.8957 5.7087 -2.0952, 11.8957 5.6693 -2.107, 11.8957 5.6496 -2.107, 11.8957 5.6496 -2.048, 11.8957 5.6969 -2.048, 11.8957 5.7087 -2.0598, 11.8957 5.7087 -2.0598
            ]
        }
        coordIndex [
            0,1,2,-1,3,0,4,-1,4,0,2,-1,4,2,5,-1,5,2,6,-1,6,7,5,-1,5,7,8,-1,9,8,7,-1,10,11,12,-1,10,12,13,-1,14,15,7,-1,7,15,16,-1,7,16,17,-1,18,19,12,-1,12,19,20,-1,12,20,13,-1,9,7,21,-1,17,22,7,-1,7,22,23,-1,7,23,24,-1,24,25,7,-1,7,25,26,-1,7,26,27,-1,11,28,12,-1,12,28,29,-1,12,29,7,-1,7,29,30,-1,7,30,21,-1,27,31,7,-1,7,31,32,-1,7,32,12,-1,12,32,33,-1,12,33,34,-1,34,33,35,-1,35,36,34,-1,34,36,37,-1,34,37,38,-1,32,31,39,-1,39,31,40,-1,31,27,40,-1,40,27,26,-1,40,26,41,-1,26,25,41,-1,41,25,24,-1,41,24,42,-1,24,23,42,-1,42,23,22,-1,42,22,43,-1,14,44,15,-1,15,44,45,-1,15,45,16,-1,16,45,43,-1,16,43,17,-1,17,43,22,-1,46,47,48,-1,39,40,49,-1,49,40,41,-1,49,41,42,-1,42,43,49,-1,49,43,45,-1,49,45,44,-1,49,50,46,-1,46,50,51,-1,46,51,47,-1,52,53,54,-1,49,55,56,-1,57,58,59,-1,59,58,46,-1,59,46,60,-1,60,46,48,-1,39,49,53,-1,53,49,46,-1,53,46,54,-1,56,61,49,-1,49,61,62,-1,49,62,50,-1,63,64,54,-1,54,64,65,-1,54,65,52,-1,49,66,55,-1,55,66,67,-1,68,69,70,-1,70,71,72,-1,68,70,66,-1,66,70,72,-1,66,72,67,-1,
        ]
    }
}
Shape{
    appearance Appearance {
        material  Material 	{
            diffuseColor 0.25098039215686274 0.25098039215686274 0.25098039215686274
            specularColor 0.12549019607843137 0.12549019607843137 0.12549019607843137
            ambientIntensity 0.2
            transparency 0
            shininess 0.5
        }
    }
    geometry IndexedFaceSet {
        ccw TRUE
        solid FALSE
        coord DEF co Coordinate {
            point [
                11.8957 5.6496 -2.107, 11.8957 5.6693 -2.107, 11.8839 5.6201 -2.107, 11.8839 5.6693 -2.107, 11.7461 5.6496 -2.107, 11.7579 5.6201 -2.107, 11.7461 5.6693 -2.107, 11.7579 5.6693 -2.107, 11.7579 5.6693 -2.107
            ]
        }
        coordIndex [
            0,1,2,-1,2,1,3,-1,4,5,6,-1,6,5,7,-1,
        ]
    }
}
Shape{
    appearance Appearance {
        material  Material 	{
            diffuseColor 0.7529411764705882 0.7529411764705882 0.7529411764705882
            specularColor 0.3764705882352941 0.3764705882352941 0.3764705882352941
            ambientIntensity 0.2
            transparency 0
            shininess 0.5
        }
    }
    geometry IndexedFaceSet {
        ccw TRUE
        solid FALSE
        coord DEF co Coordinate {
            point [
                11.7461 5.6496 -2.107, 11.7461 5.6693 -2.107, 11.7461 5.6496 -2.048, 11.7461 5.6969 -2.107, 11.7461 5.7087 -2.0952, 11.7461 5.7087 -2.0598, 11.7461 5.6969 -2.048, 11.6634 5.6969 -2.107, 11.6634 5.7079 -2.096, 11.6634 5.7123 -2.1072, 11.6634 5.7399 -2.184, 11.6634 5.7358 -2.1815, 11.6634 5.748 -2.2448, 11.6634 5.7445 -2.1855, 11.6634 5.622 -2.107, 11.6634 5.629 -2.1079, 11.6634 5.6323 -2.1083, 11.6634 5.6382 -2.1107, 11.6634 5.9449 -2.2448, 11.6634 5.9449 -2.1858, 11.6634 5.748 -2.1858, 11.6634 5.7178 -2.1238, 11.6634 5.641 -2.1118, 11.6634 5.6464 -2.1157, 11.6634 5.6486 -2.1174, 11.6634 5.6531 -2.1226, 11.6634 5.6551 -2.125, 11.6634 5.658 -2.1308, 11.6634 5.7324 -2.1781, 11.6634 5.73 -2.1739, 11.6634 5.7289 -2.1706, 11.6634 5.6592 -2.1334, 11.6634 5.6604 -2.1374, 11.6634 5.6714 -2.1841, 11.6634 5.734 -2.2436, 11.6634 5.6758 -2.1975, 11.6634 5.6856 -2.2141, 11.6634 5.6992 -2.2278, 11.6634 5.7156 -2.2379, 11.5453 5.6604 -2.1374, 11.5453 5.6582 -2.1307, 11.5453 5.6533 -2.1224, 11.5453 5.6465 -2.1155, 11.5453 5.6382 -2.1105, 11.5453 5.622 -2.107, 11.5453 5.629 -2.1077, 11.5453 5.748 -2.2448, 11.5453 5.7358 -2.1815, 11.5453 5.7399 -2.184, 11.5453 5.6969 -2.107, 11.5453 5.73 -2.1739, 11.5453 5.7324 -2.1781, 11.5453 5.6758 -2.1975, 11.5453 5.6714 -2.1841, 11.5453 5.734 -2.2436, 11.5453 5.7079 -2.096, 11.5453 5.7123 -2.1072, 11.5453 5.9449 -2.1858, 11.5453 5.9449 -2.2448, 11.5453 5.748 -2.1858, 11.5453 5.7445 -2.1855, 11.5453 5.7178 -2.1238, 11.5453 5.7289 -2.1706, 11.5453 5.7156 -2.2379, 11.5453 5.6992 -2.2278, 11.5453 5.6856 -2.2141, 11.4626 5.6969 -2.107, 11.4626 5.7087 -2.0952, 11.4626 5.6693 -2.107, 11.4626 5.6496 -2.107, 11.4626 5.6496 -2.048, 11.4626 5.6969 -2.048, 11.4626 5.7087 -2.0598, 11.4626 5.7087 -2.0598
            ]
        }
        coordIndex [
            0,1,2,-1,2,1,3,-1,3,4,2,-1,2,4,5,-1,2,5,6,-1,3,7,4,-1,4,7,8,-1,9,8,7,-1,10,11,12,-1,10,12,13,-1,14,15,7,-1,7,15,16,-1,7,16,17,-1,18,19,12,-1,12,19,20,-1,12,20,13,-1,9,7,21,-1,17,22,7,-1,7,22,23,-1,7,23,24,-1,24,25,7,-1,7,25,26,-1,7,26,27,-1,11,28,12,-1,12,28,29,-1,12,29,7,-1,7,29,30,-1,7,30,21,-1,27,31,7,-1,7,31,32,-1,7,32,12,-1,12,32,33,-1,12,33,34,-1,34,33,35,-1,35,36,34,-1,34,36,37,-1,34,37,38,-1,32,31,39,-1,39,31,40,-1,31,27,40,-1,40,27,26,-1,40,26,41,-1,26,25,41,-1,41,25,24,-1,41,24,42,-1,24,23,42,-1,42,23,22,-1,42,22,43,-1,14,44,15,-1,15,44,45,-1,15,45,16,-1,16,45,43,-1,16,43,17,-1,17,43,22,-1,46,47,48,-1,39,40,49,-1,49,40,41,-1,49,41,42,-1,42,43,49,-1,49,43,45,-1,49,45,44,-1,49,50,46,-1,46,50,51,-1,46,51,47,-1,52,53,54,-1,49,55,56,-1,57,58,59,-1,59,58,46,-1,59,46,60,-1,60,46,48,-1,39,49,53,-1,53,49,46,-1,53,46,54,-1,56,61,49,-1,49,61,62,-1,49,62,50,-1,63,64,54,-1,54,64,65,-1,54,65,52,-1,49,66,55,-1,55,66,67,-1,68,69,70,-1,70,71,72,-1,68,70,66,-1,66,70,72,-1,66,72,67,-1,
        ]
    }
}
Shape{
    appearance Appearance {
        material  Material 	{
            diffuseColor 0.25098039215686274 0.25098039215686274 0.25098039215686274
            specularColor 0.12549019607843137 0.12549019607843137 0.12549019607843137
            ambientIntensity 0.2
            transparency 0
            shininess 0.5
        }
    }
    geometry IndexedFaceSet {
        ccw TRUE
        solid FALSE
        coord DEF co Coordinate {
            point [
                11.4626 5.6496 -2.107, 11.4626 5.6693 -2.107, 11.4508 5.6201 -2.107, 11.4508 5.6693 -2.107, 11.313 5.6496 -2.107, 11.3248 5.6201 -2.107, 11.313 5.6693 -2.107, 11.3248 5.6693 -2.107, 11.3248 5.6693 -2.107
            ]
        }
        coordIndex [
            0,1,2,-1,2,1,3,-1,4,5,6,-1,6,5,7,-1,
        ]
    }
}
Shape{
    appearance Appearance {
        material  Material 	{
            diffuseColor 0.7529411764705882 0.7529411764705882 0.7529411764705882
            specularColor 0.3764705882352941 0.3764705882352941 0.3764705882352941
            ambientIntensity 0.2
            transparency 0
            shininess 0.5
        }
    }
    geometry IndexedFaceSet {
        ccw TRUE
        solid FALSE
        coord DEF co Coordinate {
            point [
                11.313 5.7087 -2.107, 11.313 5.7087 -2.048, 11.313 5.6693 -2.107, 11.313 5.6496 -2.048, 11.313 5.6496 -2.107, 11.2303 5.7087 -2.048, 11.2303 5.7087 -2.0997, 11.2303 5.7087 -2.107, 11.2303 5.7123 -2.1072, 11.2303 5.622 -2.107, 11.2303 5.629 -2.1079, 11.2303 5.6323 -2.1083, 11.2303 5.6382 -2.1107, 11.2303 5.641 -2.1118, 11.2303 5.6464 -2.1157, 11.2303 5.6486 -2.1174, 11.2303 5.6531 -2.1226, 11.2303 5.9449 -2.2448, 11.2303 5.9449 -2.1858, 11.2303 5.748 -2.2448, 11.2303 5.748 -2.1858, 11.2303 5.734 -2.2436, 11.2303 5.7445 -2.1855, 11.2303 5.7156 -2.2379, 11.2303 5.7399 -2.184, 11.2303 5.6992 -2.2278, 11.2303 5.7358 -2.1815, 11.2303 5.6856 -2.2141, 11.2303 5.7324 -2.1781, 11.2303 5.6758 -2.1975, 11.2303 5.73 -2.1739, 11.2303 5.6714 -2.1841, 11.2303 5.7289 -2.1706, 11.2303 5.6604 -2.1374, 11.2303 5.7178 -2.1238, 11.2303 5.6592 -2.1334, 11.2303 5.658 -2.1308, 11.2303 5.6551 -2.125, 11.1122 5.6604 -2.1374, 11.1122 5.6582 -2.1307, 11.1122 5.6533 -2.1224, 11.1122 5.6465 -2.1155, 11.1122 5.6382 -2.1105, 11.1122 5.622 -2.107, 11.1122 5.629 -2.1077, 11.1122 5.7178 -2.1238, 11.1122 5.7087 -2.107, 11.1122 5.7123 -2.1072, 11.1122 5.7087 -2.0997, 11.1122 5.9449 -2.1858, 11.1122 5.9449 -2.2448, 11.1122 5.748 -2.1858, 11.1122 5.748 -2.2448, 11.1122 5.7445 -2.1855, 11.1122 5.734 -2.2436, 11.1122 5.7399 -2.184, 11.1122 5.7156 -2.2379, 11.1122 5.7358 -2.1815, 11.1122 5.6992 -2.2278, 11.1122 5.7324 -2.1781, 11.1122 5.6856 -2.2141, 11.1122 5.73 -2.1739, 11.1122 5.6758 -2.1975, 11.1122 5.7289 -2.1706, 11.1122 5.6714 -2.1841, 11.0295 5.7087 -2.107, 11.0295 5.7087 -2.048, 11.1122 5.7087 -2.048, 11.0295 5.6496 -2.107, 11.0295 5.6496 -2.048, 11.0295 5.6693 -2.107, 11.0295 5.6693 -2.107
            ]
        }
        coordIndex [
            0,1,2,-1,2,1,3,-1,2,3,4,-1,5,1,6,-1,6,1,0,-1,6,0,7,-1,8,6,7,-1,7,9,10,-1,10,11,7,-1,7,11,12,-1,7,12,13,-1,13,14,7,-1,7,14,15,-1,7,15,16,-1,17,18,19,-1,19,18,20,-1,19,20,21,-1,21,20,22,-1,21,22,23,-1,23,22,24,-1,23,24,25,-1,25,24,26,-1,25,26,27,-1,27,26,28,-1,27,28,29,-1,29,28,30,-1,29,30,31,-1,31,30,32,-1,31,32,33,-1,33,32,34,-1,33,34,35,-1,35,34,8,-1,35,8,36,-1,36,8,7,-1,36,7,37,-1,37,7,16,-1,33,35,38,-1,38,35,39,-1,35,36,39,-1,39,36,37,-1,39,37,40,-1,37,16,40,-1,40,16,15,-1,40,15,41,-1,15,14,41,-1,41,14,13,-1,41,13,42,-1,9,43,10,-1,10,43,44,-1,10,44,11,-1,11,44,42,-1,11,42,12,-1,12,42,13,-1,45,46,47,-1,47,46,48,-1,46,40,41,-1,41,42,46,-1,46,42,44,-1,46,44,43,-1,49,50,51,-1,51,50,52,-1,51,52,53,-1,53,52,54,-1,53,54,55,-1,55,54,56,-1,55,56,57,-1,57,56,58,-1,57,58,59,-1,59,58,60,-1,59,60,61,-1,61,60,62,-1,61,62,63,-1,63,62,64,-1,63,64,45,-1,45,64,38,-1,45,38,46,-1,46,38,39,-1,46,39,40,-1,46,65,48,-1,48,65,66,-1,48,66,67,-1,68,69,70,-1,70,69,66,-1,70,66,65,-1,
        ]
    }
}
Shape{
    appearance Appearance {
        material  Material 	{
            diffuseColor 0.25098039215686274 0.25098039215686274 0.25098039215686274
            specularColor 0.12549019607843137 0.12549019607843137 0.12549019607843137
            ambientIntensity 0.2
            transparency 0
            shininess 0.5
        }
    }
    geometry IndexedFaceSet {
        ccw TRUE
        solid FALSE
        coord DEF co Coordinate {
            point [
                11.0295 5.6496 -2.107, 11.0295 5.6693 -2.107, 11.0177 5.6201 -2.107, 11.0177 5.6693 -2.107, 10.8799 5.6496 -2.107, 10.8917 5.6201 -2.107, 10.8799 5.6693 -2.107, 10.8917 5.6693 -2.107, 10.8917 5.6693 -2.107
            ]
        }
        coordIndex [
            0,1,2,-1,2,1,3,-1,4,5,6,-1,6,5,7,-1,
        ]
    }
}
Shape{
    appearance Appearance {
        material  Material 	{
            diffuseColor 0.7529411764705882 0.7529411764705882 0.7529411764705882
            specularColor 0.3764705882352941 0.3764705882352941 0.3764705882352941
            ambientIntensity 0.2
            transparency 0
            shininess 0.5
        }
    }
    geometry IndexedFaceSet {
        ccw TRUE
        solid FALSE
        coord DEF co Coordinate {
            point [
                10.8799 5.6496 -2.107, 10.8799 5.6693 -2.107, 10.8799 5.6496 -2.048, 10.8799 5.6969 -2.107, 10.8799 5.7087 -2.0952, 10.8799 5.7087 -2.0598, 10.8799 5.6969 -2.048, 10.7972 5.6969 -2.107, 10.7972 5.7079 -2.096, 10.7972 5.7123 -2.1072, 10.7972 5.7445 -2.1855, 10.7972 5.7399 -2.184, 10.7972 5.748 -2.2448, 10.7972 5.7358 -2.1815, 10.7972 5.7178 -2.1238, 10.7972 5.622 -2.107, 10.7972 5.629 -2.1079, 10.7972 5.6323 -2.1083, 10.7972 5.6382 -2.1107, 10.7972 5.9449 -2.2448, 10.7972 5.9449 -2.1858, 10.7972 5.748 -2.1858, 10.7972 5.7324 -2.1781, 10.7972 5.73 -2.1739, 10.7972 5.7289 -2.1706, 10.7972 5.641 -2.1118, 10.7972 5.6464 -2.1157, 10.7972 5.6486 -2.1174, 10.7972 5.6531 -2.1226, 10.7972 5.6551 -2.125, 10.7972 5.658 -2.1308, 10.7972 5.6592 -2.1334, 10.7972 5.6604 -2.1374, 10.7972 5.6714 -2.1841, 10.7972 5.734 -2.2436, 10.7972 5.6758 -2.1975, 10.7972 5.6856 -2.2141, 10.7972 5.6992 -2.2278, 10.7972 5.7156 -2.2379, 10.6791 5.6604 -2.1374, 10.6791 5.6582 -2.1307, 10.6791 5.6533 -2.1224, 10.6791 5.6465 -2.1155, 10.6791 5.6382 -2.1105, 10.6791 5.622 -2.107, 10.6791 5.629 -2.1077, 10.6791 5.6714 -2.1841, 10.6791 5.6969 -2.107, 10.6791 5.73 -2.1739, 10.6791 5.7324 -2.1781, 10.6791 5.748 -2.2448, 10.6791 5.7358 -2.1815, 10.6791 5.7399 -2.184, 10.6791 5.7079 -2.096, 10.6791 5.7123 -2.1072, 10.6791 5.7178 -2.1238, 10.6791 5.7289 -2.1706, 10.6791 5.9449 -2.1858, 10.6791 5.9449 -2.2448, 10.6791 5.748 -2.1858, 10.6791 5.7445 -2.1855, 10.6791 5.6992 -2.2278, 10.6791 5.6856 -2.2141, 10.6791 5.6758 -2.1975, 10.6791 5.734 -2.2436, 10.6791 5.7156 -2.2379, 10.5965 5.6969 -2.107, 10.5965 5.7087 -2.0952, 10.5965 5.6693 -2.107, 10.5965 5.6496 -2.107, 10.5965 5.6496 -2.048, 10.5965 5.6969 -2.048, 10.5965 5.7087 -2.0598, 10.5965 5.7087 -2.0598
            ]
        }
        coordIndex [
            0,1,2,-1,2,1,3,-1,3,4,2,-1,2,4,5,-1,2,5,6,-1,3,7,4,-1,4,7,8,-1,9,8,7,-1,10,11,12,-1,12,11,13,-1,9,7,14,-1,15,16,7,-1,7,16,17,-1,7,17,18,-1,19,20,12,-1,12,20,21,-1,12,21,10,-1,13,22,12,-1,12,22,23,-1,12,23,7,-1,7,23,24,-1,7,24,14,-1,18,25,7,-1,7,25,26,-1,7,26,27,-1,27,28,7,-1,7,28,29,-1,7,29,30,-1,30,31,7,-1,7,31,32,-1,7,32,12,-1,12,32,33,-1,12,33,34,-1,34,33,35,-1,36,37,35,-1,35,37,38,-1,35,38,34,-1,32,31,39,-1,39,31,40,-1,31,30,40,-1,40,30,29,-1,40,29,41,-1,29,28,41,-1,41,28,27,-1,41,27,42,-1,27,26,42,-1,42,26,25,-1,42,25,43,-1,15,44,16,-1,16,44,45,-1,16,45,17,-1,17,45,43,-1,17,43,18,-1,18,43,25,-1,46,39,47,-1,39,40,47,-1,47,40,41,-1,47,41,42,-1,42,43,47,-1,47,43,45,-1,47,45,44,-1,48,49,50,-1,50,49,51,-1,50,51,52,-1,53,54,47,-1,47,54,55,-1,47,55,56,-1,57,58,59,-1,59,58,50,-1,59,50,60,-1,60,50,52,-1,61,62,63,-1,56,48,47,-1,47,48,50,-1,47,50,46,-1,46,50,64,-1,46,64,63,-1,63,64,65,-1,63,65,61,-1,47,66,53,-1,53,66,67,-1,68,69,70,-1,70,71,72,-1,68,70,66,-1,66,70,72,-1,66,72,67,-1,
        ]
    }
}
Shape{
    appearance Appearance {
        material  Material 	{
            diffuseColor 0.25098039215686274 0.25098039215686274 0.25098039215686274
            specularColor 0.12549019607843137 0.12549019607843137 0.12549019607843137
            ambientIntensity 0.2
            transparency 0
            shininess 0.5
        }
    }
    geometry IndexedFaceSet {
        ccw TRUE
        solid FALSE
        coord DEF co Coordinate {
            point [
                10.5965 5.6496 -2.107, 10.5965 5.6693 -2.107, 10.5846 5.6201 -2.107, 10.5846 5.6693 -2.107, 10.5846 5.6693 -2.107
            ]
        }
        coordIndex [
            0,1,2,-1,2,1,3,-1,
        ]
    }
}
Shape{
    appearance Appearance {
        material  Material 	{
            diffuseColor 0.7529411764705882 0.7529411764705882 0.7529411764705882
            specularColor 0.3764705882352941 0.3764705882352941 0.3764705882352941
            ambientIntensity 0.2
            transparency 0
            shininess 0.5
        }
    }
    geometry IndexedFaceSet {
        ccw TRUE
        solid FALSE
        coord DEF co Coordinate {
            point [
                10.4469 5.6496 -2.107, 10.4587 5.6201 -2.107, 10.4469 5.6693 -2.107, 10.4587 5.6693 -2.107, 10.4469 5.7087 -2.107, 10.4469 5.7087 -2.048, 10.4469 5.6496 -2.048, 10.3642 5.7087 -2.048, 10.3642 5.7087 -2.0997, 10.3642 5.7087 -2.107, 10.3642 5.7123 -2.1072, 10.3642 5.622 -2.107, 10.3642 5.629 -2.1079, 10.3642 5.6323 -2.1083, 10.3642 5.6382 -2.1107, 10.3642 5.641 -2.1118, 10.3642 5.6464 -2.1157, 10.3642 5.6486 -2.1174, 10.3642 5.6531 -2.1226, 10.3642 5.9449 -2.2448, 10.3642 5.9449 -2.1858, 10.3642 5.748 -2.2448, 10.3642 5.748 -2.1858, 10.3642 5.734 -2.2436, 10.3642 5.7445 -2.1855, 10.3642 5.7156 -2.2379, 10.3642 5.7399 -2.184, 10.3642 5.6992 -2.2278, 10.3642 5.7358 -2.1815, 10.3642 5.6856 -2.2141, 10.3642 5.7324 -2.1781, 10.3642 5.6758 -2.1975, 10.3642 5.73 -2.1739, 10.3642 5.6714 -2.1841, 10.3642 5.7289 -2.1706, 10.3642 5.6604 -2.1374, 10.3642 5.7178 -2.1238, 10.3642 5.6592 -2.1334, 10.3642 5.658 -2.1308, 10.3642 5.6551 -2.125, 10.2461 5.6604 -2.1374, 10.2461 5.6582 -2.1307, 10.2461 5.6533 -2.1224, 10.2461 5.6465 -2.1155, 10.2461 5.6382 -2.1105, 10.2461 5.622 -2.107, 10.2461 5.629 -2.1077, 10.2461 5.7178 -2.1238, 10.2461 5.7087 -2.107, 10.2461 5.7123 -2.1072, 10.2461 5.7087 -2.0997, 10.2461 5.9449 -2.1858, 10.2461 5.9449 -2.2448, 10.2461 5.748 -2.1858, 10.2461 5.748 -2.2448, 10.2461 5.7445 -2.1855, 10.2461 5.734 -2.2436, 10.2461 5.7399 -2.184, 10.2461 5.7156 -2.2379, 10.2461 5.7358 -2.1815, 10.2461 5.6992 -2.2278, 10.2461 5.7324 -2.1781, 10.2461 5.6856 -2.2141, 10.2461 5.73 -2.1739, 10.2461 5.6758 -2.1975, 10.2461 5.7289 -2.1706, 10.2461 5.6714 -2.1841, 10.1634 5.7087 -2.107, 10.1634 5.7087 -2.048, 10.2461 5.7087 -2.048, 10.1634 5.6496 -2.107, 10.1634 5.6496 -2.048, 10.1634 5.6693 -2.107, 10.1516 5.6201 -2.107, 10.1516 5.6693 -2.107, 10.1516 5.6693 -2.107
            ]
        }
        coordIndex [
            0,1,2,-1,2,1,3,-1,4,5,2,-1,2,5,6,-1,2,6,0,-1,7,5,8,-1,8,5,4,-1,8,4,9,-1,10,8,9,-1,9,11,12,-1,12,13,9,-1,9,13,14,-1,9,14,15,-1,15,16,9,-1,9,16,17,-1,9,17,18,-1,19,20,21,-1,21,20,22,-1,21,22,23,-1,23,22,24,-1,23,24,25,-1,25,24,26,-1,25,26,27,-1,27,26,28,-1,27,28,29,-1,29,28,30,-1,29,30,31,-1,31,30,32,-1,31,32,33,-1,33,32,34,-1,33,34,35,-1,35,34,36,-1,35,36,37,-1,37,36,10,-1,37,10,38,-1,38,10,9,-1,38,9,39,-1,39,9,18,-1,35,37,40,-1,40,37,41,-1,37,38,41,-1,41,38,39,-1,41,39,42,-1,39,18,42,-1,42,18,17,-1,42,17,43,-1,17,16,43,-1,43,16,15,-1,43,15,44,-1,11,45,12,-1,12,45,46,-1,12,46,13,-1,13,46,44,-1,13,44,14,-1,14,44,15,-1,47,48,49,-1,49,48,50,-1,42,43,48,-1,43,44,48,-1,48,44,46,-1,48,46,45,-1,51,52,53,-1,53,52,54,-1,53,54,55,-1,55,54,56,-1,55,56,57,-1,57,56,58,-1,57,58,59,-1,59,58,60,-1,59,60,61,-1,61,60,62,-1,61,62,63,-1,63,62,64,-1,63,64,65,-1,65,64,66,-1,65,66,47,-1,47,66,40,-1,47,40,48,-1,48,40,41,-1,48,41,42,-1,48,67,50,-1,50,67,68,-1,50,68,69,-1,70,71,72,-1,72,71,68,-1,72,68,67,-1,70,72,73,-1,73,72,74,-1,
        ]
    }
}
Shape{
    appearance Appearance {
        material  Material 	{
            diffuseColor 0.25098039215686274 0.25098039215686274 0.25098039215686274
            specularColor 0.12549019607843137 0.12549019607843137 0.12549019607843137
            ambientIntensity 0.2
            transparency 0
            shininess 0.5
        }
    }
    geometry IndexedFaceSet {
        ccw TRUE
        solid FALSE
        coord DEF co Coordinate {
            point [
                10.0138 5.6496 -2.107, 10.0256 5.6201 -2.107, 10.0138 5.6693 -2.107, 10.0256 5.6693 -2.107, 10.0256 5.6693 -2.107
            ]
        }
        coordIndex [
            0,1,2,-1,2,1,3,-1,
        ]
    }
}
Shape{
    appearance Appearance {
        material  Material 	{
            diffuseColor 0.7529411764705882 0.7529411764705882 0.7529411764705882
            specularColor 0.3764705882352941 0.3764705882352941 0.3764705882352941
            ambientIntensity 0.2
            transparency 0
            shininess 0.5
        }
    }
    geometry IndexedFaceSet {
        ccw TRUE
        solid FALSE
        coord DEF co Coordinate {
            point [
                10.0138 5.6496 -2.107, 10.0138 5.6693 -2.107, 10.0138 5.6496 -2.048, 10.0138 5.6969 -2.107, 10.0138 5.7087 -2.0952, 10.0138 5.7087 -2.0598, 10.0138 5.6969 -2.048, 9.9311 5.6969 -2.107, 9.9311 5.7079 -2.096, 9.9311 5.7123 -2.1072, 9.9311 5.7399 -2.184, 9.9311 5.7358 -2.1815, 9.9311 5.748 -2.2448, 9.9311 5.7445 -2.1855, 9.9311 5.622 -2.107, 9.9311 5.629 -2.1079, 9.9311 5.6323 -2.1083, 9.9311 5.6382 -2.1107, 9.9311 5.9449 -2.2448, 9.9311 5.9449 -2.1858, 9.9311 5.748 -2.1858, 9.9311 5.7178 -2.1238, 9.9311 5.641 -2.1118, 9.9311 5.6464 -2.1157, 9.9311 5.6486 -2.1174, 9.9311 5.6531 -2.1226, 9.9311 5.6551 -2.125, 9.9311 5.658 -2.1308, 9.9311 5.7324 -2.1781, 9.9311 5.73 -2.1739, 9.9311 5.7289 -2.1706, 9.9311 5.6592 -2.1334, 9.9311 5.6604 -2.1374, 9.9311 5.6714 -2.1841, 9.9311 5.734 -2.2436, 9.9311 5.6758 -2.1975, 9.9311 5.6856 -2.2141, 9.9311 5.6992 -2.2278, 9.9311 5.7156 -2.2379, 9.813 5.6604 -2.1374, 9.813 5.6582 -2.1307, 9.813 5.6533 -2.1224, 9.813 5.6465 -2.1155, 9.813 5.6382 -2.1105, 9.813 5.622 -2.107, 9.813 5.629 -2.1077, 9.813 5.748 -2.2448, 9.813 5.7358 -2.1815, 9.813 5.7399 -2.184, 9.813 5.6969 -2.107, 9.813 5.73 -2.1739, 9.813 5.7324 -2.1781, 9.813 5.6758 -2.1975, 9.813 5.6714 -2.1841, 9.813 5.734 -2.2436, 9.813 5.7079 -2.096, 9.813 5.7123 -2.1072, 9.813 5.9449 -2.1858, 9.813 5.9449 -2.2448, 9.813 5.748 -2.1858, 9.813 5.7445 -2.1855, 9.813 5.7178 -2.1238, 9.813 5.7289 -2.1706, 9.813 5.7156 -2.2379, 9.813 5.6992 -2.2278, 9.813 5.6856 -2.2141, 9.7303 5.6969 -2.107, 9.7303 5.7087 -2.0952, 9.7303 5.6693 -2.107, 9.7303 5.6496 -2.107, 9.7303 5.6496 -2.048, 9.7303 5.6969 -2.048, 9.7303 5.7087 -2.0598, 9.7303 5.7087 -2.0598
            ]
        }
        coordIndex [
            0,1,2,-1,2,1,3,-1,3,4,2,-1,2,4,5,-1,2,5,6,-1,3,7,4,-1,4,7,8,-1,9,8,7,-1,10,11,12,-1,10,12,13,-1,14,15,7,-1,7,15,16,-1,7,16,17,-1,18,19,12,-1,12,19,20,-1,12,20,13,-1,9,7,21,-1,17,22,7,-1,7,22,23,-1,7,23,24,-1,24,25,7,-1,7,25,26,-1,7,26,27,-1,11,28,12,-1,12,28,29,-1,12,29,7,-1,7,29,30,-1,7,30,21,-1,27,31,7,-1,7,31,32,-1,7,32,12,-1,12,32,33,-1,12,33,34,-1,34,33,35,-1,35,36,34,-1,34,36,37,-1,34,37,38,-1,32,31,39,-1,39,31,40,-1,31,27,40,-1,40,27,26,-1,40,26,41,-1,26,25,41,-1,41,25,24,-1,41,24,42,-1,24,23,42,-1,42,23,22,-1,42,22,43,-1,14,44,15,-1,15,44,45,-1,15,45,16,-1,16,45,43,-1,16,43,17,-1,17,43,22,-1,46,47,48,-1,39,40,49,-1,49,40,41,-1,49,41,42,-1,42,43,49,-1,49,43,45,-1,49,45,44,-1,49,50,46,-1,46,50,51,-1,46,51,47,-1,52,53,54,-1,49,55,56,-1,57,58,59,-1,59,58,46,-1,59,46,60,-1,60,46,48,-1,39,49,53,-1,53,49,46,-1,53,46,54,-1,56,61,49,-1,49,61,62,-1,49,62,50,-1,63,64,54,-1,54,64,65,-1,54,65,52,-1,49,66,55,-1,55,66,67,-1,68,69,70,-1,70,71,72,-1,68,70,66,-1,66,70,72,-1,66,72,67,-1,
        ]
    }
}
Shape{
    appearance Appearance {
        material  Material 	{
            diffuseColor 0.25098039215686274 0.25098039215686274 0.25098039215686274
            specularColor 0.12549019607843137 0.12549019607843137 0.12549019607843137
            ambientIntensity 0.2
            transparency 0
            shininess 0.5
        }
    }
    geometry IndexedFaceSet {
        ccw TRUE
        solid FALSE
        coord DEF co Coordinate {
            point [
                9.7303 5.6496 -2.107, 9.7303 5.6693 -2.107, 9.7185 5.6201 -2.107, 9.7185 5.6693 -2.107, 9.1476 5.6102 -2.107, 9.1594 5.5807 -2.107, 9.1476 5.6693 -2.107, 9.1594 5.6693 -2.107, 9.1594 5.6693 -2.107
            ]
        }
        coordIndex [
            0,1,2,-1,2,1,3,-1,4,5,6,-1,6,5,7,-1,
        ]
    }
}
Shape{
    appearance Appearance {
        material  Material 	{
            diffuseColor 0.7529411764705882 0.7529411764705882 0.7529411764705882
            specularColor 0.3764705882352941 0.3764705882352941 0.3764705882352941
            ambientIntensity 0.2
            transparency 0
            shininess 0.5
        }
    }
    geometry IndexedFaceSet {
        ccw TRUE
        solid FALSE
        coord DEF co Coordinate {
            point [
                9.1476 5.6969 -2.048, 9.1476 5.6102 -2.048, 9.1476 5.6102 -2.107, 9.1476 5.7087 -2.0952, 9.1476 5.7087 -2.0598, 9.1476 5.6969 -2.107, 9.1476 5.6693 -2.107, 9.065 5.7087 -2.0952, 9.065 5.6969 -2.107, 9.065 5.6024 -2.048, 9.065 5.6969 -2.048, 9.065 5.6186 -2.0493, 9.065 5.64 -2.0555, 9.065 5.6926 -2.107, 9.065 5.6889 -2.0996, 9.065 5.7087 -2.0598, 9.065 5.6762 -2.0813, 9.065 5.6596 -2.0663, 9.065 5.6125 -2.1083, 9.065 5.6088 -2.1078, 9.065 5.6024 -2.107, 9.065 5.6174 -2.1102, 9.065 5.62 -2.1112, 9.065 5.6251 -2.1146, 9.065 5.6279 -2.1164, 9.065 5.6317 -2.1205, 9.065 5.634 -2.1229, 9.065 5.9449 -2.2448, 9.065 5.9449 -2.1858, 9.065 5.748 -2.2448, 9.065 5.748 -2.1858, 9.065 5.7318 -2.2435, 9.065 5.7415 -2.1852, 9.065 5.7104 -2.2373, 9.065 5.733 -2.1828, 9.065 5.6908 -2.2265, 9.065 5.7251 -2.1784, 9.065 5.6742 -2.2115, 9.065 5.7185 -2.1725, 9.065 5.6615 -2.1932, 9.065 5.7134 -2.1651, 9.065 5.6549 -2.1783, 9.065 5.7108 -2.1592, 9.065 5.6396 -2.1336, 9.065 5.6955 -2.1145, 9.065 5.6386 -2.1309, 9.065 5.6368 -2.1278, 8.9468 5.6396 -2.1336, 8.9468 5.637 -2.1277, 8.9468 5.6319 -2.1203, 8.9468 5.6252 -2.1144, 8.9468 5.6174 -2.11, 8.9468 5.6024 -2.107, 8.9468 5.6088 -2.1076, 8.9468 5.6926 -2.107, 8.9468 5.9449 -2.1858, 8.9468 5.9449 -2.2448, 8.9468 5.748 -2.1858, 8.9468 5.748 -2.2448, 8.9468 5.7415 -2.1852, 8.9468 5.7318 -2.2435, 8.9468 5.733 -2.1828, 8.9468 5.7104 -2.2373, 8.9468 5.7251 -2.1784, 8.9468 5.6908 -2.2265, 8.9468 5.7185 -2.1725, 8.9468 5.6742 -2.2115, 8.9468 5.7134 -2.1651, 8.9468 5.6615 -2.1932, 8.9468 5.7108 -2.1592, 8.9468 5.6549 -2.1783, 8.9468 5.6955 -2.1145, 8.9468 5.6969 -2.048, 8.9468 5.6024 -2.048, 8.9468 5.6186 -2.0493, 8.9468 5.6969 -2.107, 8.9468 5.6889 -2.0996, 8.9468 5.7087 -2.0952, 8.9468 5.6762 -2.0813, 8.9468 5.7087 -2.0598, 8.9468 5.6596 -2.0663, 8.9468 5.64 -2.0555, 8.8642 5.7087 -2.0952, 8.8642 5.6969 -2.107, 8.8642 5.6969 -2.048, 8.8642 5.7087 -2.0598, 8.8642 5.6102 -2.107, 8.8642 5.6102 -2.048, 8.8642 5.6693 -2.107, 8.8524 5.5807 -2.107, 8.8524 5.6693 -2.107, 8.8524 5.6693 -2.107
            ]
        }
        coordIndex [
            0,1,2,-1,3,4,5,-1,5,4,0,-1,5,0,6,-1,6,0,2,-1,7,3,8,-1,8,3,5,-1,9,10,11,-1,11,10,12,-1,8,13,7,-1,7,13,14,-1,7,14,15,-1,15,14,16,-1,15,16,10,-1,10,16,17,-1,10,17,12,-1,18,13,19,-1,19,13,20,-1,18,21,13,-1,13,21,22,-1,13,22,23,-1,23,24,13,-1,13,24,25,-1,13,25,26,-1,27,28,29,-1,29,28,30,-1,29,30,31,-1,31,30,32,-1,31,32,33,-1,33,32,34,-1,33,34,35,-1,35,34,36,-1,35,36,37,-1,37,36,38,-1,37,38,39,-1,39,38,40,-1,39,40,41,-1,41,40,42,-1,41,42,43,-1,43,42,44,-1,43,44,45,-1,45,44,13,-1,45,13,46,-1,46,13,26,-1,47,43,45,-1,47,45,48,-1,45,46,48,-1,48,46,26,-1,48,26,49,-1,26,25,49,-1,49,25,24,-1,49,24,50,-1,24,23,50,-1,50,23,22,-1,50,22,51,-1,20,52,19,-1,19,52,53,-1,19,53,18,-1,18,53,51,-1,18,51,21,-1,21,51,22,-1,49,50,54,-1,50,51,54,-1,54,51,53,-1,54,53,52,-1,55,56,57,-1,57,56,58,-1,57,58,59,-1,59,58,60,-1,59,60,61,-1,61,60,62,-1,61,62,63,-1,63,62,64,-1,63,64,65,-1,65,64,66,-1,65,66,67,-1,67,66,68,-1,67,68,69,-1,69,68,70,-1,69,70,71,-1,71,70,47,-1,71,47,54,-1,54,47,48,-1,54,48,49,-1,72,73,74,-1,54,75,76,-1,76,75,77,-1,76,77,78,-1,78,77,79,-1,78,79,80,-1,80,79,72,-1,80,72,81,-1,81,72,74,-1,82,77,83,-1,83,77,75,-1,84,85,82,-1,86,87,88,-1,88,87,84,-1,88,84,83,-1,83,84,82,-1,86,88,89,-1,89,88,90,-1,
        ]
    }
}
Shape{
    appearance Appearance {
        material  Material 	{
            diffuseColor 0.25098039215686274 0.25098039215686274 0.25098039215686274
            specularColor 0.12549019607843137 0.12549019607843137 0.12549019607843137
            ambientIntensity 0.2
            transparency 0
            shininess 0.5
        }
    }
    geometry IndexedFaceSet {
        ccw TRUE
        solid FALSE
        coord DEF co Coordinate {
            point [
                8.8878 5.1181 -1.5755, 8.8878 5.3937 -1.5755, 8.8287 5.1181 -1.674, 8.8287 5.3937 -1.674, 8.6516 5.3937 -1.9299, 8.6516 5.5512 -1.9299, 8.6516 5.3937 -2.0086, 8.6516 5.5512 -2.0086, 8.8287 5.1181 -1.9496, 8.8287 5.3937 -1.9496, 8.8839 3.6614 -1.9496, 8.8839 3.6614 -1.674, 8.8839 3.1496 -1.674, 8.8839 3.1496 -2.107, 8.8839 5.1181 -2.107, 8.8839 5.1181 -2.044, 8.8839 5.1536 -1.7291, 8.8839 5.1181 -1.7291, 8.8839 5.1536 -1.9102, 8.8839 5.1181 -1.9496, 8.8839 5.22 -1.9102, 8.8839 5.2711 -1.7409, 8.8839 5.7087 -1.7291, 8.8839 5.268 -1.7373, 8.8839 5.2609 -1.7291, 8.8837 5.2754 -1.8742, 8.8839 5.6693 -2.044, 8.8838 5.2792 -1.8616, 8.8839 5.7087 -2.0047, 8.8838 5.2793 -1.861, 8.8837 5.2749 -1.8749, 8.8836 5.2686 -1.8858, 8.8836 5.2672 -1.8873, 8.8838 5.23 -1.9089, 8.8839 5.275 -1.7488, 8.8839 5.277 -1.7529, 8.8839 5.2789 -1.7617, 8.8836 5.2585 -1.8964, 8.8836 5.2568 -1.8976, 8.8837 5.2477 -1.9036, 8.8837 5.2441 -1.9049, 8.8838 5.2349 -1.9083, 8.8839 5.2799 -1.7664, 8.8839 5.2802 -1.7724, 8.8839 5.2802 -1.8511, 8.6516 0.5512 -1.9299, 8.6516 0.9046 -1.9299, 8.6516 0.5512 -2.0086, 8.6516 0.9046 -2.0086, 8.6516 0.9046 -2.0086
            ]
        }
        coordIndex [
            0,1,2,-1,2,1,3,-1,4,5,6,-1,6,5,7,-1,2,3,8,-1,8,3,9,-1,10,11,12,-1,13,14,15,-1,16,17,18,-1,18,17,19,-1,18,19,20,-1,21,22,23,-1,23,22,24,-1,25,26,27,-1,27,26,28,-1,27,28,29,-1,25,30,26,-1,26,30,31,-1,26,31,32,-1,33,20,26,-1,26,20,19,-1,26,19,15,-1,15,19,10,-1,15,10,13,-1,13,10,12,-1,21,34,22,-1,22,34,35,-1,22,35,36,-1,32,37,26,-1,26,37,38,-1,26,38,39,-1,39,40,26,-1,26,40,41,-1,26,41,33,-1,36,42,22,-1,22,42,43,-1,22,43,28,-1,28,43,44,-1,28,44,29,-1,45,46,47,-1,47,46,48,-1,
        ]
    }
}
Shape{
    appearance Appearance {
        material  Material 	{
            diffuseColor 0.7529411764705882 0.7529411764705882 0.7529411764705882
            specularColor 0.3764705882352941 0.3764705882352941 0.3764705882352941
            ambientIntensity 0.2
            transparency 0
            shininess 0.5
        }
    }
    geometry IndexedFaceSet {
        ccw TRUE
        solid FALSE
        coord DEF co Coordinate {
            point [
                14.0138 5.2756 -1.5755, 14.0138 5.2756 -1.5165, 14.0138 5.1575 -1.5755, 14.0138 5.1575 -1.5165, 14.4846 2.4409 -1.6148, 14.4862 2.4409 -1.6346, 14.4862 5.1182 -1.6346, 14.3681 5.1182 -1.5165, 14.3681 2.4409 -1.5165, 14.3878 5.1184 -1.5189, 14.3879 2.4409 -1.5181, 14.397 5.1185 -1.5201, 14.4407 2.4409 -1.5414, 14.4251 5.1181 -1.5311, 14.4157 2.4409 -1.5265, 14.4157 5.1181 -1.5267, 14.4116 5.1181 -1.5248, 14.4516 5.1182 -1.5511, 14.4486 5.1185 -1.5482, 14.4402 5.1184 -1.5421, 14.4762 2.4409 -1.587, 14.4732 5.1185 -1.5807, 14.4613 2.4409 -1.562, 14.4607 5.1183 -1.5624, 14.4569 5.1182 -1.5567, 14.484 5.1184 -1.6149, 14.4833 5.1185 -1.6082, 14.4756 5.1185 -1.5872, 14.378 2.4409 -1.5767, 14.3834 2.4409 -1.5774, 14.3919 2.4409 -1.5807, 13.5728 2.4409 -1.5165, 13.5728 2.4409 -1.5755, 14.2894 2.4409 -1.5755, 14.3406 2.4409 -1.5755, 14.3681 2.4409 -1.5755, 14.3954 2.4409 -1.582, 14.4043 2.4409 -1.5882, 14.4272 2.4409 -1.6346, 14.4265 2.4409 -1.6254, 14.4263 2.4409 -1.6247, 14.4068 2.4409 -1.5899, 14.4145 2.4409 -1.5985, 14.4168 2.4409 -1.601, 14.4222 2.4409 -1.6108, 14.4228 2.4409 -1.612, 13.4547 2.3228 -1.5755, 13.4552 2.3336 -1.5755, 13.4547 2.3228 -1.5165, 13.4564 2.3426 -1.5165, 13.4572 2.3424 -1.5755, 13.4615 2.362 -1.5755, 13.4648 2.3705 -1.5165, 13.4655 2.3701 -1.5755, 13.4745 2.3883 -1.5755, 13.4797 2.3954 -1.5165, 13.4802 2.395 -1.5755, 13.4926 2.4095 -1.5755, 13.5002 2.416 -1.5165, 13.5007 2.4153 -1.5755, 13.5164 2.4266 -1.5755, 13.5252 2.4309 -1.5165, 13.5531 2.4385 -1.5755, 13.5531 2.4393 -1.5165, 13.5437 2.4373 -1.5755, 13.5255 2.4302 -1.5755, 13.4547 1.7071 -1.5755, 13.4547 1.7071 -1.5165, 13.4951 1.6183 -1.5755, 13.4857 1.6274 -1.5755, 13.4951 1.6183 -1.5165, 13.4795 1.6347 -1.5165, 13.4802 1.6352 -1.5755, 13.4689 1.6511 -1.5755, 13.4653 1.6583 -1.5165, 13.4575 1.6847 -1.5755, 13.4569 1.6846 -1.5165, 13.4583 1.678 -1.5755, 13.4659 1.6586 -1.5755, 13.7294 1.4132 -1.5165, 13.7294 1.4132 -1.5755, 13.7449 1.3968 -1.5165, 13.7444 1.3964 -1.5755, 13.7697 1.3244 -1.5165, 13.7697 1.3244 -1.5755, 13.7675 1.3469 -1.5165, 13.769 1.3375 -1.5755, 13.7668 1.3467 -1.5755, 13.7622 1.3657 -1.5755, 13.7591 1.3732 -1.5165, 13.7585 1.3728 -1.5755, 13.7489 1.3914 -1.5755, 13.7697 0.7874 -1.5755, 13.7697 0.7874 -1.5165, 14.3681 0.6693 -1.5165, 14.3681 0.0 -1.5165, 14.3878 -0.0003 -1.5187, 14.4516 -0.0001 -1.5511, 14.4609 0.6693 -1.5624, 14.446 0.0 -1.5458, 14.4464 0.6693 -1.5461, 14.4403 -0.0001 -1.542, 14.4403 0.6693 -1.542, 14.422 -0.0004 -1.5295, 14.4228 0.6693 -1.5299, 14.4155 -0.0004 -1.5271, 14.4155 0.6693 -1.5271, 14.3945 -0.0004 -1.5194, 14.3972 0.6693 -1.5201, 14.3878 0.6693 -1.5189, 14.4545 -0.0004 -1.5541, 14.4606 -0.0003 -1.5625, 14.4654 0.6693 -1.5675, 14.4716 -0.0001 -1.5776, 14.4762 0.6693 -1.5869, 14.476 -0.0001 -1.587, 14.4776 0.6693 -1.5894, 14.4779 -0.0001 -1.5911, 14.4826 -0.0004 -1.6057, 14.4845 0.6693 -1.6148, 14.4838 -0.0003 -1.6149, 14.4849 0.6693 -1.6164, 14.4862 -0.0001 -1.6346, 14.4862 0.6693 -1.6346, 13.25 0.0 -1.5755, 13.25 -0.0 -1.5165, 12.1255 0.256 -1.5755, 12.1255 0.256 -1.5165, 8.8012 0.2755 -1.5165, 8.8012 3.6614 -1.5165, 8.7815 0.2753 -1.5189, 8.783 3.6614 -1.5178, 8.7814 3.6614 -1.5182, 8.6831 3.6614 -1.6346, 8.6831 0.2756 -1.6346, 8.6855 3.6614 -1.6149, 8.6853 0.2753 -1.6149, 8.6867 3.6614 -1.6055, 8.686 0.2752 -1.6082, 8.6937 3.6614 -1.5872, 8.6937 0.2752 -1.5872, 8.6965 3.6614 -1.5799, 8.6961 0.2752 -1.5807, 8.7086 3.6614 -1.5624, 8.7086 0.2755 -1.5624, 8.7127 3.6614 -1.5563, 8.7124 0.2756 -1.5567, 8.7289 3.6614 -1.5418, 8.7177 0.2755 -1.5511, 8.7207 0.2752 -1.5482, 8.7291 0.2753 -1.5421, 8.7442 0.2755 -1.5311, 8.7341 3.6614 -1.5373, 8.7536 0.2755 -1.5267, 8.7535 3.6614 -1.5265, 8.756 3.6614 -1.5251, 8.7577 0.2755 -1.5248, 8.7723 0.2752 -1.5201, 8.8012 3.6614 -1.5755, 8.8012 5.4112 -1.5755, 8.8012 5.3514 -1.5165, 8.8012 5.3625 -1.5175, 8.8012 5.3771 -1.5223, 8.8012 5.3899 -1.5307, 8.8012 5.4001 -1.5421, 8.8012 5.4071 -1.5557, 8.8012 5.4098 -1.5666, 8.7451 5.3898 -1.5309, 8.7539 5.384 -1.5273, 8.7535 5.7087 -1.5265, 8.7702 5.3733 -1.5207, 8.7816 5.3652 -1.5191, 8.7814 5.7087 -1.5181, 8.8012 5.7087 -1.5165, 8.7857 5.3623 -1.5186, 8.7649 5.3768 -1.5228, 8.7219 5.4032 -1.5471, 8.7286 5.7087 -1.5414, 8.7137 5.4065 -1.556, 8.708 5.7087 -1.562, 8.7282 5.3996 -1.5425, 8.729 5.3991 -1.542, 8.7435 5.3908 -1.5315, 8.7046 5.4098 -1.5666, 8.7073 5.4091 -1.563, 8.7081 5.4088 -1.5621, 8.6936 5.413 -1.5873, 8.6931 5.7087 -1.587, 8.6904 5.4139 -1.5933, 8.6847 5.7087 -1.6148, 8.6852 5.4172 -1.615, 8.6838 5.4182 -1.621, 8.6831 5.7087 -1.6346, 8.6831 5.4203 -1.6346, 8.6822 5.7087 -2.1366, 8.6831 5.7087 -2.1267, 8.7263 5.7087 -2.1858, 9.4705 5.7087 -1.5165, 9.4705 5.7087 -1.5755, 8.8012 5.7087 -1.5755, 8.7913 5.7087 -1.5764, 8.7774 5.7087 -1.5806, 8.7649 5.7087 -1.588, 8.7546 5.7087 -1.5983, 8.7471 5.7087 -1.6108, 8.743 5.7087 -1.6247, 8.7421 5.7087 -1.6346, 8.7421 5.7087 -2.1858, 8.5453 5.7087 -2.2448, 8.5453 5.7087 -2.1858, 8.624 5.7087 -2.2448, 8.624 5.7087 -2.1858, 8.6449 5.7087 -2.243, 8.6339 5.7087 -2.1849, 8.6709 5.7087 -2.2351, 8.6478 5.7087 -2.1808, 8.6944 5.7087 -2.2215, 8.6603 5.7087 -2.1733, 8.7142 5.7087 -2.203, 8.6706 5.7087 -2.163, 8.6781 5.7087 -2.1505, 9.4705 5.6693 -1.5755, 9.4705 5.6693 -1.5165, 9.5886 5.6693 -1.5165, 9.5886 5.6693 -1.5755, 9.5883 5.664 -1.5165, 9.5885 5.6663 -1.5755, 9.4707 5.664 -1.5755, 9.4707 5.664 -1.5165, 9.4738 5.6498 -1.5755, 9.4738 5.6498 -1.5165, 9.4802 5.6368 -1.5755, 9.4802 5.6368 -1.5165, 9.4855 5.6299 -1.5755, 9.4897 5.6257 -1.5165, 9.5015 5.6173 -1.5165, 9.4972 5.6196 -1.5755, 9.49 5.626 -1.5755, 9.5151 5.612 -1.5165, 9.5092 5.6136 -1.5755, 9.5016 5.6174 -1.5755, 9.5295 5.6102 -1.5165, 9.5228 5.6106 -1.5755, 9.5152 5.6123 -1.5755, 9.5575 5.617 -1.5755, 9.545 5.6121 -1.5755, 9.544 5.612 -1.5165, 9.544 5.612 -1.5755, 9.5295 5.6102 -1.5755, 9.5576 5.6171 -1.5755, 9.5575 5.6173 -1.5165, 9.5688 5.6251 -1.5755, 9.5694 5.6257 -1.5165, 9.5694 5.6257 -1.5755, 9.5735 5.6299 -1.5755, 9.5788 5.6368 -1.5165, 9.5786 5.6369 -1.5755, 9.5881 5.664 -1.5755, 9.5862 5.6524 -1.5755, 9.5853 5.6498 -1.5165, 9.5852 5.6498 -1.5755, 9.5811 5.6403 -1.5755, 9.5886 5.689 -1.5755, 9.5886 5.689 -1.5165, 9.5886 5.6982 -1.5762, 9.5886 5.7087 -1.5189, 9.5886 5.6989 -1.5764, 9.5886 5.7181 -1.5201, 9.5886 5.7116 -1.5799, 9.5886 5.7364 -1.5271, 9.5886 5.7128 -1.5805, 9.5886 5.7437 -1.5299, 9.5886 5.7225 -1.5859, 9.5886 5.7612 -1.542, 9.5886 5.7251 -1.5882, 9.5886 5.7673 -1.5461, 9.5886 5.7336 -1.5959, 9.5886 5.7817 -1.5624, 9.5886 5.7354 -1.5984, 9.5886 5.7863 -1.5675, 9.5886 5.7415 -1.6073, 9.5886 5.7971 -1.5869, 9.5886 5.7429 -1.6108, 9.5886 5.7984 -1.5894, 9.5886 5.7462 -1.6193, 9.5886 5.8054 -1.6148, 9.5886 5.7468 -1.6247, 9.5886 5.8058 -1.6164, 9.5886 5.748 -1.6346, 9.5886 5.8071 -1.6346, 9.5886 5.748 -1.7133, 9.5886 5.8071 -1.7133, 13.1319 5.689 -1.5165, 13.1319 5.7088 -1.5181, 13.1319 5.8071 -1.6346, 13.1319 5.8054 -1.6148, 13.1319 5.7366 -1.5265, 13.1319 5.7616 -1.5414, 13.1319 5.7821 -1.562, 13.1319 5.7971 -1.587, 13.1319 5.6693 -1.5165, 13.1319 5.6693 -1.5755, 13.1319 5.689 -1.5755, 13.1319 5.6988 -1.5767, 13.1319 5.7043 -1.5774, 13.1319 5.7128 -1.5806, 13.1319 5.7163 -1.582, 13.1319 5.7252 -1.5882, 13.1319 5.7276 -1.5899, 13.1319 5.7353 -1.5985, 13.1319 5.7375 -1.6009, 13.1319 5.743 -1.6108, 13.1319 5.748 -1.7133, 13.1319 5.8071 -1.7133, 13.1319 5.748 -1.6346, 13.1319 5.7474 -1.6256, 13.1319 5.7472 -1.6247, 13.1319 5.7437 -1.612, 13.25 5.6693 -1.5165, 13.25 5.6693 -1.5755, 13.2498 5.664 -1.5165, 13.2499 5.6663 -1.5755, 13.1324 5.664 -1.5755, 13.1321 5.664 -1.5165, 13.1332 5.6565 -1.5755, 13.1352 5.6498 -1.5165, 13.1354 5.6499 -1.5755, 13.1374 5.6441 -1.5755, 13.1417 5.6368 -1.5165, 13.142 5.6369 -1.5755, 13.1511 5.6257 -1.5165, 13.1469 5.6299 -1.5755, 13.145 5.6322 -1.5755, 13.163 5.6173 -1.5165, 13.1586 5.6196 -1.5755, 13.1514 5.626 -1.5755, 13.1765 5.612 -1.5165, 13.1707 5.6136 -1.5755, 13.163 5.6174 -1.5755, 13.1909 5.6102 -1.5165, 13.1842 5.6106 -1.5755, 13.1766 5.6123 -1.5755, 13.2189 5.617 -1.5755, 13.2064 5.6121 -1.5755, 13.2054 5.612 -1.5165, 13.2054 5.612 -1.5755, 13.1909 5.6102 -1.5755, 13.2191 5.6171 -1.5755, 13.2189 5.6173 -1.5165, 13.2302 5.6251 -1.5755, 13.2308 5.6257 -1.5165, 13.2308 5.6257 -1.5755, 13.235 5.6299 -1.5755, 13.2402 5.6368 -1.5165, 13.24 5.6369 -1.5755, 13.2496 5.664 -1.5755, 13.2477 5.6524 -1.5755, 13.2467 5.6498 -1.5165, 13.2466 5.6498 -1.5755, 13.2425 5.6403 -1.5755, 13.25 5.7087 -1.5165, 13.25 5.7087 -1.5755, 14.092 5.7087 -1.6083, 14.0892 5.7087 -1.599, 14.1444 5.7087 -1.5773, 14.0842 5.7087 -1.5907, 14.1343 5.7087 -1.559, 14.1432 5.7087 -1.5752, 14.0774 5.7087 -1.5839, 14.1184 5.7087 -1.5412, 14.1304 5.7087 -1.5547, 14.069 5.7087 -1.5789, 14.0987 5.7087 -1.5277, 14.1133 5.7087 -1.5377, 14.0597 5.7087 -1.5761, 14.0774 5.7087 -1.5195, 14.0927 5.7087 -1.5253, 14.0531 5.7087 -1.5755, 14.0531 5.7087 -1.5165, 14.0696 5.7087 -1.5185, 14.3484 5.7087 -2.1858, 14.3484 5.7087 -2.2448, 14.2106 5.7087 -2.1858, 14.2106 5.7087 -2.2448, 14.2007 5.7087 -2.1849, 14.1908 5.7087 -2.2432, 14.1868 5.7087 -2.1808, 14.163 5.7087 -2.2348, 14.1743 5.7087 -2.1733, 14.138 5.7087 -2.2199, 14.164 5.7087 -2.163, 14.1175 5.7087 -2.1993, 14.1566 5.7087 -2.1505, 14.1026 5.7087 -2.1744, 14.1524 5.7087 -2.1366, 14.0942 5.7087 -2.1465, 14.1516 5.7087 -2.1267, 14.0925 5.7087 -2.1267, 14.1516 5.7087 -1.6149, 14.0925 5.7087 -1.6149, 14.1505 5.7087 -1.5997, 14.1501 5.7087 -1.5984, 14.0531 5.315 -1.5165, 14.0683 5.315 -1.5175, 14.0696 5.315 -1.5179, 14.0908 5.315 -1.5237, 14.0929 5.315 -1.5248, 14.1091 5.315 -1.5338, 14.1133 5.315 -1.5376, 14.1269 5.315 -1.5496, 14.1303 5.315 -1.5547, 14.1404 5.315 -1.5693, 14.1427 5.315 -1.5754, 14.1486 5.315 -1.5907, 14.1496 5.315 -1.5985, 14.1516 5.315 -1.6149, 14.0466 5.3144 -1.5165, 14.0466 5.3142 -1.5755, 14.0531 5.315 -1.5755, 14.0143 5.2822 -1.5165, 14.0142 5.2816 -1.5755, 14.0289 5.3066 -1.5165, 14.0348 5.3106 -1.5755, 14.0373 5.3116 -1.5165, 14.0373 5.3116 -1.5755, 14.0428 5.3137 -1.5755, 14.0221 5.2998 -1.5165, 14.0273 5.3053 -1.5755, 14.029 5.3065 -1.5755, 14.0171 5.2915 -1.5165, 14.0207 5.2979 -1.5755, 14.0222 5.2997 -1.5755, 14.0144 5.2822 -1.5755, 14.0167 5.2906 -1.5755, 14.0171 5.2915 -1.5755, 14.0171 5.2915 -1.5755
            ]
        }
        coordIndex [
            0,1,2,-1,2,1,3,-1,4,5,6,-1,7,8,9,-1,9,8,10,-1,9,10,11,-1,12,13,14,-1,14,13,15,-1,14,15,10,-1,10,15,16,-1,10,16,11,-1,17,18,12,-1,12,18,19,-1,12,19,13,-1,20,21,22,-1,22,21,23,-1,22,23,12,-1,12,23,24,-1,12,24,17,-1,6,25,4,-1,4,25,26,-1,4,26,20,-1,20,26,27,-1,20,27,21,-1,28,10,8,-1,28,29,10,-1,10,29,30,-1,10,30,14,-1,31,32,8,-1,8,32,33,-1,33,34,8,-1,8,34,35,-1,8,35,28,-1,30,36,14,-1,14,36,37,-1,14,37,12,-1,38,5,39,-1,39,5,4,-1,39,4,40,-1,40,4,20,-1,37,41,12,-1,12,41,42,-1,12,42,22,-1,42,43,22,-1,22,43,44,-1,22,44,20,-1,20,44,45,-1,20,45,40,-1,46,47,48,-1,48,47,49,-1,47,50,49,-1,49,50,51,-1,49,51,52,-1,51,53,52,-1,52,53,54,-1,52,54,55,-1,54,56,55,-1,55,56,57,-1,55,57,58,-1,57,59,58,-1,58,59,60,-1,58,60,61,-1,32,31,62,-1,62,31,63,-1,62,63,64,-1,64,63,61,-1,64,61,65,-1,65,61,60,-1,46,48,66,-1,66,48,67,-1,68,69,70,-1,70,69,71,-1,69,72,71,-1,71,72,73,-1,71,73,74,-1,66,67,75,-1,75,67,76,-1,75,76,77,-1,77,76,74,-1,77,74,78,-1,78,74,73,-1,79,80,70,-1,70,80,68,-1,81,82,79,-1,79,82,80,-1,83,84,85,-1,85,84,86,-1,86,87,85,-1,85,87,88,-1,85,88,89,-1,89,88,90,-1,89,90,81,-1,81,90,91,-1,81,91,82,-1,84,83,92,-1,92,83,93,-1,94,95,96,-1,97,98,99,-1,99,98,100,-1,99,100,101,-1,101,100,102,-1,101,102,103,-1,103,102,104,-1,103,104,105,-1,105,104,106,-1,105,106,107,-1,107,106,108,-1,107,108,96,-1,96,108,109,-1,96,109,94,-1,97,110,98,-1,98,110,111,-1,98,111,112,-1,112,111,113,-1,112,113,114,-1,114,113,115,-1,114,115,116,-1,115,117,116,-1,116,117,118,-1,116,118,119,-1,119,118,120,-1,119,120,121,-1,121,120,122,-1,121,122,123,-1,124,125,126,-1,126,125,127,-1,128,129,130,-1,130,129,131,-1,130,131,132,-1,133,134,135,-1,135,134,136,-1,135,136,137,-1,137,136,138,-1,137,138,139,-1,139,138,140,-1,139,140,141,-1,141,140,142,-1,141,142,143,-1,143,142,144,-1,143,144,145,-1,145,144,146,-1,145,146,147,-1,147,146,148,-1,147,148,149,-1,149,150,147,-1,147,150,151,-1,147,151,152,-1,152,151,153,-1,152,153,154,-1,154,153,155,-1,155,153,156,-1,155,156,132,-1,132,156,157,-1,132,157,130,-1,158,129,159,-1,159,129,160,-1,161,162,163,-1,163,164,161,-1,161,164,165,-1,161,165,160,-1,160,165,166,-1,160,166,159,-1,167,168,169,-1,170,171,172,-1,172,171,173,-1,173,171,174,-1,173,174,160,-1,169,168,172,-1,172,168,175,-1,172,175,170,-1,176,177,178,-1,178,177,179,-1,176,180,177,-1,177,180,181,-1,177,181,169,-1,169,181,182,-1,169,182,167,-1,183,184,179,-1,179,184,185,-1,179,185,178,-1,183,179,186,-1,186,179,187,-1,186,187,188,-1,188,187,189,-1,188,189,190,-1,190,189,191,-1,191,189,192,-1,191,192,193,-1,194,195,196,-1,197,198,173,-1,173,198,199,-1,173,199,172,-1,172,199,200,-1,172,200,169,-1,169,200,201,-1,169,201,177,-1,177,201,202,-1,177,202,179,-1,179,202,203,-1,179,203,187,-1,187,203,204,-1,187,204,189,-1,189,204,205,-1,189,205,192,-1,192,205,206,-1,192,206,195,-1,195,206,207,-1,195,207,196,-1,208,209,210,-1,210,209,211,-1,210,211,212,-1,212,211,213,-1,212,213,214,-1,214,213,215,-1,214,215,216,-1,216,215,217,-1,216,217,218,-1,218,217,219,-1,218,219,196,-1,196,219,220,-1,196,220,194,-1,198,197,221,-1,221,197,222,-1,223,224,225,-1,225,224,226,-1,221,222,227,-1,227,222,228,-1,227,228,229,-1,229,228,230,-1,229,230,231,-1,231,230,232,-1,231,232,233,-1,233,232,234,-1,235,236,234,-1,234,236,237,-1,234,237,233,-1,238,239,235,-1,235,239,240,-1,235,240,236,-1,241,242,238,-1,238,242,243,-1,238,243,239,-1,244,245,246,-1,246,245,247,-1,246,247,241,-1,241,247,248,-1,241,248,242,-1,244,246,249,-1,249,246,250,-1,249,250,251,-1,251,250,252,-1,251,252,253,-1,253,252,254,-1,254,252,255,-1,254,255,256,-1,226,257,225,-1,225,257,258,-1,225,258,259,-1,259,258,260,-1,259,260,255,-1,255,260,261,-1,255,261,256,-1,224,223,262,-1,262,223,263,-1,262,263,264,-1,264,263,265,-1,264,265,266,-1,266,265,267,-1,266,267,268,-1,268,267,269,-1,268,269,270,-1,270,269,271,-1,270,271,272,-1,272,271,273,-1,272,273,274,-1,274,273,275,-1,274,275,276,-1,276,275,277,-1,276,277,278,-1,278,277,279,-1,278,279,280,-1,280,279,281,-1,280,281,282,-1,282,281,283,-1,282,283,284,-1,284,283,285,-1,284,285,286,-1,286,285,287,-1,286,287,288,-1,288,287,289,-1,288,289,290,-1,290,289,291,-1,263,292,293,-1,289,287,294,-1,294,287,295,-1,296,267,293,-1,293,267,265,-1,293,265,263,-1,297,271,296,-1,296,271,269,-1,296,269,267,-1,298,275,297,-1,297,275,273,-1,297,273,271,-1,299,279,298,-1,298,279,277,-1,298,277,275,-1,287,285,295,-1,295,285,283,-1,295,283,299,-1,299,283,281,-1,299,281,279,-1,292,300,301,-1,301,302,292,-1,292,302,303,-1,292,303,293,-1,303,304,293,-1,293,304,305,-1,293,305,296,-1,305,306,296,-1,296,306,307,-1,296,307,297,-1,307,308,297,-1,297,308,309,-1,297,309,298,-1,309,310,298,-1,298,310,311,-1,298,311,299,-1,312,313,314,-1,314,313,294,-1,314,294,315,-1,315,294,295,-1,315,295,316,-1,316,295,299,-1,316,299,317,-1,317,299,311,-1,318,319,320,-1,320,319,321,-1,301,300,322,-1,322,300,323,-1,322,323,324,-1,324,323,325,-1,324,325,326,-1,326,325,327,-1,327,325,328,-1,327,328,329,-1,330,331,328,-1,328,331,332,-1,328,332,329,-1,333,334,330,-1,330,334,335,-1,330,335,331,-1,336,337,333,-1,333,337,338,-1,333,338,334,-1,339,340,336,-1,336,340,341,-1,336,341,337,-1,342,343,344,-1,344,343,345,-1,344,345,339,-1,339,345,346,-1,339,346,340,-1,342,344,347,-1,347,344,348,-1,347,348,349,-1,349,348,350,-1,349,350,351,-1,351,350,352,-1,352,350,353,-1,352,353,354,-1,321,355,320,-1,320,355,356,-1,320,356,357,-1,357,356,358,-1,357,358,353,-1,353,358,359,-1,353,359,354,-1,360,361,318,-1,318,361,319,-1,362,363,364,-1,365,366,363,-1,363,366,367,-1,363,367,364,-1,368,369,365,-1,365,369,370,-1,365,370,366,-1,371,372,368,-1,368,372,373,-1,368,373,369,-1,374,375,371,-1,371,375,376,-1,371,376,372,-1,361,360,377,-1,377,360,378,-1,377,378,374,-1,374,378,379,-1,374,379,375,-1,380,381,382,-1,382,381,383,-1,382,383,384,-1,384,383,385,-1,384,385,386,-1,386,385,387,-1,386,387,388,-1,388,387,389,-1,388,389,390,-1,390,389,391,-1,390,391,392,-1,392,391,393,-1,392,393,394,-1,394,393,395,-1,394,395,396,-1,396,395,397,-1,396,397,398,-1,398,397,399,-1,398,399,400,-1,400,399,362,-1,400,362,401,-1,401,362,364,-1,378,402,403,-1,378,403,379,-1,379,403,404,-1,379,404,375,-1,375,404,405,-1,375,405,376,-1,376,405,406,-1,376,406,372,-1,372,406,407,-1,372,407,373,-1,373,407,408,-1,373,408,369,-1,369,408,409,-1,369,409,370,-1,370,409,410,-1,370,410,366,-1,366,410,411,-1,366,411,367,-1,367,411,412,-1,367,412,364,-1,364,412,413,-1,364,413,401,-1,401,413,414,-1,401,414,400,-1,400,414,415,-1,400,415,398,-1,416,417,402,-1,402,417,418,-1,1,0,419,-1,419,0,420,-1,421,422,423,-1,423,422,424,-1,423,424,416,-1,416,424,425,-1,416,425,417,-1,426,427,421,-1,421,427,428,-1,421,428,422,-1,429,430,426,-1,426,430,431,-1,426,431,427,-1,420,432,419,-1,419,432,433,-1,419,433,429,-1,429,433,434,-1,429,434,430,-1,
        ]
    }
}
Shape{
    appearance Appearance {
        material  Material 	{
            diffuseColor 0.25098039215686274 0.25098039215686274 0.25098039215686274
            specularColor 0.12549019607843137 0.12549019607843137 0.12549019607843137
            ambientIntensity 0.2
            transparency 0
            shininess 0.5
        }
    }
    geometry IndexedFaceSet {
        ccw TRUE
        solid FALSE
        coord DEF co Coordinate {
            point [
                13.8681 5.5906 -1.5755, 13.7494 5.5906 -1.5755, 13.8681 5.5906 -2.2251, 13.7494 5.5906 -2.2251, 9.6864 1.6592 -2.4614, 9.6918 1.6552 -2.4614, 9.627 1.4769 -2.4614, 9.703 1.6468 -2.4614, 9.7103 1.638 -2.4614, 9.7241 1.6168 -2.4614, 9.698 1.4991 -2.4614, 9.7187 1.628 -2.4614, 9.6928 1.4945 -2.4614, 9.6765 1.4856 -2.4614, 9.6734 1.4838 -2.4614, 9.6054 1.4812 -2.4614, 9.6663 1.6684 -2.4614, 9.6694 1.667 -2.4614, 9.6023 1.4826 -2.4614, 9.5852 1.4904 -2.4614, 9.5799 1.4944 -2.4614, 9.7273 1.5398 -2.4614, 9.7235 1.5298 -2.4614, 9.715 1.5177 -2.4614, 9.5687 1.5028 -2.4614, 9.5613 1.5116 -2.4614, 9.5529 1.5216 -2.4614, 9.5475 1.5328 -2.4614, 9.5426 1.5428 -2.4614, 9.5398 1.5568 -2.4614, 9.5377 1.567 -2.4614, 9.5374 1.5748 -2.4614, 9.5387 1.5851 -2.4614, 9.5405 1.5997 -2.4614, 9.5443 1.6098 -2.4614, 9.5482 1.6198 -2.4614, 9.729 1.6068 -2.4614, 9.7319 1.5928 -2.4614, 9.7339 1.5826 -2.4614, 9.6513 1.4776 -2.4614, 9.628 1.4767 -2.4614, 9.5566 1.6319 -2.4614, 9.5633 1.6414 -2.4614, 9.5737 1.6505 -2.4614, 9.5789 1.6551 -2.4614, 9.5951 1.6641 -2.4614, 9.6447 1.6727 -2.4614, 9.5983 1.6658 -2.4614, 9.6437 1.6729 -2.4614, 9.6204 1.672 -2.4614, 9.7343 1.5748 -2.4614, 9.733 1.5645 -2.4614, 9.7083 1.5082 -2.4614, 9.7312 1.5499 -2.4614, 12.7933 1.6729 -2.4614, 12.7943 1.6727 -2.4614, 12.6894 1.5568 -2.4614, 12.8579 1.5082 -2.4614, 12.8476 1.4991 -2.4614, 12.8424 1.4945 -2.4614, 12.8261 1.4856 -2.4614, 12.6922 1.5428 -2.4614, 12.7519 1.4826 -2.4614, 12.7349 1.4904 -2.4614, 12.7129 1.6414 -2.4614, 12.7233 1.6505 -2.4614, 12.6883 1.5851 -2.4614, 12.77 1.672 -2.4614, 12.8786 1.6068 -2.4614, 12.8815 1.5928 -2.4614, 12.8836 1.5826 -2.4614, 12.8839 1.5748 -2.4614, 12.7295 1.4944 -2.4614, 12.7183 1.5028 -2.4614, 12.7109 1.5116 -2.4614, 12.7025 1.5216 -2.4614, 12.6971 1.5328 -2.4614, 12.6939 1.6098 -2.4614, 12.6978 1.6198 -2.4614, 12.7063 1.6319 -2.4614, 12.6873 1.567 -2.4614, 12.687 1.5748 -2.4614, 12.7447 1.6641 -2.4614, 12.7285 1.6551 -2.4614, 12.7479 1.6658 -2.4614, 12.8159 1.6684 -2.4614, 12.819 1.667 -2.4614, 12.836 1.6592 -2.4614, 12.8414 1.6552 -2.4614, 12.8526 1.6468 -2.4614, 12.8599 1.638 -2.4614, 12.8683 1.628 -2.4614, 12.8737 1.6168 -2.4614, 12.8826 1.5645 -2.4614, 12.8808 1.5499 -2.4614, 12.8769 1.5398 -2.4614, 12.8731 1.5298 -2.4614, 12.8646 1.5177 -2.4614, 12.8009 1.4776 -2.4614, 12.7776 1.4767 -2.4614, 12.823 1.4838 -2.4614, 12.7766 1.4769 -2.4614, 12.755 1.4812 -2.4614, 12.6901 1.5997 -2.4614, 12.6901 1.5997 -2.4614
            ]
        }
        coordIndex [
            0,1,2,-1,2,1,3,-1,4,5,6,-1,6,5,7,-1,6,7,8,-1,9,10,11,-1,11,10,8,-1,10,12,8,-1,8,12,13,-1,8,13,14,-1,15,16,6,-1,6,16,17,-1,6,17,4,-1,15,18,16,-1,16,18,19,-1,16,19,20,-1,21,22,23,-1,20,24,16,-1,16,24,25,-1,16,25,26,-1,26,27,16,-1,16,27,28,-1,16,28,29,-1,29,30,16,-1,16,30,31,-1,16,31,32,-1,32,33,16,-1,16,33,34,-1,16,34,35,-1,9,36,10,-1,10,36,37,-1,10,37,38,-1,14,39,8,-1,8,39,40,-1,8,40,6,-1,35,41,16,-1,16,41,42,-1,16,42,43,-1,43,44,16,-1,16,44,45,-1,16,45,46,-1,46,45,47,-1,46,47,48,-1,48,47,49,-1,38,50,10,-1,10,50,51,-1,10,51,52,-1,53,21,51,-1,51,21,23,-1,51,23,52,-1,54,55,56,-1,57,58,56,-1,58,59,56,-1,56,59,60,-1,56,60,61,-1,60,62,63,-1,64,65,66,-1,54,56,67,-1,68,69,56,-1,56,69,70,-1,56,70,71,-1,63,72,60,-1,60,72,73,-1,60,73,74,-1,74,75,60,-1,60,75,76,-1,60,76,61,-1,77,78,79,-1,80,81,82,-1,82,81,66,-1,82,66,83,-1,83,66,65,-1,80,82,56,-1,56,82,84,-1,56,84,67,-1,55,85,56,-1,56,85,86,-1,56,86,87,-1,87,88,56,-1,56,88,89,-1,56,89,90,-1,90,91,56,-1,56,91,92,-1,56,92,68,-1,71,93,56,-1,56,93,94,-1,56,94,95,-1,95,96,56,-1,56,96,97,-1,56,97,57,-1,98,99,100,-1,100,99,101,-1,100,101,60,-1,60,101,102,-1,60,102,62,-1,103,77,66,-1,66,77,79,-1,66,79,64,-1,
        ]
    }
}
Shape{
    appearance Appearance {
        material  Material 	{
            diffuseColor 0.7529411764705882 0.7529411764705882 0.7529411764705882
            specularColor 0.3764705882352941 0.3764705882352941 0.3764705882352941
            ambientIntensity 0.2
            transparency 0
            shininess 0.5
        }
    }
    geometry IndexedFaceSet {
        ccw TRUE
        solid FALSE
        coord DEF co Coordinate {
            point [
                13.5728 1.4567 -2.1464, 13.5728 1.4567 -2.2055, 13.5728 0.6693 -2.1464, 13.5728 0.4724 -2.2055, 13.5728 0.6693 -1.9889, 13.5728 0.4724 -1.9889, 13.8484 1.4567 -2.1464, 13.8484 1.4567 -2.2055, 13.8484 0.6693 -2.1464, 13.8484 0.6693 -1.9889, 13.8484 0.4724 -1.9889, 13.8484 0.4724 -2.2055, 13.5925 0.3543 -1.9889, 13.8287 0.3543 -1.9889, 13.8287 0.3543 -1.9889
            ]
        }
        coordIndex [
            0,1,2,-1,2,1,3,-1,2,3,4,-1,4,3,5,-1,0,6,1,-1,1,6,7,-1,7,6,8,-1,9,10,8,-1,8,10,11,-1,8,11,7,-1,12,13,5,-1,5,13,10,-1,5,10,4,-1,4,10,9,-1,
        ]
    }
}
Shape{
    appearance Appearance {
        material  Material 	{
            diffuseColor 0.25098039215686274 0.25098039215686274 0.25098039215686274
            specularColor 0.12549019607843137 0.12549019607843137 0.12549019607843137
            ambientIntensity 0.2
            transparency 0
            shininess 0.5
        }
    }
    geometry IndexedFaceSet {
        ccw TRUE
        solid FALSE
        coord DEF co Coordinate {
            point [
                14.2894 4.8425 -1.5755, 13.5532 4.8425 -1.5755, 14.2894 4.8425 -2.1464, 13.5532 4.8425 -2.1464, 14.2894 2.4409 -1.5755, 14.2894 0.6926 -2.1464, 14.2894 0.6926 -1.5755, 14.2894 0.6926 -1.5755
            ]
        }
        coordIndex [
            0,1,2,-1,2,1,3,-1,0,2,4,-1,4,2,5,-1,4,5,6,-1,
        ]
    }
}
Shape{
    appearance Appearance {
        material  Material 	{
            diffuseColor 0.7529411764705882 0.7529411764705882 0.7529411764705882
            specularColor 0.3764705882352941 0.3764705882352941 0.3764705882352941
            ambientIntensity 0.2
            transparency 0
            shininess 0.5
        }
    }
    geometry IndexedFaceSet {
        ccw TRUE
        solid FALSE
        coord DEF co Coordinate {
            point [
                13.5335 3.1102 -2.1464, 13.5335 1.6929 -2.1464, 13.5335 3.1496 -2.107, 13.5335 1.6929 -1.9102, 13.5335 3.1496 -1.9102, 13.0217 1.6929 -2.1464, 13.0217 3.1102 -2.1464, 13.0217 1.6929 -1.9102, 13.0217 3.1496 -2.107, 13.0217 3.1496 -1.9102, 12.9232 3.1496 -2.107, 12.9232 3.1102 -2.1464, 12.9035 3.1299 -2.1267, 12.8839 3.1102 -2.107, 12.8839 1.3976 -2.107, 12.9232 1.2852 -2.1464, 12.5335 5.0521 -2.0414, 12.5335 4.9278 -2.0164, 12.5335 4.9278 -2.0766, 12.5335 5.1575 -2.107, 12.5335 5.1575 -2.048, 12.5335 5.1181 -2.107, 12.5335 5.1181 -2.048, 12.5335 5.102 -2.1067, 12.5335 5.0404 -2.0993, 12.5217 5.1575 -2.107, 12.5217 5.1575 -2.048, 12.6122 5.315 -2.107, 12.6122 5.315 -2.048, 12.6122 5.3543 -2.107, 12.6122 5.3543 -2.048, 12.624 5.3839 -2.107, 12.624 5.3839 -2.048, 12.3287 5.315 -2.107, 12.4193 5.1575 -2.107, 12.3287 5.315 -2.048, 12.4193 5.1575 -2.048, 12.4075 5.1575 -2.107, 12.4075 5.1575 -2.048, 12.4075 5.1181 -2.048, 12.4075 4.9278 -2.0766, 12.4075 4.9278 -2.0164, 12.4075 5.0404 -2.0993, 12.4075 5.0521 -2.0414, 12.4075 5.0563 -2.1021, 12.4075 5.1181 -2.107, 12.3169 5.3839 -2.048, 12.3169 5.3839 -2.107, 12.3287 5.3543 -2.048, 12.3287 5.3543 -2.107, 12.1004 5.0419 -2.0392, 12.1004 4.9672 -2.0217, 12.1004 4.9672 -2.0824, 12.1004 5.1575 -2.107, 12.1004 5.1575 -2.048, 12.1004 5.1181 -2.107, 12.1004 5.1181 -2.048, 12.1004 5.0898 -2.106, 12.1004 5.0285 -2.0967, 12.0886 5.1575 -2.107, 12.0886 5.1575 -2.048, 12.1791 5.315 -2.107, 12.1791 5.315 -2.048, 12.1791 5.3543 -2.107, 12.1791 5.3543 -2.048, 12.1909 5.3839 -2.107, 12.1909 5.3839 -2.048, 11.8957 5.315 -2.107, 11.9862 5.1575 -2.107, 11.8957 5.315 -2.048, 11.9862 5.1575 -2.048, 11.9744 5.1575 -2.107, 11.9744 5.1575 -2.048, 11.9744 5.1181 -2.048, 11.9744 4.9672 -2.0824, 11.9744 4.9672 -2.0217, 11.9744 5.0285 -2.0967, 11.9744 5.0419 -2.0392, 11.9744 5.0563 -2.1022, 11.9744 5.1181 -2.107, 11.8839 5.3839 -2.048, 11.8839 5.3839 -2.107, 11.8957 5.3543 -2.048, 11.8957 5.3543 -2.107, 11.6673 5.0521 -2.0414, 11.6673 4.9278 -2.0164, 11.6673 4.9278 -2.0766, 11.6673 5.1575 -2.107, 11.6673 5.1575 -2.048, 11.6673 5.1181 -2.107, 11.6673 5.1181 -2.048, 11.6673 5.102 -2.1067, 11.6673 5.0404 -2.0993, 11.6555 5.1575 -2.107, 11.6555 5.1575 -2.048, 11.7461 5.315 -2.107, 11.7461 5.315 -2.048, 11.7461 5.3543 -2.107, 11.7461 5.3543 -2.048, 11.7579 5.3839 -2.107, 11.7579 5.3839 -2.048, 11.4626 5.315 -2.107, 11.5531 5.1575 -2.107, 11.4626 5.315 -2.048, 11.5531 5.1575 -2.048, 11.5413 5.1575 -2.107, 11.5413 5.1575 -2.048, 11.5413 5.1181 -2.048, 11.5413 4.9278 -2.0766, 11.5413 4.9278 -2.0164, 11.5413 5.0404 -2.0993, 11.5413 5.0521 -2.0414, 11.5413 5.0563 -2.1021, 11.5413 5.1181 -2.107, 11.4508 5.3839 -2.048, 11.4508 5.3839 -2.107, 11.4626 5.3543 -2.048, 11.4626 5.3543 -2.107, 11.2343 5.0598 -2.0429, 11.2343 4.8097 -1.9986, 11.2343 4.8097 -2.0586, 11.2343 5.1575 -2.107, 11.2343 5.1575 -2.048, 11.2343 5.1181 -2.107, 11.2343 5.1181 -2.048, 11.2343 5.1113 -2.107, 11.2343 5.0495 -2.101, 11.2224 5.1575 -2.107, 11.2224 5.1575 -2.048, 11.313 5.315 -2.107, 11.313 5.315 -2.048, 11.313 5.3543 -2.107, 11.313 5.3543 -2.048, 11.3248 5.3839 -2.107, 11.3248 5.3839 -2.048, 11.0295 5.315 -2.107, 11.1201 5.1575 -2.107, 11.0295 5.315 -2.048, 11.1201 5.1575 -2.048, 11.1083 5.1575 -2.107, 11.1083 5.1575 -2.048, 11.1083 5.1181 -2.048, 11.1083 4.8097 -2.0586, 11.1083 4.8097 -1.9986, 11.1083 5.0495 -2.101, 11.1083 5.0598 -2.0429, 11.1083 5.0563 -2.1021, 11.1083 5.1181 -2.107, 11.0177 5.3839 -2.048, 11.0177 5.3839 -2.107, 11.0295 5.3543 -2.048, 11.0295 5.3543 -2.107, 10.8012 5.0521 -2.0414, 10.8012 4.9278 -2.0164, 10.8012 4.9278 -2.0766, 10.8012 5.1575 -2.107, 10.8012 5.1575 -2.048, 10.8012 5.1181 -2.107, 10.8012 5.1181 -2.048, 10.8012 5.102 -2.1067, 10.8012 5.0404 -2.0993, 10.7894 5.1575 -2.107, 10.7894 5.1575 -2.048, 10.8799 5.315 -2.107, 10.8799 5.315 -2.048, 10.8799 5.3543 -2.107, 10.8799 5.3543 -2.048, 10.8917 5.3839 -2.107, 10.8917 5.3839 -2.048, 10.5965 5.315 -2.107, 10.687 5.1575 -2.107, 10.5965 5.315 -2.048, 10.687 5.1575 -2.048, 10.6752 5.1575 -2.107, 10.6752 5.1575 -2.048, 10.6752 5.1181 -2.048, 10.6752 4.9278 -2.0766, 10.6752 4.9278 -2.0164, 10.6752 5.0404 -2.0993, 10.6752 5.0521 -2.0414, 10.6752 5.0563 -2.1021, 10.6752 5.1181 -2.107, 10.5846 5.3839 -2.048, 10.5846 5.3839 -2.107, 10.5965 5.3543 -2.048, 10.5965 5.3543 -2.107, 10.3681 5.0598 -2.0429, 10.3681 4.8097 -1.9986, 10.3681 4.8097 -2.0586, 10.3681 5.1575 -2.107, 10.3681 5.1575 -2.048, 10.3681 5.1181 -2.107, 10.3681 5.1181 -2.048, 10.3681 5.1113 -2.107, 10.3681 5.0495 -2.101, 10.3563 5.1575 -2.107, 10.3563 5.1575 -2.048, 10.4469 5.315 -2.107, 10.4469 5.315 -2.048, 10.4469 5.3543 -2.107, 10.4469 5.3543 -2.048, 10.4587 5.3839 -2.107, 10.4587 5.3839 -2.048, 10.1634 5.315 -2.107, 10.2539 5.1575 -2.107, 10.1634 5.315 -2.048, 10.2539 5.1575 -2.048, 10.2421 5.1575 -2.107, 10.2421 5.1575 -2.048, 10.2421 5.1181 -2.048, 10.2421 4.8097 -2.0586, 10.2421 4.8097 -1.9986, 10.2421 5.0495 -2.101, 10.2421 5.0598 -2.0429, 10.2421 5.0563 -2.1021, 10.2421 5.1181 -2.107, 10.1516 5.3839 -2.048, 10.1516 5.3839 -2.107, 10.1634 5.3543 -2.048, 10.1634 5.3543 -2.107, 9.935 5.0521 -2.0414, 9.935 4.9278 -2.0164, 9.935 4.9278 -2.0766, 9.935 5.1575 -2.107, 9.935 5.1575 -2.048, 9.935 5.1181 -2.107, 9.935 5.1181 -2.048, 9.935 5.102 -2.1067, 9.935 5.0404 -2.0993, 9.9232 5.1575 -2.107, 9.9232 5.1575 -2.048, 10.0138 5.315 -2.107, 10.0138 5.315 -2.048, 10.0138 5.3543 -2.107, 10.0138 5.3543 -2.048, 10.0256 5.3839 -2.107, 10.0256 5.3839 -2.048, 9.7303 5.315 -2.107, 9.8209 5.1575 -2.107, 9.7303 5.315 -2.048, 9.8209 5.1575 -2.048, 9.8091 5.1575 -2.107, 9.8091 5.1575 -2.048, 9.8091 5.1181 -2.048, 9.8091 4.9278 -2.0766, 9.8091 4.9278 -2.0164, 9.8091 5.0404 -2.0993, 9.8091 5.0521 -2.0414, 9.8091 5.0563 -2.1021, 9.8091 5.1181 -2.107, 9.7185 5.3839 -2.048, 9.7185 5.3839 -2.107, 9.7303 5.3543 -2.048, 9.7303 5.3543 -2.107, 9.7303 5.3543 -2.107
            ]
        }
        coordIndex [
            0,1,2,-1,2,1,3,-1,2,3,4,-1,5,6,7,-1,7,6,8,-1,7,8,9,-1,8,6,10,-1,10,6,11,-1,10,11,12,-1,13,12,14,-1,14,12,11,-1,14,11,15,-1,16,17,18,-1,19,20,21,-1,21,20,22,-1,21,22,23,-1,23,22,16,-1,23,16,24,-1,24,16,18,-1,19,25,20,-1,20,25,26,-1,25,27,26,-1,26,27,28,-1,27,29,28,-1,28,29,30,-1,29,31,30,-1,30,31,32,-1,33,34,35,-1,35,34,36,-1,34,37,36,-1,36,37,38,-1,39,38,37,-1,40,41,42,-1,42,41,43,-1,42,43,44,-1,44,43,39,-1,44,39,45,-1,45,39,37,-1,46,47,48,-1,48,47,49,-1,49,33,48,-1,48,33,35,-1,50,51,52,-1,53,54,55,-1,55,54,56,-1,55,56,57,-1,57,56,50,-1,57,50,58,-1,58,50,52,-1,53,59,54,-1,54,59,60,-1,59,61,60,-1,60,61,62,-1,61,63,62,-1,62,63,64,-1,63,65,64,-1,64,65,66,-1,67,68,69,-1,69,68,70,-1,68,71,70,-1,70,71,72,-1,73,72,71,-1,74,75,76,-1,76,75,77,-1,76,77,78,-1,78,77,73,-1,78,73,79,-1,79,73,71,-1,80,81,82,-1,82,81,83,-1,83,67,82,-1,82,67,69,-1,84,85,86,-1,87,88,89,-1,89,88,90,-1,89,90,91,-1,91,90,84,-1,91,84,92,-1,92,84,86,-1,87,93,88,-1,88,93,94,-1,93,95,94,-1,94,95,96,-1,95,97,96,-1,96,97,98,-1,97,99,98,-1,98,99,100,-1,101,102,103,-1,103,102,104,-1,102,105,104,-1,104,105,106,-1,107,106,105,-1,108,109,110,-1,110,109,111,-1,110,111,112,-1,112,111,107,-1,112,107,113,-1,113,107,105,-1,114,115,116,-1,116,115,117,-1,117,101,116,-1,116,101,103,-1,118,119,120,-1,121,122,123,-1,123,122,124,-1,123,124,125,-1,125,124,118,-1,125,118,126,-1,126,118,120,-1,121,127,122,-1,122,127,128,-1,127,129,128,-1,128,129,130,-1,129,131,130,-1,130,131,132,-1,131,133,132,-1,132,133,134,-1,135,136,137,-1,137,136,138,-1,136,139,138,-1,138,139,140,-1,141,140,139,-1,142,143,144,-1,144,143,145,-1,144,145,146,-1,146,145,141,-1,146,141,147,-1,147,141,139,-1,148,149,150,-1,150,149,151,-1,151,135,150,-1,150,135,137,-1,152,153,154,-1,155,156,157,-1,157,156,158,-1,157,158,159,-1,159,158,152,-1,159,152,160,-1,160,152,154,-1,155,161,156,-1,156,161,162,-1,161,163,162,-1,162,163,164,-1,163,165,164,-1,164,165,166,-1,165,167,166,-1,166,167,168,-1,169,170,171,-1,171,170,172,-1,170,173,172,-1,172,173,174,-1,175,174,173,-1,176,177,178,-1,178,177,179,-1,178,179,180,-1,180,179,175,-1,180,175,181,-1,181,175,173,-1,182,183,184,-1,184,183,185,-1,185,169,184,-1,184,169,171,-1,186,187,188,-1,189,190,191,-1,191,190,192,-1,191,192,193,-1,193,192,186,-1,193,186,194,-1,194,186,188,-1,189,195,190,-1,190,195,196,-1,195,197,196,-1,196,197,198,-1,197,199,198,-1,198,199,200,-1,199,201,200,-1,200,201,202,-1,203,204,205,-1,205,204,206,-1,204,207,206,-1,206,207,208,-1,209,208,207,-1,210,211,212,-1,212,211,213,-1,212,213,214,-1,214,213,209,-1,214,209,215,-1,215,209,207,-1,216,217,218,-1,218,217,219,-1,219,203,218,-1,218,203,205,-1,220,221,222,-1,223,224,225,-1,225,224,226,-1,225,226,227,-1,227,226,220,-1,227,220,228,-1,228,220,222,-1,223,229,224,-1,224,229,230,-1,229,231,230,-1,230,231,232,-1,231,233,232,-1,232,233,234,-1,233,235,234,-1,234,235,236,-1,237,238,239,-1,239,238,240,-1,238,241,240,-1,240,241,242,-1,243,242,241,-1,244,245,246,-1,246,245,247,-1,246,247,248,-1,248,247,243,-1,248,243,249,-1,249,243,241,-1,250,251,252,-1,252,251,253,-1,253,237,252,-1,252,237,239,-1,
        ]
    }
}
Shape{
    appearance Appearance {
        material  Material 	{
            diffuseColor 0.25098039215686274 0.25098039215686274 0.25098039215686274
            specularColor 0.12549019607843137 0.12549019607843137 0.12549019607843137
            ambientIntensity 0.2
            transparency 0
            shininess 0.5
        }
    }
    geometry IndexedFaceSet {
        ccw TRUE
        solid FALSE
        coord DEF co Coordinate {
            point [
                9.5925 5.6693 -2.044, 9.5925 5.6693 -2.107, 9.5925 5.6201 -2.107, 9.5925 5.6201 -2.048, 9.5925 5.561 -2.048, 9.5925 5.1181 -2.044, 9.5925 5.3839 -2.107, 9.5925 5.1181 -2.107, 9.5925 5.3839 -2.048, 9.5925 5.4035 -2.048, 9.5925 5.4035 -2.107, 9.5925 5.561 -2.107, 9.5925 5.561 -2.107
            ]
        }
        coordIndex [
            0,1,2,-1,2,3,0,-1,0,3,4,-1,0,4,5,-1,6,7,8,-1,8,7,5,-1,8,5,9,-1,9,5,4,-1,9,4,10,-1,10,4,11,-1,
        ]
    }
}
Shape{
    appearance Appearance {
        material  Material 	{
            diffuseColor 0.7529411764705882 0.7529411764705882 0.7529411764705882
            specularColor 0.3764705882352941 0.3764705882352941 0.3764705882352941
            ambientIntensity 0.2
            transparency 0
            shininess 0.5
        }
    }
    geometry IndexedFaceSet {
        ccw TRUE
        solid FALSE
        coord DEF co Coordinate {
            point [
                8.9204 5.2753 -1.7371, 8.9192 5.282 -1.7488, 8.8839 5.275 -1.7488, 8.8839 5.2609 -1.7291, 8.9218 5.2683 -1.7291, 8.8839 5.268 -1.7373, 8.8839 5.2711 -1.7409, 8.9184 5.2859 -1.7617, 8.9182 5.2868 -1.7724, 8.8839 5.2802 -1.7724, 8.8839 5.2799 -1.7664, 8.8839 5.2789 -1.7617, 8.8839 5.277 -1.7529, 8.9509 5.1181 -1.7133, 8.9551 5.0965 -1.7133, 8.9509 5.1181 -1.7291, 8.9551 5.0965 -1.9102, 8.9294 5.2288 -1.9102, 8.9182 5.2868 -1.8511, 8.9276 5.2386 -1.9093, 8.9206 5.2746 -1.8874, 8.9225 5.2645 -1.8977, 8.9249 5.2522 -1.9052, 8.9192 5.2819 -1.8749, 8.9184 5.286 -1.861, 8.9184 5.286 -1.861
            ]
        }
        coordIndex [
            0,1,2,-1,3,4,5,-1,5,4,0,-1,5,0,6,-1,6,0,2,-1,7,8,9,-1,9,10,7,-1,7,10,11,-1,7,11,1,-1,1,11,12,-1,1,12,2,-1,13,14,15,-1,15,14,16,-1,16,17,18,-1,18,17,19,-1,16,18,15,-1,15,18,8,-1,15,8,7,-1,7,1,15,-1,15,1,0,-1,15,0,4,-1,20,19,21,-1,21,19,22,-1,20,23,19,-1,19,23,24,-1,19,24,18,-1,
        ]
    }
}
Shape{
    appearance Appearance {
        material  Material 	{
            diffuseColor 0.25098039215686274 0.25098039215686274 0.25098039215686274
            specularColor 0.12549019607843137 0.12549019607843137 0.12549019607843137
            ambientIntensity 0.2
            transparency 0
            shininess 0.5
        }
    }
    geometry IndexedFaceSet {
        ccw TRUE
        solid FALSE
        coord DEF co Coordinate {
            point [
                8.8287 5.1181 -1.674, 8.8287 5.1181 -1.9496, 8.8839 5.1181 -1.9496, 8.8839 5.1181 -1.7291, 8.8907 5.1181 -1.7291, 8.8907 5.1181 -1.7133, 8.9509 5.1181 -1.7291, 9.0256 5.1181 -1.7291, 8.9509 5.1181 -1.7133, 9.0256 5.1181 -1.5755, 8.8878 5.1181 -1.5755, 8.8878 5.1181 -1.5755
            ]
        }
        coordIndex [
            0,1,2,-1,2,3,0,-1,0,3,4,-1,0,4,5,-1,6,7,8,-1,8,7,9,-1,8,9,5,-1,5,9,10,-1,5,10,0,-1,
        ]
    }
}
Shape{
    appearance Appearance {
        material  Material 	{
            diffuseColor 0.7529411764705882 0.7529411764705882 0.7529411764705882
            specularColor 0.3764705882352941 0.3764705882352941 0.3764705882352941
            ambientIntensity 0.2
            transparency 0
            shininess 0.5
        }
    }
    geometry IndexedFaceSet {
        ccw TRUE
        solid FALSE
        coord DEF co Coordinate {
            point [
                9.0256 5.3937 -1.5755, 9.0256 5.1181 -1.5755, 9.0256 5.3937 -1.7291, 9.0256 5.1181 -1.7291, 9.1004 5.3937 -1.7291, 9.1004 5.3937 -1.5755, 11.9587 5.3937 -1.8511, 11.9587 5.3937 -1.7291, 12.1161 5.3937 -1.8511, 12.1161 5.3937 -1.7291, 12.1161 5.3937 -1.7291
            ]
        }
        coordIndex [
            0,1,2,-1,2,1,3,-1,4,5,2,-1,2,5,0,-1,6,7,8,-1,8,7,9,-1,
        ]
    }
}
Shape{
    appearance Appearance {
        material  Material 	{
            diffuseColor 0.25098039215686274 0.25098039215686274 0.25098039215686274
            specularColor 0.12549019607843137 0.12549019607843137 0.12549019607843137
            ambientIntensity 0.2
            transparency 0
            shininess 0.5
        }
    }
    geometry IndexedFaceSet {
        ccw TRUE
        solid FALSE
        coord DEF co Coordinate {
            point [
                9.0912 5.3929 -1.5755, 9.1004 5.3937 -1.5755, 9.1004 5.3937 -1.7291, 9.0461 5.3478 -1.8511, 9.0453 5.3386 -1.8511, 9.0453 5.3386 -1.5755, 9.0461 5.3478 -1.5755, 9.05 5.3608 -1.5755, 9.05 5.3608 -1.8511, 9.0569 5.3725 -1.5755, 9.0569 5.3725 -1.8511, 9.0665 5.3821 -1.5755, 9.0665 5.3821 -1.8511, 9.0782 5.389 -1.5755, 9.0782 5.389 -1.8511, 9.0912 5.3929 -1.8511, 9.1004 5.3937 -1.8511, 9.1004 5.3937 -1.8511
            ]
        }
        coordIndex [
            0,1,2,-1,3,4,5,-1,5,6,3,-1,3,6,7,-1,3,7,8,-1,8,7,9,-1,8,9,10,-1,10,9,11,-1,10,11,12,-1,12,11,13,-1,12,13,14,-1,14,13,0,-1,14,0,15,-1,15,0,2,-1,15,2,16,-1,
        ]
    }
}
Shape{
    appearance Appearance {
        material  Material 	{
            diffuseColor 0.7529411764705882 0.7529411764705882 0.7529411764705882
            specularColor 0.3764705882352941 0.3764705882352941 0.3764705882352941
            ambientIntensity 0.2
            transparency 0
            shininess 0.5
        }
    }
    geometry IndexedFaceSet {
        ccw TRUE
        solid FALSE
        coord DEF co Coordinate {
            point [
                8.987 4.8327 -1.6936, 9.0453 4.794 -1.6936, 8.987 4.8327 -1.8905, 9.0453 4.794 -1.8511, 9.155 4.7211 -1.8905, 9.15 4.7244 -1.8511, 9.155 4.7211 -1.8511, 9.1853 4.5189 -1.8511, 9.17 4.5031 -1.8511, 9.17 4.5031 -1.8905, 9.1723 4.7074 -1.8905, 9.1853 4.5189 -1.8905, 9.2037 4.5483 -1.8905, 9.2037 4.5483 -1.8511, 9.2142 4.5812 -1.8905, 9.2142 4.5812 -1.8511, 9.2162 4.6158 -1.8905, 9.2162 4.6158 -1.8511, 9.2095 4.6497 -1.8905, 9.2095 4.6497 -1.8511, 9.1946 4.6809 -1.8905, 9.1946 4.6809 -1.8511, 9.1723 4.7074 -1.8511, 9.0453 4.3928 -1.733, 8.9806 4.3356 -1.733, 9.0453 4.3928 -1.8511, 8.9806 4.3356 -1.8905, 8.9806 4.3356 -1.8905
            ]
        }
        coordIndex [
            0,1,2,-1,2,1,3,-1,2,3,4,-1,4,3,5,-1,4,5,6,-1,7,8,9,-1,10,4,6,-1,9,11,7,-1,7,11,12,-1,7,12,13,-1,13,12,14,-1,13,14,15,-1,15,14,16,-1,15,16,17,-1,17,16,18,-1,17,18,19,-1,19,18,20,-1,19,20,21,-1,21,20,10,-1,21,10,22,-1,22,10,6,-1,23,24,25,-1,25,24,26,-1,25,26,8,-1,8,26,9,-1,
        ]
    }
}
Shape{
    appearance Appearance {
        material  Material 	{
            diffuseColor 0.25098039215686274 0.25098039215686274 0.25098039215686274
            specularColor 0.12549019607843137 0.12549019607843137 0.12549019607843137
            ambientIntensity 0.2
            transparency 0
            shininess 0.5
        }
    }
    geometry IndexedFaceSet {
        ccw TRUE
        solid FALSE
        coord DEF co Coordinate {
            point [
                9.0449 4.7242 -1.6937, 9.0453 4.7244 -1.5755, 9.0453 4.794 -1.6936, 9.0453 5.3386 -1.5755, 9.0453 4.794 -1.8511, 9.0453 5.3386 -1.8511, 9.0453 5.3386 -1.8511
            ]
        }
        coordIndex [
            0,1,2,-1,2,1,3,-1,2,3,4,-1,4,3,5,-1,
        ]
    }
}
Shape{
    appearance Appearance {
        material  Material 	{
            diffuseColor 0.7529411764705882 0.7529411764705882 0.7529411764705882
            specularColor 0.3764705882352941 0.3764705882352941 0.3764705882352941
            ambientIntensity 0.2
            transparency 0
            shininess 0.5
        }
    }
    geometry IndexedFaceSet {
        ccw TRUE
        solid FALSE
        coord DEF co Coordinate {
            point [
                12.8839 1.7913 -1.8511, 12.8839 1.7913 -1.9181, 12.8883 1.7386 -1.8511, 12.8877 1.7417 -1.9181, 13.1433 1.4812 -1.9181, 13.1461 1.481 -1.9181, 13.1461 1.4808 -1.8511, 13.1988 1.4764 -1.9181, 13.1988 1.4764 -1.8511, 13.0899 1.4958 -1.9181, 13.0718 1.5031 -1.8511, 13.0723 1.5041 -1.9181, 13.0395 1.5196 -1.9181, 13.0052 1.5429 -1.8511, 13.0057 1.5436 -1.9181, 12.9944 1.5517 -1.9181, 12.9504 1.5977 -1.8511, 12.9554 1.5914 -1.9181, 12.9106 1.6643 -1.8511, 12.9241 1.6372 -1.9181, 12.9509 1.5981 -1.9181, 12.8885 1.7386 -1.9181, 12.9013 1.6879 -1.9181, 12.9117 1.6648 -1.9181, 12.8839 1.3976 -2.107, 12.8839 1.3976 -1.9181, 12.8839 3.1102 -1.8511, 12.8839 3.1102 -2.107, 12.9232 3.1496 -1.8511, 12.9232 3.1496 -2.107, 12.9035 3.1299 -2.1267, 13.0217 3.1496 -2.107, 13.0217 3.1496 -1.9102, 13.0218 3.1496 -1.9007, 13.0286 3.1496 -1.8511, 13.0286 1.6929 -1.8511, 13.0217 1.6929 -1.9102, 13.376 1.6929 -1.8511, 13.0217 1.6929 -2.1464, 13.5335 1.6929 -2.1464, 13.5335 1.6929 -1.9102, 13.376 1.6929 -1.674, 13.4209 1.6929 -1.6982, 13.4704 1.6929 -1.7419, 13.507 1.6929 -1.7969, 13.5284 1.6929 -1.8594, 13.376 4.7244 -1.5755, 13.376 4.7244 -1.8175, 13.376 5.3386 -1.5755, 13.376 5.315 -1.8175, 13.376 5.3246 -1.8166, 13.376 5.3348 -1.8133, 13.376 5.3386 -1.812, 13.2783 4.6354 -2.014, 13.2783 4.6421 -2.0187, 13.311 4.6417 -2.0143, 13.2784 4.6708 -2.0304, 13.2784 4.685 -2.0322, 13.2955 4.685 -2.0299, 13.3257 4.6063 -1.9196, 13.3225 4.6063 -1.926, 13.335 4.6075 -1.9325, 13.3127 4.6063 -1.9395, 13.3083 4.6063 -1.9427, 13.3168 4.6075 -1.954, 13.3474 4.6151 -1.8511, 13.3435 4.6132 -1.8511, 13.3476 4.6116 -1.8645, 13.3382 4.6118 -1.8511, 13.3347 4.6075 -1.8715, 13.33 4.6095 -1.8511, 13.3174 4.6083 -1.8511, 13.376 4.635 -1.8492, 13.376 4.6338 -1.8511, 13.3861 4.6351 -1.8742, 13.3728 4.6312 -1.8511, 13.376 4.6352 -1.8489, 13.3762 4.6351 -1.8491, 13.376 4.6394 -1.8423, 13.3805 4.6417 -1.8468, 13.376 4.6418 -1.8396, 13.3841 4.6487 -1.8449, 13.376 4.6497 -1.8311, 13.387 4.6559 -1.8433, 13.376 4.6559 -1.8268, 13.376 4.6607 -1.8235, 13.3892 4.6632 -1.8421, 13.376 4.6633 -1.8225, 13.3907 4.6706 -1.8413, 13.376 4.6728 -1.8189, 13.3916 4.6779 -1.8408, 13.376 4.6779 -1.8183, 13.3026 4.6063 -1.9469, 13.2924 4.6063 -1.9513, 13.2961 4.6075 -1.9645, 13.2922 4.6063 -1.9513, 13.278 4.6075 -1.9672, 13.2818 4.6063 -1.9533, 13.2779 4.6063 -1.9535, 13.3203 4.6063 -1.9305, 13.3285 4.6063 -1.9075, 13.3424 4.6075 -1.902, 13.3285 4.6063 -1.902, 13.3223 4.6063 -1.8782, 13.3253 4.6063 -1.8838, 13.3284 4.6063 -1.8966, 13.3011 4.6063 -1.8569, 13.3079 4.6063 -1.8615, 13.3117 4.6063 -1.8642, 13.3196 4.6063 -1.8732, 13.2772 4.6063 -1.8511, 13.2901 4.6063 -1.8527, 13.2925 4.6064 -1.8511, 13.2916 4.6063 -1.8533, 13.2981 4.6064 -1.8511, 13.3139 4.6079 -1.8511, 13.2782 4.6226 -2.0015, 13.2924 4.6291 -2.0078, 13.2906 4.6189 -1.9952, 13.3044 4.6189 -1.9922, 13.3004 4.6116 -1.9786, 13.2781 4.6121 -1.9824, 13.2781 4.6129 -1.9851, 13.2782 4.6193 -1.9959, 13.2782 4.6196 -1.9963, 13.278 4.6075 -1.9672, 13.278 4.6077 -1.9678, 13.2781 4.6119 -1.9818, 13.3081 4.6291 -2.0044, 13.3192 4.6189 -1.9864, 13.3257 4.6116 -1.9657, 13.3249 4.6291 -1.9978, 13.3344 4.6189 -1.977, 13.3379 4.6116 -1.9543, 13.371 4.6294 -1.8521, 13.3602 4.6189 -1.8578, 13.3807 4.6291 -1.8756, 13.3684 4.6189 -1.8788, 13.3841 4.6291 -1.9017, 13.3714 4.6189 -1.9018, 13.381 4.6291 -1.928, 13.3687 4.6189 -1.9249, 13.3719 4.6291 -1.9519, 13.3606 4.6189 -1.946, 13.3583 4.6291 -1.9719, 13.3487 4.6189 -1.9636, 13.3421 4.6291 -1.9872, 13.354 4.6149 -1.8611, 13.3546 4.6116 -1.8823, 13.3572 4.6116 -1.9019, 13.3549 4.6116 -1.9215, 13.348 4.6116 -1.9394, 13.4023 4.685 -1.87, 13.397 4.685 -1.8513, 13.3911 4.685 -1.8411, 13.3799 4.685 -1.8223, 13.376 4.685 -1.8175, 13.4072 4.6779 -1.9016, 13.403 4.6779 -1.8698, 13.4061 4.6706 -1.9016, 13.402 4.6706 -1.87, 13.4044 4.6632 -1.9016, 13.4003 4.6632 -1.8705, 13.4019 4.6559 -1.9016, 13.3979 4.6559 -1.8711, 13.3986 4.6487 -1.9017, 13.3947 4.6487 -1.8719, 13.3945 4.6417 -1.9017, 13.3907 4.6417 -1.873, 13.3896 4.6351 -1.9017, 13.3144 4.6706 -2.0255, 13.3146 4.685 -2.0265, 13.3294 4.685 -2.0205, 13.2955 4.6706 -2.0296, 13.2972 4.685 -2.0297, 13.3116 4.685 -2.0277, 13.2949 4.6559 -2.0254, 13.2784 4.6656 -2.0298, 13.2784 4.6707 -2.0304, 13.3394 4.685 -2.0166, 13.356 4.6779 -2.0055, 13.3351 4.685 -2.0183, 13.3347 4.6706 -2.0175, 13.3556 4.685 -2.0049, 13.3581 4.685 -2.0032, 13.366 4.685 -1.9975, 13.3757 4.6779 -1.9869, 13.3753 4.685 -1.9865, 13.3815 4.685 -1.9792, 13.3339 4.6632 -2.016, 13.3554 4.6706 -2.0047, 13.3857 4.685 -1.9743, 13.3918 4.685 -1.9624, 13.3923 4.6779 -1.9626, 13.3981 4.685 -1.95, 13.3995 4.685 -1.9472, 13.4033 4.6779 -1.9335, 13.4026 4.685 -1.9333, 13.4062 4.685 -1.9174, 13.4069 4.685 -1.9144, 13.4075 4.685 -1.9023, 13.4061 4.685 -1.8837, 13.3328 4.6559 -2.0137, 13.3543 4.6632 -2.0033, 13.375 4.6706 -1.9863, 13.2944 4.6487 -2.0221, 13.2784 4.6561 -2.0261, 13.2784 4.6562 -2.0262, 13.3132 4.6559 -2.0214, 13.3122 4.6487 -2.0183, 13.3295 4.6417 -2.0071, 13.2783 4.6423 -2.0189, 13.2784 4.6483 -2.0232, 13.2784 4.6487 -2.0233, 13.2782 4.624 -2.003, 13.2783 4.6293 -2.0087, 13.2783 4.6295 -2.009, 13.2783 4.6318 -2.0115, 13.3097 4.6351 -2.0097, 13.3811 4.6417 -1.9567, 13.3661 4.6417 -1.9786, 13.3847 4.6487 -1.9586, 13.3692 4.6487 -1.9813, 13.3876 4.6559 -1.9602, 13.3717 4.6559 -1.9835, 13.3898 4.6632 -1.9613, 13.3736 4.6632 -1.9851, 13.3914 4.6706 -1.9621, 13.3768 4.6351 -1.9545, 13.3625 4.6351 -1.9755, 13.3483 4.6417 -1.9954, 13.3508 4.6487 -1.9986, 13.3528 4.6559 -2.0013, 13.3864 4.6351 -1.9293, 13.391 4.6417 -1.9304, 13.395 4.6487 -1.9314, 13.3982 4.6559 -1.9322, 13.4007 4.6632 -1.9328, 13.4024 4.6706 -1.9333, 13.3558 4.6191 -1.8511, 13.3706 4.6294 -1.8511, 13.3608 4.6215 -1.8511, 13.1507 4.6634 -1.9033, 13.149 4.6707 -1.9034, 13.1532 4.6707 -1.9349, 13.2596 4.6076 -1.9653, 13.2386 4.6076 -1.955, 13.2299 4.6118 -1.9668, 13.1793 4.6344 -1.8512, 13.1828 4.6294 -1.8529, 13.1838 4.6294 -1.8511, 13.16 4.6708 -1.8512, 13.1526 4.6707 -1.8717, 13.1543 4.6634 -1.8721, 13.1585 4.678 -1.8511, 13.1581 4.685 -1.8511, 13.1559 4.685 -1.8568, 13.1517 4.678 -1.8715, 13.1586 4.6766 -1.8512, 13.1685 4.6354 -1.8756, 13.1711 4.6435 -1.8512, 13.1638 4.642 -1.8744, 13.1682 4.6491 -1.8512, 13.1599 4.6489 -1.8735, 13.1645 4.6562 -1.8512, 13.1567 4.6561 -1.8727, 13.1627 4.6595 -1.8513, 13.1618 4.6634 -1.8512, 13.194 4.6191 -1.8587, 13.199 4.6195 -1.851, 13.1937 4.6219 -1.8511, 13.1839 4.6292 -1.8511, 13.2145 4.6123 -1.8508, 13.2065 4.6118 -1.8652, 13.2165 4.612 -1.8508, 13.2626 4.6063 -1.8534, 13.2611 4.6066 -1.8511, 13.2524 4.6063 -1.8577, 13.2432 4.607 -1.851, 13.2467 4.6063 -1.862, 13.2383 4.6079 -1.851, 13.2423 4.6063 -1.8652, 13.2628 4.6063 -1.8533, 13.2732 4.6063 -1.8513, 13.2195 4.6076 -1.872, 13.1997 4.6118 -1.8832, 13.186 4.6191 -1.8799, 13.1738 4.6294 -1.8769, 13.1781 4.6357 -1.8512, 13.2293 4.6063 -1.8851, 13.2325 4.6063 -1.8788, 13.2348 4.6063 -1.8742, 13.2375 4.6081 -1.851, 13.2641 4.6294 -2.0083, 13.2518 4.6191 -1.993, 13.2215 4.6191 -1.9781, 13.25 4.6239 -1.9993, 13.2176 4.6239 -1.9834, 13.2455 4.642 -2.0149, 13.2483 4.6294 -2.0051, 13.2329 4.6063 -1.9266, 13.2299 4.6063 -1.921, 13.22 4.6076 -1.9336, 13.2121 4.6076 -1.9028, 13.1974 4.6118 -1.903, 13.2071 4.6118 -1.9406, 13.2 4.6118 -1.9226, 13.1833 4.6191 -1.9031, 13.2556 4.6118 -1.9794, 13.2541 4.6063 -1.9478, 13.2474 4.6063 -1.9432, 13.2435 4.6063 -1.9405, 13.2356 4.6063 -1.9316, 13.1637 4.678 -1.9641, 13.1522 4.678 -1.9352, 13.1515 4.685 -1.9339, 13.1532 4.6561 -1.9033, 13.1548 4.6634 -1.9345, 13.1598 4.685 -1.9554, 13.1628 4.685 -1.9631, 13.1805 4.678 -1.9882, 13.1772 4.685 -1.984, 13.2256 4.6151 -1.9725, 13.2008 4.6151 -1.944, 13.1947 4.6191 -1.9473, 13.1864 4.6191 -1.9262, 13.1742 4.6294 -1.9294, 13.1707 4.6294 -1.9032, 13.1689 4.6354 -1.9308, 13.1653 4.6354 -1.9032, 13.1643 4.642 -1.932, 13.1605 4.642 -1.9033, 13.1604 4.6489 -1.933, 13.1564 4.6489 -1.9033, 13.1572 4.6561 -1.9339, 13.1682 4.6561 -1.9617, 13.1844 4.6561 -1.9848, 13.1711 4.6489 -1.9601, 13.1869 4.6489 -1.9826, 13.1747 4.642 -1.9582, 13.1899 4.642 -1.9799, 13.1789 4.6354 -1.9559, 13.1935 4.6354 -1.9768, 13.1836 4.6294 -1.9533, 13.1976 4.6294 -1.9731, 13.207 4.6191 -1.9648, 13.18 4.685 -1.9881, 13.2 4.685 -2.0065, 13.2005 4.678 -2.0065, 13.2004 4.685 -2.0067, 13.2014 4.685 -2.0073, 13.2216 4.685 -2.0192, 13.222 4.6707 -2.0183, 13.2011 4.6707 -2.0057, 13.1813 4.6707 -1.9876, 13.1645 4.6707 -1.9637, 13.148 4.678 -1.9034, 13.2422 4.685 -2.0266, 13.2424 4.6707 -2.026, 13.2311 4.685 -2.0231, 13.2249 4.685 -2.0211, 13.2515 4.685 -2.0296, 13.2613 4.6707 -2.0299, 13.2619 4.6561 -2.0257, 13.2637 4.685 -2.0308, 13.2612 4.685 -2.0305, 13.2036 4.6561 -2.0023, 13.2238 4.6561 -2.0145, 13.2056 4.6489 -1.9997, 13.227 4.642 -2.0079, 13.208 4.642 -1.9965, 13.2314 4.6294 -1.9987, 13.214 4.6294 -1.9882, 13.1661 4.6634 -1.9629, 13.1826 4.6634 -1.9864, 13.2021 4.6634 -2.0043, 13.2227 4.6634 -2.0167, 13.2435 4.6561 -2.022, 13.2628 4.642 -2.0185, 13.1524 4.685 -1.8716, 13.1483 4.685 -1.8897, 13.1476 4.685 -1.9023, 13.1502 4.685 -1.9233, 13.2636 4.6063 -1.9514, 13.2652 4.6063 -1.952, 13.2267 4.6063 -1.9081, 13.2267 4.6063 -1.9027, 13.2266 4.6063 -1.8973, 13.1581 4.7244 -1.8511, 13.1581 5.315 -1.8511, 13.1562 5.315 -1.8569, 13.3797 5.315 -1.8224, 13.3846 5.315 -1.8286, 13.3964 5.315 -1.8516, 13.3997 5.315 -1.858, 13.4055 5.315 -1.8839, 13.4069 5.315 -1.8901, 13.406 5.315 -1.9174, 13.4058 5.315 -1.9231, 13.3978 5.315 -1.95, 13.3965 5.315 -1.9547, 13.3816 5.315 -1.9793, 13.3794 5.315 -1.9829, 13.3583 5.315 -2.0036, 13.3296 5.315 -2.021, 13.3559 5.315 -2.006, 13.3272 5.315 -2.0224, 13.2973 5.315 -2.0305, 13.2637 5.315 -2.0313, 13.2954 5.315 -2.031, 13.2625 5.315 -2.0313, 13.2309 5.315 -2.0235, 13.2305 5.315 -2.0234, 13.2015 5.315 -2.0076, 13.2013 5.315 -2.0075, 13.1774 5.315 -1.9851, 13.1769 5.315 -1.9843, 13.1496 5.315 -1.9233, 13.1498 5.315 -1.9258, 13.1593 5.315 -1.9556, 13.1598 5.315 -1.9572, 13.1517 5.315 -1.87, 13.1483 5.315 -1.8897, 13.1482 5.315 -1.8899, 13.148 5.315 -1.8929, 13.0885 5.3927 -1.851, 13.0778 5.3935 -1.8511, 13.0891 5.3924 -1.854, 13.1457 5.3348 -1.8897, 13.1458 5.3346 -1.8897, 13.1493 5.3346 -1.8694, 13.1391 5.3518 -1.889, 13.1429 5.3518 -1.8677, 13.1316 5.3683 -1.8648, 13.1309 5.3635 -1.8883, 13.1275 5.3683 -1.8879, 13.1223 5.3771 -1.8625, 13.118 5.3771 -1.887, 13.1064 5.3869 -1.8584, 13.1017 5.3869 -1.8855, 13.0753 5.3937 -1.8511, 13.0698 5.3937 -1.8824, 13.0811 5.3927 -1.8835, 13.0839 5.3924 -1.8838, 13.0998 5.3875 -1.8853, 13.1245 5.3779 -1.8511, 13.1085 5.3869 -1.8509, 13.1081 5.3871 -1.8509, 13.0899 5.3923 -1.851, 13.1498 5.3488 -1.8514, 13.1479 5.3516 -1.8513, 13.1396 5.3641 -1.8512, 13.1354 5.3679 -1.8512, 13.1552 5.3345 -1.8513, 13.1559 5.3327 -1.8513, 13.3563 0.6102 -1.9181, 13.3563 0.2165 -2.0677, 13.3563 1.4764 -1.9181, 13.3563 1.2795 -2.1464, 13.3563 1.4764 -2.1464, 13.3563 0.5586 -1.8511, 13.3563 0.3993 -1.8511, 13.3563 0.2165 -1.9496, 13.1594 0.3993 -1.8511, 13.1594 0.2165 -1.9496, 13.1594 0.5586 -1.8511, 13.1594 0.6102 -1.9181, 13.1594 0.6102 -2.0968, 13.1594 0.2165 -2.0677, 9.8163 4.0846 -1.8511, 9.8161 4.1024 -1.8747, 9.8199 4.0846 -1.8511, 9.928 4.1024 -1.8747, 9.9242 4.0846 -1.8511, 9.9278 4.0846 -1.8511, 9.8154 4.1605 -1.8511, 9.8155 4.1713 -1.8585, 9.8158 4.1396 -1.9077, 9.8159 4.1259 -1.8992, 9.816 4.118 -1.891, 9.8156 4.1549 -1.9172, 9.8155 4.1767 -1.8622, 9.8156 4.164 -1.9202, 9.8154 4.1847 -1.8651, 9.8154 4.1854 -1.9272, 9.8091 4.9278 -2.0164, 9.8091 4.9278 -2.0766, 9.8153 4.1971 -1.8693, 9.8153 4.1945 -1.8687, 9.9288 4.171 -1.8589, 9.9286 4.1605 -1.8511, 9.9242 4.1605 -1.8511, 9.8199 4.1605 -1.8511, 9.9288 4.1845 -1.8656, 9.9288 4.1971 -1.8693, 10.3609 3.9665 -1.8511, 10.2494 3.9665 -1.8511, 10.361 3.9843 -1.8747, 10.2492 3.9843 -1.8747, 10.2486 4.0586 -1.8622, 10.2486 4.0537 -1.8588, 10.3619 4.0534 -1.8592, 10.2485 4.0424 -1.8511, 10.3617 4.0424 -1.8511, 10.2485 4.0678 -1.8656, 10.3619 4.0676 -1.8661, 10.2484 4.0764 -1.8687, 10.3619 4.0808 -1.8696, 10.2484 4.0808 -1.8696, 10.6824 4.0846 -1.8511, 10.6823 4.1024 -1.8747, 10.686 4.0846 -1.8511, 10.7941 4.1024 -1.8747, 10.7904 4.0846 -1.8511, 10.794 4.0846 -1.8511, 10.6815 4.1605 -1.8511, 10.6816 4.1713 -1.8585, 10.6819 4.1396 -1.9077, 10.682 4.1259 -1.8992, 10.6821 4.118 -1.891, 10.6818 4.1549 -1.9172, 10.6816 4.1767 -1.8622, 10.6817 4.164 -1.9202, 10.6816 4.1847 -1.8651, 10.6816 4.1854 -1.9272, 10.6752 4.9278 -2.0164, 10.6752 4.9278 -2.0766, 10.6815 4.1971 -1.8693, 10.6815 4.1945 -1.8687, 10.7949 4.171 -1.8589, 10.7948 4.1605 -1.8511, 10.7904 4.1605 -1.8511, 10.686 4.1605 -1.8511, 10.7949 4.1845 -1.8656, 10.7949 4.1971 -1.8693, 11.227 3.9665 -1.8511, 11.1155 3.9665 -1.8511, 11.2272 3.9843 -1.8747, 11.1153 3.9843 -1.8747, 11.1147 4.0586 -1.8622, 11.1147 4.0537 -1.8588, 11.228 4.0534 -1.8592, 11.1146 4.0424 -1.8511, 11.2278 4.0424 -1.8511, 11.1146 4.0678 -1.8656, 11.228 4.0676 -1.8661, 11.1146 4.0764 -1.8687, 11.228 4.0808 -1.8696, 11.1145 4.0808 -1.8696, 11.5486 4.0846 -1.8511, 11.5484 4.1024 -1.8747, 11.5522 4.0846 -1.8511, 11.6602 4.1024 -1.8747, 11.6565 4.0846 -1.8511, 11.6601 4.0846 -1.8511, 11.5477 4.1605 -1.8511, 11.5477 4.1713 -1.8585, 11.5481 4.1396 -1.9077, 11.5482 4.1259 -1.8992, 11.5483 4.118 -1.891, 11.5479 4.1549 -1.9172, 11.5478 4.1767 -1.8622, 11.5479 4.164 -1.9202, 11.5477 4.1847 -1.8651, 11.5477 4.1854 -1.9272, 11.5413 4.9278 -2.0164, 11.5413 4.9278 -2.0766, 11.5476 4.1971 -1.8693, 11.5476 4.1945 -1.8687, 11.6611 4.171 -1.8589, 11.6609 4.1605 -1.8511, 11.6565 4.1605 -1.8511, 11.5522 4.1605 -1.8511, 11.6611 4.1845 -1.8656, 11.6611 4.1971 -1.8693, 12.0934 4.2028 -1.8511, 11.9814 4.2028 -1.8511, 12.0936 4.2205 -1.8747, 11.9812 4.2205 -1.8747, 11.9805 4.2948 -1.8622, 11.9809 4.244 -1.8992, 11.9805 4.2888 -1.8581, 11.981 4.2416 -1.8966, 11.9804 4.2786 -1.8511, 11.9744 4.9672 -2.0217, 11.9744 4.9672 -2.0824, 11.9804 4.3128 -1.8687, 11.9805 4.2993 -1.9262, 11.9805 4.3013 -1.8645, 11.9807 4.273 -1.9172, 11.9807 4.2709 -1.9159, 12.0943 4.2786 -1.8511, 12.0944 4.2884 -1.8585, 12.0944 4.3011 -1.865, 12.0944 4.3128 -1.8687, 12.4147 4.0846 -1.8511, 12.4146 4.1024 -1.8747, 12.4183 4.0846 -1.8511, 12.5264 4.1024 -1.8747, 12.5226 4.0846 -1.8511, 12.5262 4.0846 -1.8511, 12.4138 4.1605 -1.8511, 12.4139 4.1713 -1.8585, 12.4142 4.1396 -1.9077, 12.4143 4.1259 -1.8992, 12.4144 4.118 -1.891, 12.4141 4.1549 -1.9172, 12.4139 4.1767 -1.8622, 12.414 4.164 -1.9202, 12.4138 4.1847 -1.8651, 12.4138 4.1854 -1.9272, 12.4075 4.9278 -2.0164, 12.4075 4.9278 -2.0766, 12.4137 4.1971 -1.8693, 12.4138 4.1945 -1.8687, 12.5272 4.171 -1.8589, 12.5226 4.1605 -1.8511, 12.527 4.1605 -1.8511, 12.4183 4.1605 -1.8511, 12.5272 4.1845 -1.8656, 12.5272 4.1971 -1.8693, 12.5272 4.1971 -1.8693
            ]
        }
        coordIndex [
            0,1,2,-1,2,1,3,-1,4,5,6,-1,6,5,7,-1,6,7,8,-1,4,6,9,-1,9,6,10,-1,9,10,11,-1,11,10,12,-1,12,10,13,-1,12,13,14,-1,14,13,15,-1,15,13,16,-1,15,16,17,-1,18,19,16,-1,16,19,20,-1,16,20,17,-1,3,21,2,-1,2,21,22,-1,2,22,18,-1,18,22,23,-1,18,23,19,-1,24,25,1,-1,0,26,1,-1,1,26,27,-1,1,27,24,-1,26,28,27,-1,27,28,29,-1,27,29,30,-1,31,29,32,-1,32,29,28,-1,32,28,33,-1,33,28,34,-1,34,35,33,-1,33,35,36,-1,33,36,32,-1,36,35,37,-1,38,36,39,-1,39,36,37,-1,39,37,40,-1,41,42,37,-1,37,42,43,-1,43,44,37,-1,37,44,45,-1,37,45,40,-1,46,47,48,-1,48,47,49,-1,49,50,48,-1,48,50,51,-1,48,51,52,-1,53,54,55,-1,56,57,58,-1,59,60,61,-1,62,63,64,-1,65,66,67,-1,67,66,68,-1,67,68,69,-1,69,68,70,-1,69,70,71,-1,72,73,74,-1,74,73,75,-1,76,77,78,-1,78,77,79,-1,78,79,80,-1,80,79,81,-1,80,81,82,-1,82,81,83,-1,82,83,84,-1,84,83,85,-1,85,83,86,-1,85,86,87,-1,87,86,88,-1,87,88,89,-1,89,88,90,-1,89,90,91,-1,92,93,94,-1,94,93,95,-1,94,95,96,-1,96,95,97,-1,96,97,98,-1,62,64,99,-1,59,61,100,-1,100,61,101,-1,100,101,102,-1,69,103,104,-1,69,104,101,-1,101,104,105,-1,101,105,102,-1,106,107,71,-1,71,107,108,-1,71,108,69,-1,69,108,109,-1,69,109,103,-1,110,111,112,-1,112,111,113,-1,112,113,114,-1,114,113,106,-1,114,106,115,-1,115,106,71,-1,116,117,118,-1,118,117,119,-1,118,119,120,-1,121,122,120,-1,120,122,123,-1,120,123,118,-1,118,123,124,-1,118,124,116,-1,96,125,94,-1,94,125,126,-1,94,126,120,-1,120,126,127,-1,120,127,121,-1,117,128,119,-1,119,128,129,-1,119,129,120,-1,120,129,130,-1,120,130,94,-1,94,130,64,-1,94,64,92,-1,92,64,63,-1,128,131,129,-1,129,131,132,-1,129,132,130,-1,130,132,133,-1,130,133,64,-1,64,133,61,-1,64,61,99,-1,99,61,60,-1,134,135,136,-1,136,135,137,-1,136,137,138,-1,138,137,139,-1,138,139,140,-1,140,139,141,-1,140,141,142,-1,142,141,143,-1,142,143,144,-1,144,143,145,-1,144,145,146,-1,135,147,137,-1,137,147,148,-1,137,148,139,-1,139,148,149,-1,139,149,141,-1,141,149,150,-1,141,150,143,-1,143,150,151,-1,143,151,145,-1,152,153,90,-1,90,153,154,-1,90,154,91,-1,91,154,155,-1,91,155,156,-1,157,158,159,-1,159,158,160,-1,159,160,161,-1,161,160,162,-1,161,162,163,-1,163,162,164,-1,163,164,165,-1,165,164,166,-1,165,166,167,-1,167,166,168,-1,167,168,169,-1,169,168,74,-1,76,72,77,-1,77,72,74,-1,77,74,79,-1,79,74,168,-1,79,168,81,-1,81,168,166,-1,81,166,83,-1,83,166,164,-1,83,164,86,-1,86,164,162,-1,86,162,88,-1,88,162,160,-1,88,160,90,-1,90,160,158,-1,90,158,152,-1,170,171,172,-1,56,58,173,-1,173,58,174,-1,173,174,175,-1,176,177,173,-1,173,177,178,-1,173,178,56,-1,179,180,181,-1,181,180,182,-1,181,182,172,-1,179,183,180,-1,180,183,184,-1,180,184,185,-1,186,187,188,-1,189,182,190,-1,190,182,180,-1,190,180,186,-1,186,180,185,-1,186,185,187,-1,191,192,193,-1,193,192,194,-1,194,195,196,-1,197,198,157,-1,198,199,157,-1,157,199,200,-1,157,200,158,-1,158,200,201,-1,158,201,152,-1,202,189,203,-1,203,189,190,-1,203,190,204,-1,204,190,186,-1,204,186,193,-1,193,186,188,-1,193,188,191,-1,205,206,176,-1,176,206,207,-1,176,207,177,-1,172,182,170,-1,170,182,189,-1,170,189,208,-1,208,189,202,-1,208,202,209,-1,209,202,210,-1,209,210,55,-1,211,212,205,-1,205,212,213,-1,205,213,206,-1,54,211,55,-1,55,211,205,-1,55,205,209,-1,209,205,176,-1,209,176,208,-1,208,176,173,-1,208,173,170,-1,170,173,175,-1,170,175,171,-1,116,214,117,-1,117,214,215,-1,117,215,216,-1,216,217,117,-1,117,217,53,-1,117,53,128,-1,128,53,218,-1,128,218,131,-1,219,220,221,-1,221,220,222,-1,221,222,223,-1,223,222,224,-1,223,224,225,-1,225,224,226,-1,225,226,227,-1,219,228,229,-1,219,229,220,-1,220,229,230,-1,220,230,222,-1,222,230,231,-1,222,231,224,-1,224,231,232,-1,224,232,226,-1,233,228,234,-1,234,228,219,-1,234,219,235,-1,235,219,221,-1,235,221,236,-1,236,221,223,-1,236,223,237,-1,237,223,225,-1,237,225,238,-1,238,225,227,-1,238,227,196,-1,53,55,218,-1,218,55,210,-1,218,210,131,-1,131,210,146,-1,131,146,132,-1,132,146,145,-1,132,145,133,-1,133,145,151,-1,133,151,61,-1,61,151,150,-1,61,150,101,-1,101,150,149,-1,101,149,69,-1,69,149,148,-1,69,148,67,-1,67,148,147,-1,67,147,65,-1,65,147,135,-1,65,135,239,-1,169,233,167,-1,167,233,234,-1,167,234,165,-1,165,234,235,-1,165,235,163,-1,163,235,236,-1,163,236,161,-1,161,236,237,-1,161,237,159,-1,159,237,238,-1,159,238,157,-1,157,238,196,-1,157,196,197,-1,197,196,195,-1,194,196,193,-1,193,196,227,-1,193,227,204,-1,204,227,226,-1,204,226,203,-1,203,226,232,-1,203,232,202,-1,202,232,231,-1,202,231,210,-1,210,231,230,-1,210,230,146,-1,146,230,229,-1,146,229,144,-1,144,229,228,-1,144,228,142,-1,142,228,233,-1,142,233,140,-1,140,233,169,-1,140,169,138,-1,138,169,74,-1,138,74,136,-1,136,74,75,-1,136,75,134,-1,134,75,240,-1,134,240,135,-1,135,240,241,-1,135,241,239,-1,242,243,244,-1,245,246,247,-1,248,249,250,-1,251,252,253,-1,254,255,256,-1,254,256,257,-1,252,251,257,-1,257,251,258,-1,257,258,254,-1,259,260,261,-1,261,260,262,-1,261,262,263,-1,263,262,264,-1,263,264,265,-1,265,264,266,-1,265,266,253,-1,253,266,267,-1,253,267,251,-1,268,269,270,-1,268,270,249,-1,249,270,271,-1,249,271,250,-1,269,268,272,-1,272,268,273,-1,272,273,274,-1,275,276,277,-1,277,276,278,-1,277,278,279,-1,279,278,280,-1,279,280,281,-1,275,282,276,-1,276,282,283,-1,276,283,110,-1,284,273,285,-1,285,273,268,-1,285,268,286,-1,286,268,249,-1,286,249,287,-1,287,249,248,-1,287,248,259,-1,259,248,288,-1,259,288,260,-1,289,290,284,-1,284,290,291,-1,274,273,292,-1,292,273,284,-1,292,284,280,-1,280,284,291,-1,280,291,281,-1,214,293,215,-1,215,293,216,-1,294,295,296,-1,296,295,297,-1,298,293,299,-1,299,293,214,-1,299,214,296,-1,296,214,116,-1,296,116,294,-1,300,301,302,-1,302,301,303,-1,302,303,304,-1,247,246,305,-1,305,246,302,-1,305,302,306,-1,306,302,304,-1,306,304,307,-1,308,121,127,-1,309,310,246,-1,246,310,311,-1,246,311,302,-1,302,311,312,-1,302,312,300,-1,116,124,294,-1,294,124,123,-1,294,123,122,-1,313,314,315,-1,316,242,317,-1,315,318,313,-1,313,318,319,-1,313,319,320,-1,320,319,321,-1,322,323,324,-1,324,323,325,-1,324,325,326,-1,326,325,327,-1,326,327,328,-1,328,327,329,-1,328,329,330,-1,330,329,331,-1,330,331,332,-1,332,331,333,-1,332,333,334,-1,334,333,316,-1,335,336,337,-1,337,336,338,-1,337,338,339,-1,339,338,340,-1,339,340,341,-1,341,340,342,-1,341,342,343,-1,343,342,344,-1,343,344,345,-1,334,335,332,-1,332,335,337,-1,332,337,330,-1,330,337,339,-1,330,339,328,-1,328,339,341,-1,328,341,326,-1,326,341,343,-1,326,343,324,-1,324,343,345,-1,324,345,322,-1,321,346,320,-1,320,346,347,-1,320,347,348,-1,348,347,349,-1,348,349,350,-1,351,352,350,-1,350,352,353,-1,350,353,348,-1,348,353,354,-1,348,354,320,-1,320,354,355,-1,320,355,313,-1,313,355,244,-1,313,244,314,-1,314,244,243,-1,314,243,356,-1,357,358,359,-1,359,358,352,-1,359,352,360,-1,360,352,351,-1,357,361,358,-1,358,361,362,-1,358,362,363,-1,57,56,364,-1,364,56,362,-1,364,362,365,-1,365,362,361,-1,366,367,368,-1,368,367,369,-1,368,369,370,-1,370,369,371,-1,370,371,372,-1,206,213,363,-1,363,213,212,-1,242,244,317,-1,317,244,355,-1,317,355,373,-1,373,355,354,-1,373,354,374,-1,374,354,353,-1,374,353,375,-1,375,353,352,-1,375,352,376,-1,376,352,358,-1,376,358,377,-1,377,358,363,-1,377,363,378,-1,378,363,212,-1,378,212,211,-1,297,372,296,-1,296,372,371,-1,296,371,299,-1,299,371,369,-1,299,369,298,-1,298,369,367,-1,56,178,362,-1,362,178,177,-1,362,177,363,-1,363,177,207,-1,363,207,206,-1,336,366,338,-1,338,366,368,-1,338,368,340,-1,340,368,370,-1,340,370,342,-1,342,370,372,-1,342,372,344,-1,344,372,297,-1,344,297,345,-1,345,297,295,-1,345,295,322,-1,322,295,294,-1,322,294,308,-1,308,294,122,-1,308,122,121,-1,379,380,356,-1,356,380,381,-1,356,381,314,-1,314,381,382,-1,314,382,315,-1,96,245,125,-1,125,245,126,-1,309,246,383,-1,383,246,245,-1,383,245,384,-1,384,245,96,-1,384,96,98,-1,301,385,303,-1,303,385,386,-1,303,386,387,-1,287,307,286,-1,286,307,304,-1,286,304,285,-1,285,304,303,-1,285,303,284,-1,284,303,387,-1,284,387,289,-1,211,54,378,-1,378,54,53,-1,378,53,217,-1,316,317,334,-1,334,317,373,-1,334,373,335,-1,335,373,374,-1,335,374,336,-1,336,374,375,-1,336,375,366,-1,366,375,376,-1,366,376,367,-1,367,376,377,-1,367,377,298,-1,298,377,378,-1,298,378,293,-1,293,378,217,-1,293,217,216,-1,256,379,257,-1,257,379,356,-1,257,356,252,-1,252,356,243,-1,252,243,253,-1,253,243,242,-1,253,242,265,-1,265,242,316,-1,265,316,263,-1,263,316,333,-1,263,333,261,-1,261,333,331,-1,261,331,259,-1,259,331,329,-1,259,329,287,-1,287,329,327,-1,287,327,307,-1,307,327,325,-1,307,325,306,-1,306,325,323,-1,306,323,305,-1,305,323,322,-1,305,322,247,-1,247,322,308,-1,247,308,245,-1,245,308,127,-1,245,127,126,-1,388,389,390,-1,47,156,155,-1,49,47,391,-1,391,47,155,-1,391,155,392,-1,392,155,154,-1,392,154,393,-1,393,154,153,-1,393,153,394,-1,394,153,152,-1,394,152,395,-1,395,152,201,-1,395,201,396,-1,396,201,200,-1,396,200,397,-1,200,199,397,-1,397,199,198,-1,397,198,398,-1,398,198,197,-1,398,197,399,-1,197,195,399,-1,399,195,194,-1,399,194,400,-1,400,194,192,-1,400,192,401,-1,192,191,401,-1,401,191,188,-1,401,188,402,-1,402,188,187,-1,402,187,403,-1,179,404,183,-1,183,404,405,-1,183,405,184,-1,184,405,403,-1,184,403,185,-1,185,403,187,-1,179,181,404,-1,404,181,172,-1,404,172,406,-1,406,172,171,-1,406,171,407,-1,57,408,409,-1,171,175,407,-1,407,175,174,-1,407,174,409,-1,409,174,58,-1,409,58,57,-1,57,364,408,-1,408,364,365,-1,408,365,410,-1,365,361,410,-1,410,361,357,-1,410,357,411,-1,357,359,411,-1,411,359,360,-1,411,360,412,-1,412,360,351,-1,412,351,413,-1,413,351,414,-1,414,351,350,-1,414,350,415,-1,415,350,416,-1,416,350,349,-1,416,349,347,-1,382,417,315,-1,315,417,418,-1,315,418,318,-1,318,418,419,-1,318,419,319,-1,319,419,420,-1,319,420,321,-1,321,420,416,-1,321,416,346,-1,346,416,347,-1,255,388,256,-1,256,388,390,-1,256,390,379,-1,379,390,421,-1,379,421,380,-1,380,421,422,-1,380,422,381,-1,381,422,423,-1,381,423,382,-1,382,423,424,-1,382,424,417,-1,425,426,427,-1,428,429,430,-1,428,430,431,-1,432,433,434,-1,434,433,435,-1,435,433,436,-1,435,436,437,-1,437,436,438,-1,437,438,439,-1,440,441,426,-1,426,441,442,-1,426,442,427,-1,427,442,443,-1,427,443,438,-1,438,443,444,-1,438,444,439,-1,433,445,436,-1,436,445,446,-1,436,446,438,-1,438,446,447,-1,438,447,427,-1,427,447,448,-1,427,448,425,-1,449,450,432,-1,432,450,451,-1,432,451,433,-1,433,451,452,-1,433,452,445,-1,453,449,430,-1,430,449,432,-1,430,432,431,-1,431,432,434,-1,389,454,390,-1,390,454,453,-1,390,453,421,-1,421,453,430,-1,421,430,422,-1,422,430,429,-1,422,429,423,-1,455,456,457,-1,457,456,458,-1,457,458,459,-1,455,460,456,-1,456,460,461,-1,456,461,462,-1,461,463,462,-1,462,463,464,-1,465,466,463,-1,463,466,467,-1,463,467,464,-1,464,467,468,-1,465,460,466,-1,466,460,455,-1,469,470,471,-1,471,470,472,-1,471,472,473,-1,473,472,474,-1,470,469,475,-1,476,477,478,-1,476,478,475,-1,475,478,479,-1,475,479,470,-1,477,476,480,-1,480,476,481,-1,480,481,482,-1,482,481,483,-1,482,483,484,-1,485,486,487,-1,487,486,484,-1,487,484,488,-1,488,484,483,-1,481,476,489,-1,490,489,491,-1,491,489,476,-1,491,476,492,-1,492,476,475,-1,481,489,483,-1,483,489,493,-1,483,493,488,-1,488,493,494,-1,488,494,487,-1,495,496,497,-1,497,496,498,-1,499,500,501,-1,501,500,502,-1,501,502,503,-1,499,501,504,-1,504,501,505,-1,504,505,506,-1,506,505,507,-1,506,507,508,-1,509,510,511,-1,511,510,512,-1,511,512,513,-1,513,512,514,-1,510,509,515,-1,516,517,518,-1,516,518,515,-1,515,518,519,-1,515,519,510,-1,517,516,520,-1,520,516,521,-1,520,521,522,-1,522,521,523,-1,522,523,524,-1,525,526,527,-1,527,526,524,-1,527,524,528,-1,528,524,523,-1,521,516,529,-1,530,529,531,-1,531,529,516,-1,531,516,532,-1,532,516,515,-1,521,529,523,-1,523,529,533,-1,523,533,528,-1,528,533,534,-1,528,534,527,-1,535,536,537,-1,537,536,538,-1,539,540,541,-1,541,540,542,-1,541,542,543,-1,539,541,544,-1,544,541,545,-1,544,545,546,-1,546,545,547,-1,546,547,548,-1,549,550,551,-1,551,550,552,-1,551,552,553,-1,553,552,554,-1,550,549,555,-1,556,557,558,-1,556,558,555,-1,555,558,559,-1,555,559,550,-1,557,556,560,-1,560,556,561,-1,560,561,562,-1,562,561,563,-1,562,563,564,-1,565,566,567,-1,567,566,564,-1,567,564,568,-1,568,564,563,-1,561,556,569,-1,570,569,571,-1,571,569,556,-1,571,556,572,-1,572,556,555,-1,561,569,563,-1,563,569,573,-1,563,573,568,-1,568,573,574,-1,568,574,567,-1,575,576,577,-1,577,576,578,-1,579,580,581,-1,581,580,582,-1,581,582,583,-1,583,582,578,-1,583,578,576,-1,584,585,586,-1,586,585,587,-1,586,587,588,-1,588,587,589,-1,588,589,579,-1,579,589,590,-1,579,590,580,-1,583,591,592,-1,593,579,592,-1,592,579,581,-1,592,581,583,-1,594,586,593,-1,593,586,588,-1,593,588,579,-1,595,596,597,-1,597,596,598,-1,597,598,599,-1,599,598,600,-1,596,595,601,-1,602,603,604,-1,602,604,601,-1,601,604,605,-1,601,605,596,-1,603,602,606,-1,606,602,607,-1,606,607,608,-1,608,607,609,-1,608,609,610,-1,611,612,613,-1,613,612,610,-1,613,610,614,-1,614,610,609,-1,607,602,615,-1,616,617,615,-1,616,615,618,-1,618,615,602,-1,618,602,601,-1,607,615,609,-1,609,615,619,-1,609,619,614,-1,614,619,620,-1,614,620,613,-1,
        ]
    }
}
Shape{
    appearance Appearance {
        material  Material 	{
            diffuseColor 0.25098039215686274 0.25098039215686274 0.25098039215686274
            specularColor 0.12549019607843137 0.12549019607843137 0.12549019607843137
            ambientIntensity 0.2
            transparency 0
            shininess 0.5
        }
    }
    geometry IndexedFaceSet {
        ccw TRUE
        solid FALSE
        coord DEF co Coordinate {
            point [
                12.5492 5.3937 -1.7291, 12.5492 5.3937 -1.8511, 12.3917 5.3937 -1.7291, 12.3917 5.3937 -1.8511, 12.3169 5.1181 -2.044, 12.3169 5.6693 -2.044, 12.3524 5.1181 -2.044, 12.3917 5.6693 -2.044, 12.3917 5.1181 -2.044, 12.3917 5.1181 -2.044
            ]
        }
        coordIndex [
            0,1,2,-1,2,1,3,-1,4,5,6,-1,6,5,7,-1,6,7,8,-1,
        ]
    }
}
Shape{
    appearance Appearance {
        material  Material 	{
            diffuseColor 0.7529411764705882 0.7529411764705882 0.7529411764705882
            specularColor 0.3764705882352941 0.3764705882352941 0.3764705882352941
            ambientIntensity 0.2
            transparency 0
            shininess 0.5
        }
    }
    geometry IndexedFaceSet {
        ccw TRUE
        solid FALSE
        coord DEF co Coordinate {
            point [
                8.9803 3.3465 -2.107, 8.9803 3.6614 -2.107, 8.9547 3.6614 -2.107, 8.9024 5.206 -2.107, 8.8855 5.2321 -2.107, 8.8524 5.1181 -2.107, 8.8714 5.2651 -2.107, 8.8642 5.2953 -2.107, 8.8524 5.3396 -2.107, 9.1594 5.3396 -2.107, 9.1228 5.2021 -2.107, 9.1594 5.1181 -2.107, 9.1178 5.1769 -2.107, 9.1319 5.1181 -2.107, 8.981 3.7301 -2.107, 8.9709 3.7411 -2.107, 8.9616 3.7567 -2.107, 8.9561 3.774 -2.107, 8.9547 3.7888 -2.107, 9.1161 5.1514 -2.107, 9.1161 3.4646 -2.107, 9.1319 3.1496 -2.107, 9.1145 3.4448 -2.107, 9.1061 3.4169 -2.107, 9.0912 3.392 -2.107, 9.0706 3.3714 -2.107, 9.0457 3.3565 -2.107, 9.0178 3.3481 -2.107, 8.998 3.3465 -2.107, 8.8839 3.1496 -2.107, 8.8839 5.1181 -2.107, 8.9547 5.071 -2.107, 8.9505 5.1115 -2.107, 8.9354 5.1561 -2.107, 8.9141 5.1908 -2.107, 8.9771 3.6684 -2.107, 8.9941 3.7007 -2.107, 8.9687 3.664 -2.107, 8.9595 3.6617 -2.107, 8.9941 3.7008 -2.107, 8.993 3.7101 -2.107, 8.9897 3.7189 -2.107, 8.9843 3.7268 -2.107, 8.9841 3.6746 -2.107, 8.9895 3.6824 -2.107, 8.9929 3.6913 -2.107, 9.1319 5.1181 -2.044, 9.1594 5.1181 -2.044, 9.1594 5.1181 -2.044
            ]
        }
        coordIndex [
            0,1,2,-1,3,4,5,-1,4,6,5,-1,5,6,7,-1,5,7,8,-1,9,10,11,-1,11,10,12,-1,11,12,13,-1,14,15,2,-1,15,16,2,-1,2,16,17,-1,2,17,18,-1,12,19,13,-1,13,19,20,-1,13,20,21,-1,21,20,22,-1,21,22,23,-1,23,24,21,-1,21,24,25,-1,21,25,26,-1,26,27,21,-1,21,27,28,-1,21,28,29,-1,28,0,29,-1,29,0,2,-1,29,2,30,-1,30,2,18,-1,30,18,31,-1,31,32,30,-1,30,32,33,-1,30,33,5,-1,5,33,34,-1,5,34,3,-1,35,36,37,-1,37,36,38,-1,38,36,2,-1,2,36,39,-1,2,39,40,-1,40,41,2,-1,2,41,42,-1,2,42,14,-1,35,43,36,-1,36,43,44,-1,36,44,45,-1,13,46,11,-1,11,46,47,-1,
        ]
    }
}
Shape{
    appearance Appearance {
        material  Material 	{
            diffuseColor 0.25098039215686274 0.25098039215686274 0.25098039215686274
            specularColor 0.12549019607843137 0.12549019607843137 0.12549019607843137
            ambientIntensity 0.2
            transparency 0
            shininess 0.5
        }
    }
    geometry IndexedFaceSet {
        ccw TRUE
        solid FALSE
        coord DEF co Coordinate {
            point [
                9.1319 5.1181 -2.044, 9.1319 5.6693 -2.044, 9.1594 5.1181 -2.044, 9.1594 5.6693 -2.044, 9.9508 5.3937 -1.7291, 9.9508 5.3937 -1.8511, 9.7933 5.3937 -1.7291, 9.7933 5.3937 -1.8511, 9.7185 5.1181 -2.044, 9.7185 5.6693 -2.044, 9.7539 5.1181 -2.044, 9.7933 5.6693 -2.044, 9.7933 5.1181 -2.044, 10.3839 5.3937 -1.7291, 10.3839 5.3937 -1.8511, 10.2264 5.3937 -1.7291, 10.2264 5.3937 -1.8511, 10.2264 5.3937 -1.8511
            ]
        }
        coordIndex [
            0,1,2,-1,2,1,3,-1,4,5,6,-1,6,5,7,-1,8,9,10,-1,10,9,11,-1,10,11,12,-1,13,14,15,-1,15,14,16,-1,
        ]
    }
}
Shape{
    appearance Appearance {
        material  Material 	{
            diffuseColor 0.7529411764705882 0.7529411764705882 0.7529411764705882
            specularColor 0.3764705882352941 0.3764705882352941 0.3764705882352941
            ambientIntensity 0.2
            transparency 0
            shininess 0.5
        }
    }
    geometry IndexedFaceSet {
        ccw TRUE
        solid FALSE
        coord DEF co Coordinate {
            point [
                10.1516 5.1181 -2.044, 10.1516 5.6693 -2.044, 10.187 5.1181 -2.044, 10.2264 5.6693 -2.044, 10.2264 5.1181 -2.044, 10.2264 5.1181 -2.044
            ]
        }
        coordIndex [
            0,1,2,-1,2,1,3,-1,2,3,4,-1,
        ]
    }
}
Shape{
    appearance Appearance {
        material  Material 	{
            diffuseColor 0.25098039215686274 0.25098039215686274 0.25098039215686274
            specularColor 0.12549019607843137 0.12549019607843137 0.12549019607843137
            ambientIntensity 0.2
            transparency 0
            shininess 0.5
        }
    }
    geometry IndexedFaceSet {
        ccw TRUE
        solid FALSE
        coord DEF co Coordinate {
            point [
                10.8169 5.3937 -1.7291, 10.8169 5.3937 -1.8511, 10.6594 5.3937 -1.7291, 10.6594 5.3937 -1.8511, 10.5846 5.1181 -2.044, 10.5846 5.6693 -2.044, 10.6201 5.1181 -2.044, 10.6594 5.6693 -2.044, 10.6594 5.1181 -2.044, 11.25 5.3937 -1.7291, 11.25 5.3937 -1.8511, 11.0925 5.3937 -1.7291, 11.0925 5.3937 -1.8511, 11.0177 5.1181 -2.044, 11.0177 5.6693 -2.044, 11.0532 5.1181 -2.044, 11.0925 5.6693 -2.044, 11.0925 5.1181 -2.044, 11.6831 5.3937 -1.7291, 11.6831 5.3937 -1.8511, 11.5256 5.3937 -1.7291, 11.5256 5.3937 -1.8511, 11.4508 5.1181 -2.044, 11.4508 5.6693 -2.044, 11.4862 5.1181 -2.044, 11.5256 5.6693 -2.044, 11.5256 5.1181 -2.044, 11.5256 5.1181 -2.044
            ]
        }
        coordIndex [
            0,1,2,-1,2,1,3,-1,4,5,6,-1,6,5,7,-1,6,7,8,-1,9,10,11,-1,11,10,12,-1,13,14,15,-1,15,14,16,-1,15,16,17,-1,18,19,20,-1,20,19,21,-1,22,23,24,-1,24,23,25,-1,24,25,26,-1,
        ]
    }
}
Shape{
    appearance Appearance {
        material  Material 	{
            diffuseColor 0.7529411764705882 0.7529411764705882 0.7529411764705882
            specularColor 0.3764705882352941 0.3764705882352941 0.3764705882352941
            ambientIntensity 0.2
            transparency 0
            shininess 0.5
        }
    }
    geometry IndexedFaceSet {
        ccw TRUE
        solid FALSE
        coord DEF co Coordinate {
            point [
                11.7028 1.8898 -2.1464, 12.2933 1.8898 -2.1464, 11.7028 2.4803 -2.1464, 12.2933 2.4803 -2.1464, 12.2933 2.4803 -2.1464
            ]
        }
        coordIndex [
            0,1,2,-1,2,1,3,-1,
        ]
    }
}
Shape{
    appearance Appearance {
        material  Material 	{
            diffuseColor 0.25098039215686274 0.25098039215686274 0.25098039215686274
            specularColor 0.12549019607843137 0.12549019607843137 0.12549019607843137
            ambientIntensity 0.2
            transparency 0
            shininess 0.5
        }
    }
    geometry IndexedFaceSet {
        ccw TRUE
        solid FALSE
        coord DEF co Coordinate {
            point [
                12.2933 0.6693 -2.1464, 12.2933 1.2598 -2.1464, 11.7028 0.6693 -2.1464, 11.7028 1.2598 -2.1464, 11.7028 1.2598 -2.1464
            ]
        }
        coordIndex [
            0,1,2,-1,2,1,3,-1,
        ]
    }
}
Shape{
    appearance Appearance {
        material  Material 	{
            diffuseColor 0.7529411764705882 0.7529411764705882 0.7529411764705882
            specularColor 0.3764705882352941 0.3764705882352941 0.3764705882352941
            ambientIntensity 0.2
            transparency 0
            shininess 0.5
        }
    }
    geometry IndexedFaceSet {
        ccw TRUE
        solid FALSE
        coord DEF co Coordinate {
            point [
                10.5217 1.8898 -2.1464, 11.1122 1.8898 -2.1464, 10.5217 2.4803 -2.1464, 11.1122 2.4803 -2.1464, 11.1122 2.4803 -2.1464
            ]
        }
        coordIndex [
            0,1,2,-1,2,1,3,-1,
        ]
    }
}
Shape{
    appearance Appearance {
        material  Material 	{
            diffuseColor 0.25098039215686274 0.25098039215686274 0.25098039215686274
            specularColor 0.12549019607843137 0.12549019607843137 0.12549019607843137
            ambientIntensity 0.2
            transparency 0
            shininess 0.5
        }
    }
    geometry IndexedFaceSet {
        ccw TRUE
        solid FALSE
        coord DEF co Coordinate {
            point [
                11.1122 0.6693 -2.1464, 11.1122 1.2598 -2.1464, 10.5217 0.6693 -2.1464, 10.5217 1.2598 -2.1464, 9.9311 0.6693 -2.1464, 9.9311 1.2598 -2.1464, 9.3406 0.6693 -2.1464, 9.3406 1.2598 -2.1464, 9.3406 1.2598 -2.1464
            ]
        }
        coordIndex [
            0,1,2,-1,2,1,3,-1,4,5,6,-1,6,5,7,-1,
        ]
    }
}
Shape{
    appearance Appearance {
        material  Material 	{
            diffuseColor 0.7529411764705882 0.7529411764705882 0.7529411764705882
            specularColor 0.3764705882352941 0.3764705882352941 0.3764705882352941
            ambientIntensity 0.2
            transparency 0
            shininess 0.5
        }
    }
    geometry IndexedFaceSet {
        ccw TRUE
        solid FALSE
        coord DEF co Coordinate {
            point [
                9.3406 1.8898 -2.1464, 9.9311 1.8898 -2.1464, 9.3406 2.4803 -2.1464, 9.9311 2.4803 -2.1464, 9.9311 2.4803 -2.1464
            ]
        }
        coordIndex [
            0,1,2,-1,2,1,3,-1,
        ]
    }
}
Shape{
    appearance Appearance {
        material  Material 	{
            diffuseColor 0.25098039215686274 0.25098039215686274 0.25098039215686274
            specularColor 0.12549019607843137 0.12549019607843137 0.12549019607843137
            ambientIntensity 0.2
            transparency 0
            shininess 0.5
        }
    }
    geometry IndexedFaceSet {
        ccw TRUE
        solid FALSE
        coord DEF co Coordinate {
            point [
                14.4193 2.9016 -1.8905, 14.498 2.9016 -1.8905, 14.4193 2.9409 -1.9299, 14.498 2.9409 -1.9299, 14.4193 2.8071 -1.8905, 14.498 2.8071 -1.8905, 14.4193 2.7677 -1.9299, 14.498 2.7677 -1.9299, 14.4193 5.1181 -1.6543, 14.3406 5.1181 -1.5755, 14.3406 2.4409 -1.5755, 14.4193 0.0 -1.6543, 14.3406 0.6693 -1.5755, 14.3406 0.0 -1.5755, 14.4193 4.4882 -2.0103, 14.4193 4.8425 -2.0103, 14.5177 4.4882 -2.0103, 14.5177 4.8425 -2.0103, 14.4203 4.8425 -1.803, 14.5177 4.8425 -1.9299, 14.4203 4.4882 -1.803, 14.5177 4.4882 -1.9299, 14.5177 0.5512 -1.9299, 14.4193 0.5512 -1.8003, 14.5177 0.5512 -2.0086, 14.4193 0.5512 -2.0086, 14.4193 0.9046 -2.0086, 14.5177 0.9046 -2.0086, 14.4193 0.9046 -1.8003, 14.5177 0.9046 -1.9299, 14.5177 0.9046 -1.9299
            ]
        }
        coordIndex [
            0,1,2,-1,2,1,3,-1,0,4,1,-1,1,4,5,-1,6,7,4,-1,4,7,5,-1,8,9,10,-1,8,10,11,-1,11,10,12,-1,11,12,13,-1,14,15,16,-1,16,15,17,-1,18,19,15,-1,15,19,17,-1,20,21,18,-1,18,21,19,-1,21,20,16,-1,16,20,14,-1,22,23,24,-1,24,23,25,-1,25,26,24,-1,24,26,27,-1,28,29,26,-1,26,29,27,-1,29,28,22,-1,22,28,23,-1,
        ]
    }
}
Shape{
    appearance Appearance {
        material  Material 	{
            diffuseColor 0.7529411764705882 0.7529411764705882 0.7529411764705882
            specularColor 0.3764705882352941 0.3764705882352941 0.3764705882352941
            ambientIntensity 0.2
            transparency 0
            shininess 0.5
        }
    }
    geometry IndexedFaceSet {
        ccw TRUE
        solid FALSE
        coord DEF co Coordinate {
            point [
                14.4862 5.0 -2.1858, 14.4272 5.0 -2.1858, 14.4272 5.0198 -2.1841, 14.4862 5.0198 -2.1841, 14.4272 5.0476 -2.1757, 14.4862 5.0476 -2.1757, 14.4272 5.0726 -2.1608, 14.4862 5.0726 -2.1608, 14.4272 5.0932 -2.1403, 14.4862 5.0932 -2.1403, 14.4272 5.1081 -2.1153, 14.4862 5.1081 -2.1153, 14.4272 5.1164 -2.0874, 14.4862 5.1164 -2.0874, 14.4272 5.1182 -2.0677, 14.4862 5.1182 -2.0677, 14.0531 5.1182 -1.5755, 14.0471 5.1185 -1.5755, 14.0531 5.1182 -1.5165, 14.0466 5.1187 -1.5165, 14.0466 5.1187 -1.5755, 14.0381 5.121 -1.5755, 14.0373 5.1215 -1.5165, 14.0373 5.1215 -1.5755, 14.0308 5.125 -1.5755, 14.0289 5.1264 -1.5165, 14.0291 5.1266 -1.5755, 14.0234 5.1316 -1.5755, 14.0221 5.1333 -1.5165, 14.0222 5.1334 -1.5755, 14.0182 5.1391 -1.5755, 14.0171 5.1416 -1.5165, 14.0138 5.1575 -1.5755, 14.0138 5.1575 -1.5165, 14.0146 5.1509 -1.5755, 14.0143 5.1509 -1.5165, 14.0151 5.1471 -1.5755, 14.0172 5.1416 -1.5755, 14.0172 5.1416 -1.5755
            ]
        }
        coordIndex [
            0,1,2,-1,0,2,3,-1,3,2,4,-1,3,4,5,-1,5,4,6,-1,5,6,7,-1,7,6,8,-1,7,8,9,-1,9,8,10,-1,9,10,11,-1,11,10,12,-1,11,12,13,-1,13,12,14,-1,13,14,15,-1,16,17,18,-1,18,17,19,-1,17,20,19,-1,19,20,21,-1,19,21,22,-1,21,23,22,-1,22,23,24,-1,22,24,25,-1,24,26,25,-1,25,26,27,-1,25,27,28,-1,27,29,28,-1,28,29,30,-1,28,30,31,-1,32,33,34,-1,34,33,35,-1,34,35,36,-1,36,35,31,-1,36,31,37,-1,37,31,30,-1,
        ]
    }
}
Shape{
    appearance Appearance {
        material  Material 	{
            diffuseColor 0.25098039215686274 0.25098039215686274 0.25098039215686274
            specularColor 0.12549019607843137 0.12549019607843137 0.12549019607843137
            ambientIntensity 0.2
            transparency 0
            shininess 0.5
        }
    }
    geometry IndexedFaceSet {
        ccw TRUE
        solid FALSE
        coord DEF co Coordinate {
            point [
                13.9862 5.6299 -1.5755, 13.9862 5.1181 -1.5755, 14.065 5.7087 -1.6543, 14.065 5.1181 -1.6543, 9.1319 5.6693 -2.044, 9.1319 5.7087 -2.0047, 9.1594 5.6693 -2.044, 9.1988 5.7087 -2.0047, 9.1988 5.7087 -2.1464, 9.1594 5.6693 -2.107, 9.6791 5.7087 -2.1464, 9.6791 5.7087 -2.0047, 9.7185 5.6693 -2.107, 9.7185 5.6693 -2.044, 9.7933 5.7087 -2.0047, 9.7933 5.6693 -2.044, 9.9508 5.3937 -1.7291, 9.7933 5.3937 -1.7291, 9.9508 5.7087 -1.7291, 9.7933 5.7087 -1.7291, 9.9508 5.1181 -2.044, 9.9508 5.1181 -1.9496, 9.9508 5.6693 -2.044, 9.9508 5.3937 -1.9496, 9.9508 5.7087 -2.0047, 9.9508 5.3937 -1.8511, 10.065 5.7087 -2.0047, 10.0256 5.6693 -2.044, 10.065 5.7087 -2.1464, 10.0256 5.6693 -2.107, 10.0256 5.6693 -2.107
            ]
        }
        coordIndex [
            0,1,2,-1,2,1,3,-1,4,5,6,-1,6,5,7,-1,7,8,6,-1,6,8,9,-1,10,11,12,-1,12,11,13,-1,11,14,13,-1,13,14,15,-1,16,17,18,-1,18,17,19,-1,20,21,22,-1,22,21,23,-1,22,23,24,-1,24,23,25,-1,24,25,18,-1,18,25,16,-1,24,26,22,-1,22,26,27,-1,26,28,27,-1,27,28,29,-1,
        ]
    }
}
Shape{
    appearance Appearance {
        material  Material 	{
            diffuseColor 0.7529411764705882 0.7529411764705882 0.7529411764705882
            specularColor 0.3764705882352941 0.3764705882352941 0.3764705882352941
            ambientIntensity 0.2
            transparency 0
            shininess 0.5
        }
    }
    geometry IndexedFaceSet {
        ccw TRUE
        solid FALSE
        coord DEF co Coordinate {
            point [
                10.1122 5.7087 -2.1464, 10.1122 5.7087 -2.0047, 10.1516 5.6693 -2.107, 10.1516 5.6693 -2.044, 10.2264 5.7087 -2.0047, 10.2264 5.6693 -2.044, 10.2264 5.6693 -2.044
            ]
        }
        coordIndex [
            0,1,2,-1,2,1,3,-1,1,4,3,-1,3,4,5,-1,
        ]
    }
}
Shape{
    appearance Appearance {
        material  Material 	{
            diffuseColor 0.25098039215686274 0.25098039215686274 0.25098039215686274
            specularColor 0.12549019607843137 0.12549019607843137 0.12549019607843137
            ambientIntensity 0.2
            transparency 0
            shininess 0.5
        }
    }
    geometry IndexedFaceSet {
        ccw TRUE
        solid FALSE
        coord DEF co Coordinate {
            point [
                10.3839 5.3937 -1.7291, 10.2264 5.3937 -1.7291, 10.3839 5.7087 -1.7291, 10.2264 5.7087 -1.7291, 10.3839 5.1181 -2.044, 10.3839 5.1181 -1.9496, 10.3839 5.6693 -2.044, 10.3839 5.3937 -1.9496, 10.3839 5.7087 -2.0047, 10.3839 5.3937 -1.8511, 10.3839 5.3937 -1.8511
            ]
        }
        coordIndex [
            0,1,2,-1,2,1,3,-1,4,5,6,-1,6,5,7,-1,6,7,8,-1,8,7,9,-1,8,9,2,-1,2,9,0,-1,
        ]
    }
}
Shape{
    appearance Appearance {
        material  Material 	{
            diffuseColor 0.7529411764705882 0.7529411764705882 0.7529411764705882
            specularColor 0.3764705882352941 0.3764705882352941 0.3764705882352941
            ambientIntensity 0.2
            transparency 0
            shininess 0.5
        }
    }
    geometry IndexedFaceSet {
        ccw TRUE
        solid FALSE
        coord DEF co Coordinate {
            point [
                10.3839 5.7087 -2.0047, 10.498 5.7087 -2.0047, 10.3839 5.6693 -2.044, 10.4587 5.6693 -2.044, 10.498 5.7087 -2.1464, 10.4587 5.6693 -2.107, 10.4587 5.6693 -2.107
            ]
        }
        coordIndex [
            0,1,2,-1,2,1,3,-1,1,4,3,-1,3,4,5,-1,
        ]
    }
}
Shape{
    appearance Appearance {
        material  Material 	{
            diffuseColor 0.25098039215686274 0.25098039215686274 0.25098039215686274
            specularColor 0.12549019607843137 0.12549019607843137 0.12549019607843137
            ambientIntensity 0.2
            transparency 0
            shininess 0.5
        }
    }
    geometry IndexedFaceSet {
        ccw TRUE
        solid FALSE
        coord DEF co Coordinate {
            point [
                10.5453 5.7087 -2.1464, 10.5453 5.7087 -2.0047, 10.5846 5.6693 -2.107, 10.5846 5.6693 -2.044, 10.6594 5.7087 -2.0047, 10.6594 5.6693 -2.044, 10.8169 5.3937 -1.7291, 10.6594 5.3937 -1.7291, 10.8169 5.7087 -1.7291, 10.6594 5.7087 -1.7291, 10.8169 5.1181 -2.044, 10.8169 5.1181 -1.9496, 10.8169 5.6693 -2.044, 10.8169 5.3937 -1.9496, 10.8169 5.7087 -2.0047, 10.8169 5.3937 -1.8511, 10.9311 5.7087 -2.0047, 10.8917 5.6693 -2.044, 10.9311 5.7087 -2.1464, 10.8917 5.6693 -2.107, 10.9783 5.7087 -2.1464, 10.9783 5.7087 -2.0047, 11.0177 5.6693 -2.107, 11.0177 5.6693 -2.044, 11.0925 5.7087 -2.0047, 11.0925 5.6693 -2.044, 11.25 5.3937 -1.7291, 11.0925 5.3937 -1.7291, 11.25 5.7087 -1.7291, 11.0925 5.7087 -1.7291, 11.25 5.1181 -2.044, 11.25 5.1181 -1.9496, 11.25 5.6693 -2.044, 11.25 5.3937 -1.9496, 11.25 5.7087 -2.0047, 11.25 5.3937 -1.8511, 11.3642 5.7087 -2.0047, 11.3248 5.6693 -2.044, 11.3642 5.7087 -2.1464, 11.3248 5.6693 -2.107, 11.4114 5.7087 -2.1464, 11.4114 5.7087 -2.0047, 11.4508 5.6693 -2.107, 11.4508 5.6693 -2.044, 11.5256 5.7087 -2.0047, 11.5256 5.6693 -2.044, 11.6831 5.3937 -1.7291, 11.5256 5.3937 -1.7291, 11.6831 5.7087 -1.7291, 11.5256 5.7087 -1.7291, 11.6831 5.1181 -2.044, 11.6831 5.1181 -1.9496, 11.6831 5.6693 -2.044, 11.6831 5.3937 -1.9496, 11.6831 5.7087 -2.0047, 11.6831 5.3937 -1.8511, 11.7972 5.7087 -2.0047, 11.7579 5.6693 -2.044, 11.7972 5.7087 -2.1464, 11.7579 5.6693 -2.107, 11.8445 5.7087 -2.1464, 11.8445 5.7087 -2.0047, 11.8839 5.6693 -2.107, 11.8839 5.6693 -2.044, 11.9587 5.7087 -2.0047, 11.9587 5.6693 -2.044, 11.9587 5.6693 -2.044
            ]
        }
        coordIndex [
            0,1,2,-1,2,1,3,-1,1,4,3,-1,3,4,5,-1,6,7,8,-1,8,7,9,-1,10,11,12,-1,12,11,13,-1,12,13,14,-1,14,13,15,-1,14,15,8,-1,8,15,6,-1,14,16,12,-1,12,16,17,-1,16,18,17,-1,17,18,19,-1,20,21,22,-1,22,21,23,-1,21,24,23,-1,23,24,25,-1,26,27,28,-1,28,27,29,-1,30,31,32,-1,32,31,33,-1,32,33,34,-1,34,33,35,-1,34,35,28,-1,28,35,26,-1,34,36,32,-1,32,36,37,-1,36,38,37,-1,37,38,39,-1,40,41,42,-1,42,41,43,-1,41,44,43,-1,43,44,45,-1,46,47,48,-1,48,47,49,-1,50,51,52,-1,52,51,53,-1,52,53,54,-1,54,53,55,-1,54,55,48,-1,48,55,46,-1,54,56,52,-1,52,56,57,-1,56,58,57,-1,57,58,59,-1,60,61,62,-1,62,61,63,-1,61,64,63,-1,63,64,65,-1,
        ]
    }
}
Shape{
    appearance Appearance {
        material  Material 	{
            diffuseColor 0.7529411764705882 0.7529411764705882 0.7529411764705882
            specularColor 0.3764705882352941 0.3764705882352941 0.3764705882352941
            ambientIntensity 0.2
            transparency 0
            shininess 0.5
        }
    }
    geometry IndexedFaceSet {
        ccw TRUE
        solid FALSE
        coord DEF co Coordinate {
            point [
                12.1161 5.3937 -1.7291, 11.9587 5.3937 -1.7291, 12.1161 5.7087 -1.7291, 11.9587 5.7087 -1.7291, 11.9587 5.7087 -1.7291
            ]
        }
        coordIndex [
            0,1,2,-1,2,1,3,-1,
        ]
    }
}
Shape{
    appearance Appearance {
        material  Material 	{
            diffuseColor 0.25098039215686274 0.25098039215686274 0.25098039215686274
            specularColor 0.12549019607843137 0.12549019607843137 0.12549019607843137
            ambientIntensity 0.2
            transparency 0
            shininess 0.5
        }
    }
    geometry IndexedFaceSet {
        ccw TRUE
        solid FALSE
        coord DEF co Coordinate {
            point [
                12.1161 5.1181 -2.044, 12.1161 5.1181 -1.9496, 12.1161 5.6693 -2.044, 12.1161 5.3937 -1.9496, 12.1161 5.7087 -2.0047, 12.1161 5.3937 -1.8511, 12.1161 5.7087 -1.7291, 12.1161 5.3937 -1.7291, 12.2303 5.7087 -2.0047, 12.1909 5.6693 -2.044, 12.2303 5.7087 -2.1464, 12.1909 5.6693 -2.107, 12.2776 5.7087 -2.1464, 12.2776 5.7087 -2.0047, 12.3169 5.6693 -2.107, 12.3169 5.6693 -2.044, 12.3917 5.7087 -2.0047, 12.3917 5.6693 -2.044, 12.5492 5.3937 -1.7291, 12.3917 5.3937 -1.7291, 12.5492 5.7087 -1.7291, 12.3917 5.7087 -1.7291, 12.5492 5.1181 -2.044, 12.5492 5.1181 -1.9496, 12.5492 5.6693 -2.044, 12.5492 5.3937 -1.9496, 12.5492 5.7087 -2.0047, 12.5492 5.3937 -1.8511, 12.6634 5.7087 -2.0047, 12.624 5.6693 -2.044, 12.6634 5.7087 -2.1464, 12.624 5.6693 -2.107, 8.75 5.7087 -1.6543, 8.8287 5.6299 -1.5755, 9.4855 5.6299 -1.5755, 9.5735 5.6299 -1.5755, 13.1469 5.6299 -1.5755, 14.065 5.7087 -1.6543, 13.235 5.6299 -1.5755, 13.9862 5.6299 -1.5755, 8.813 5.7087 -2.1464, 8.813 5.7087 -2.0047, 8.8524 5.6693 -2.107, 8.8524 5.6693 -2.044, 8.8839 5.7087 -2.0047, 8.8839 5.6693 -2.044, 12.5492 5.7087 -2.1464, 12.5492 5.6693 -2.107, 12.6122 5.6693 -2.107, 12.6122 5.6969 -2.107, 12.5295 5.6969 -2.107, 12.5295 5.622 -2.107, 12.5492 5.5906 -2.107, 12.4114 5.622 -2.107, 12.3917 5.5906 -2.107, 12.4114 5.6969 -2.107, 12.3917 5.6693 -2.107, 12.3287 5.6969 -2.107, 12.3287 5.6693 -2.107, 12.3917 5.7087 -2.1464, 12.1161 5.7087 -2.1464, 12.1161 5.6693 -2.107, 12.1791 5.6693 -2.107, 12.1791 5.6969 -2.107, 12.0965 5.6969 -2.107, 12.0965 5.622 -2.107, 12.1161 5.5906 -2.107, 11.9783 5.622 -2.107, 11.9587 5.5906 -2.107, 11.9783 5.6969 -2.107, 11.9587 5.6693 -2.107, 11.8957 5.6969 -2.107, 11.8957 5.6693 -2.107, 11.9587 5.7087 -2.1464, 11.8445 5.7087 -2.1464, 11.8839 5.6693 -2.107, 11.6831 5.7087 -2.1464, 11.6831 5.6693 -2.107, 11.7972 5.7087 -2.1464, 11.7461 5.6693 -2.107, 11.7579 5.6693 -2.107, 11.7461 5.6969 -2.107, 11.6634 5.6969 -2.107, 11.6634 5.622 -2.107, 11.6831 5.5906 -2.107, 11.5453 5.622 -2.107, 11.5256 5.5906 -2.107, 11.5453 5.6969 -2.107, 11.5256 5.6693 -2.107, 11.4626 5.6969 -2.107, 11.4626 5.6693 -2.107, 11.5256 5.7087 -2.1464, 11.4114 5.7087 -2.1464, 11.4508 5.6693 -2.107, 11.25 5.7087 -2.1464, 11.25 5.6693 -2.107, 11.3642 5.7087 -2.1464, 11.313 5.6693 -2.107, 11.3248 5.6693 -2.107, 11.0295 5.6693 -2.107, 11.0295 5.7087 -2.107, 11.0925 5.6693 -2.107, 11.1122 5.7087 -2.107, 11.0925 5.5906 -2.107, 11.1122 5.622 -2.107, 11.25 5.5906 -2.107, 11.2303 5.622 -2.107, 11.2303 5.7087 -2.107, 11.313 5.7087 -2.107, 11.0925 5.7087 -2.1464, 10.9783 5.7087 -2.1464, 11.0177 5.6693 -2.107, 10.8169 5.7087 -2.1464, 10.8169 5.6693 -2.107, 10.9311 5.7087 -2.1464, 10.8799 5.6693 -2.107, 10.8917 5.6693 -2.107, 10.8799 5.6969 -2.107, 10.7972 5.6969 -2.107, 10.7972 5.622 -2.107, 10.8169 5.5906 -2.107, 10.6791 5.622 -2.107, 10.6594 5.5906 -2.107, 10.6791 5.6969 -2.107, 10.6594 5.6693 -2.107, 10.5965 5.6969 -2.107, 10.5965 5.6693 -2.107, 10.6594 5.7087 -2.1464, 10.5453 5.7087 -2.1464, 10.5846 5.6693 -2.107, 10.5846 5.6693 -2.107
            ]
        }
        coordIndex [
            0,1,2,-1,2,1,3,-1,2,3,4,-1,4,3,5,-1,4,5,6,-1,6,5,7,-1,4,8,2,-1,2,8,9,-1,8,10,9,-1,9,10,11,-1,12,13,14,-1,14,13,15,-1,13,16,15,-1,15,16,17,-1,18,19,20,-1,20,19,21,-1,22,23,24,-1,24,23,25,-1,24,25,26,-1,26,25,27,-1,26,27,20,-1,20,27,18,-1,26,28,24,-1,24,28,29,-1,28,30,29,-1,29,30,31,-1,32,33,34,-1,34,35,32,-1,32,35,36,-1,32,36,37,-1,37,36,38,-1,37,38,39,-1,40,41,42,-1,42,41,43,-1,41,44,43,-1,43,44,45,-1,46,47,30,-1,30,47,48,-1,30,48,31,-1,49,48,50,-1,50,48,47,-1,50,47,51,-1,51,47,52,-1,51,52,53,-1,53,52,54,-1,53,54,55,-1,55,54,56,-1,55,56,57,-1,57,56,58,-1,56,59,58,-1,58,59,12,-1,58,12,14,-1,60,61,10,-1,10,61,62,-1,10,62,11,-1,63,62,64,-1,64,62,61,-1,64,61,65,-1,65,61,66,-1,65,66,67,-1,67,66,68,-1,67,68,69,-1,69,68,70,-1,69,70,71,-1,71,70,72,-1,70,73,72,-1,72,73,74,-1,72,74,75,-1,76,77,78,-1,78,77,79,-1,78,79,80,-1,81,79,82,-1,82,79,77,-1,82,77,83,-1,83,77,84,-1,83,84,85,-1,85,84,86,-1,85,86,87,-1,87,86,88,-1,87,88,89,-1,89,88,90,-1,88,91,90,-1,90,91,92,-1,90,92,93,-1,94,95,96,-1,96,95,97,-1,96,97,98,-1,99,100,101,-1,101,100,102,-1,101,102,103,-1,103,102,104,-1,103,104,105,-1,105,104,106,-1,105,106,95,-1,95,106,107,-1,95,107,97,-1,97,107,108,-1,101,109,99,-1,99,109,110,-1,99,110,111,-1,112,113,114,-1,114,113,115,-1,114,115,116,-1,117,115,118,-1,118,115,113,-1,118,113,119,-1,119,113,120,-1,119,120,121,-1,121,120,122,-1,121,122,123,-1,123,122,124,-1,123,124,125,-1,125,124,126,-1,124,127,126,-1,126,127,128,-1,126,128,129,-1,
        ]
    }
}
Shape{
    appearance Appearance {
        material  Material 	{
            diffuseColor 0.7529411764705882 0.7529411764705882 0.7529411764705882
            specularColor 0.3764705882352941 0.3764705882352941 0.3764705882352941
            ambientIntensity 0.2
            transparency 0
            shininess 0.5
        }
    }
    geometry IndexedFaceSet {
        ccw TRUE
        solid FALSE
        coord DEF co Coordinate {
            point [
                10.3839 5.7087 -2.1464, 10.3839 5.6693 -2.107, 10.498 5.7087 -2.1464, 10.4469 5.6693 -2.107, 10.4587 5.6693 -2.107, 10.4587 5.6693 -2.107
            ]
        }
        coordIndex [
            0,1,2,-1,2,1,3,-1,2,3,4,-1,
        ]
    }
}
Shape{
    appearance Appearance {
        material  Material 	{
            diffuseColor 0.25098039215686274 0.25098039215686274 0.25098039215686274
            specularColor 0.12549019607843137 0.12549019607843137 0.12549019607843137
            ambientIntensity 0.2
            transparency 0
            shininess 0.5
        }
    }
    geometry IndexedFaceSet {
        ccw TRUE
        solid FALSE
        coord DEF co Coordinate {
            point [
                10.4469 5.7087 -2.107, 10.4469 5.6693 -2.107, 10.3642 5.7087 -2.107, 10.3839 5.6693 -2.107, 10.3642 5.622 -2.107, 10.3839 5.5906 -2.107, 10.2461 5.622 -2.107, 10.2264 5.5906 -2.107, 10.2461 5.7087 -2.107, 10.2264 5.6693 -2.107, 10.1634 5.7087 -2.107, 10.1634 5.6693 -2.107, 10.1634 5.6693 -2.107
            ]
        }
        coordIndex [
            0,1,2,-1,2,1,3,-1,2,3,4,-1,4,3,5,-1,4,5,6,-1,6,5,7,-1,6,7,8,-1,8,7,9,-1,8,9,10,-1,10,9,11,-1,
        ]
    }
}
Shape{
    appearance Appearance {
        material  Material 	{
            diffuseColor 0.7529411764705882 0.7529411764705882 0.7529411764705882
            specularColor 0.3764705882352941 0.3764705882352941 0.3764705882352941
            ambientIntensity 0.2
            transparency 0
            shininess 0.5
        }
    }
    geometry IndexedFaceSet {
        ccw TRUE
        solid FALSE
        coord DEF co Coordinate {
            point [
                10.2264 5.6693 -2.107, 10.2264 5.7087 -2.1464, 10.1634 5.6693 -2.107, 10.1122 5.7087 -2.1464, 10.1516 5.6693 -2.107, 10.1516 5.6693 -2.107
            ]
        }
        coordIndex [
            0,1,2,-1,2,1,3,-1,2,3,4,-1,
        ]
    }
}
Shape{
    appearance Appearance {
        material  Material 	{
            diffuseColor 0.25098039215686274 0.25098039215686274 0.25098039215686274
            specularColor 0.12549019607843137 0.12549019607843137 0.12549019607843137
            ambientIntensity 0.2
            transparency 0
            shininess 0.5
        }
    }
    geometry IndexedFaceSet {
        ccw TRUE
        solid FALSE
        coord DEF co Coordinate {
            point [
                9.9508 5.7087 -2.1464, 9.9508 5.6693 -2.107, 10.065 5.7087 -2.1464, 10.0138 5.6693 -2.107, 10.0256 5.6693 -2.107, 10.0138 5.6969 -2.107, 9.9311 5.6969 -2.107, 9.9311 5.622 -2.107, 9.9508 5.5906 -2.107, 9.813 5.622 -2.107, 9.7933 5.5906 -2.107, 9.813 5.6969 -2.107, 9.7933 5.6693 -2.107, 9.7303 5.6969 -2.107, 9.7303 5.6693 -2.107, 9.7933 5.7087 -2.1464, 9.6791 5.7087 -2.1464, 9.7185 5.6693 -2.107, 9.0846 5.7087 -2.1464, 9.0846 5.6693 -2.107, 9.1988 5.7087 -2.1464, 9.1476 5.6693 -2.107, 9.1594 5.6693 -2.107, 9.1476 5.6969 -2.107, 9.065 5.6969 -2.107, 9.065 5.6926 -2.107, 9.065 5.6024 -2.107, 9.0846 5.5906 -2.107, 8.9468 5.6024 -2.107, 8.9272 5.5906 -2.107, 8.9468 5.6926 -2.107, 8.9272 5.6693 -2.107, 8.8642 5.6693 -2.107, 8.8642 5.6969 -2.107, 8.9468 5.6969 -2.107, 8.9272 5.7087 -2.1464, 8.813 5.7087 -2.1464, 8.8524 5.6693 -2.107, 8.75 2.8071 -1.8905, 8.6713 2.8071 -1.8905, 8.75 2.7677 -1.9299, 8.6713 2.7677 -1.9299, 8.75 2.9016 -1.8905, 8.6713 2.9016 -1.8905, 8.75 2.9409 -1.9299, 8.6713 2.9409 -1.9299, 8.8287 5.3937 -1.5755, 8.8287 5.6299 -1.5755, 8.75 5.3937 -1.6543, 8.75 5.7087 -1.6543, 8.6516 5.3937 -1.9299, 8.75 5.3937 -1.8003, 8.6516 5.5512 -1.9299, 8.75 5.5512 -1.8003, 8.75 5.5512 -1.8003
            ]
        }
        coordIndex [
            0,1,2,-1,2,1,3,-1,2,3,4,-1,5,3,6,-1,6,3,1,-1,6,1,7,-1,7,1,8,-1,7,8,9,-1,9,8,10,-1,9,10,11,-1,11,10,12,-1,11,12,13,-1,13,12,14,-1,12,15,14,-1,14,15,16,-1,14,16,17,-1,18,19,20,-1,20,19,21,-1,20,21,22,-1,23,21,19,-1,24,23,25,-1,25,23,19,-1,25,19,26,-1,26,19,27,-1,26,27,28,-1,28,27,29,-1,28,29,30,-1,30,29,31,-1,31,32,30,-1,30,32,33,-1,30,33,34,-1,31,35,32,-1,32,35,36,-1,32,36,37,-1,38,39,40,-1,40,39,41,-1,38,42,39,-1,39,42,43,-1,44,45,42,-1,42,45,43,-1,46,47,48,-1,48,47,49,-1,50,51,52,-1,52,51,53,-1,
        ]
    }
}
Shape{
    appearance Appearance {
        material  Material 	{
            diffuseColor 0.7529411764705882 0.7529411764705882 0.7529411764705882
            specularColor 0.3764705882352941 0.3764705882352941 0.3764705882352941
            ambientIntensity 0.2
            transparency 0
            shininess 0.5
        }
    }
    geometry IndexedFaceSet {
        ccw TRUE
        solid FALSE
        coord DEF co Coordinate {
            point [
                8.6516 5.5512 -1.9299, 8.75 5.5512 -1.8003, 8.6516 5.5512 -2.0086, 8.75 5.5512 -2.0086, 8.75 5.5512 -2.0086
            ]
        }
        coordIndex [
            0,1,2,-1,2,1,3,-1,
        ]
    }
}
Shape{
    appearance Appearance {
        material  Material 	{
            diffuseColor 0.25098039215686274 0.25098039215686274 0.25098039215686274
            specularColor 0.12549019607843137 0.12549019607843137 0.12549019607843137
            ambientIntensity 0.2
            transparency 0
            shininess 0.5
        }
    }
    geometry IndexedFaceSet {
        ccw TRUE
        solid FALSE
        coord DEF co Coordinate {
            point [
                8.75 5.5512 -2.0086, 8.75 5.3937 -2.0086, 8.6516 5.5512 -2.0086, 8.6516 5.3937 -2.0086, 8.8878 5.3937 -1.5755, 8.8287 5.3937 -1.5755, 8.8287 5.3937 -1.674, 8.75 5.3937 -1.6543, 8.8287 5.3937 -1.9496, 8.75 5.3937 -1.8003, 8.75 5.3937 -1.9496, 8.6516 5.3937 -1.9299, 8.8287 5.1181 -1.9496, 8.75 3.6614 -1.9496, 8.8839 5.1181 -1.9496, 8.8839 3.6614 -1.9496, 8.8839 3.6614 -1.9496
            ]
        }
        coordIndex [
            0,1,2,-1,2,1,3,-1,4,5,6,-1,6,5,7,-1,6,7,8,-1,8,7,9,-1,8,9,10,-1,10,9,11,-1,10,11,1,-1,1,11,3,-1,8,10,12,-1,12,10,13,-1,12,13,14,-1,14,13,15,-1,
        ]
    }
}
Shape{
    appearance Appearance {
        material  Material 	{
            diffuseColor 0.7529411764705882 0.7529411764705882 0.7529411764705882
            specularColor 0.3764705882352941 0.3764705882352941 0.3764705882352941
            ambientIntensity 0.2
            transparency 0
            shininess 0.5
        }
    }
    geometry IndexedFaceSet {
        ccw TRUE
        solid FALSE
        coord DEF co Coordinate {
            point [
                8.8839 3.6614 -1.674, 8.8839 3.6614 -1.9496, 8.75 3.6614 -1.9496, 8.9626 3.6614 -1.5755, 8.9626 3.6614 -1.674, 8.8287 3.6614 -1.5755, 8.75 3.6614 -1.6543, 8.75 3.6614 -1.6543
            ]
        }
        coordIndex [
            0,1,2,-1,3,4,5,-1,5,4,0,-1,5,0,6,-1,6,0,2,-1,
        ]
    }
}
Shape{
    appearance Appearance {
        material  Material 	{
            diffuseColor 0.25098039215686274 0.25098039215686274 0.25098039215686274
            specularColor 0.12549019607843137 0.12549019607843137 0.12549019607843137
            ambientIntensity 0.2
            transparency 0
            shininess 0.5
        }
    }
    geometry IndexedFaceSet {
        ccw TRUE
        solid FALSE
        coord DEF co Coordinate {
            point [
                8.8287 0.2756 -1.5755, 8.8287 3.6614 -1.5755, 8.75 0.2756 -1.6543, 8.75 3.6614 -1.6543, 8.6516 0.5512 -1.9299, 8.75 0.5512 -1.8003, 8.6516 0.9046 -1.9299, 8.75 0.9046 -1.8003, 8.6516 0.9046 -2.0086, 8.75 0.9046 -2.0086, 8.75 0.5512 -2.0086, 8.6516 0.5512 -2.0086, 9.0256 0.4331 -1.5755, 8.9468 0.2756 -1.5755, 9.0256 0.4331 -1.9496, 8.9468 0.2756 -2.0283, 8.9468 0.2756 -2.0283
            ]
        }
        coordIndex [
            0,1,2,-1,2,1,3,-1,4,5,6,-1,6,5,7,-1,6,7,8,-1,8,7,9,-1,9,10,8,-1,8,10,11,-1,5,4,10,-1,10,4,11,-1,12,13,14,-1,14,13,15,-1,
        ]
    }
}
Shape{
    appearance Appearance {
        material  Material 	{
            diffuseColor 0.7529411764705882 0.7529411764705882 0.7529411764705882
            specularColor 0.3764705882352941 0.3764705882352941 0.3764705882352941
            ambientIntensity 0.2
            transparency 0
            shininess 0.5
        }
    }
    geometry IndexedFaceSet {
        ccw TRUE
        solid FALSE
        coord DEF co Coordinate {
            point [
                8.6831 0.3937 -2.1858, 8.7421 0.3937 -2.1858, 8.7421 0.3739 -2.1841, 8.6831 0.3739 -2.1841, 8.7421 0.3461 -2.1757, 8.6831 0.3461 -2.1757, 8.7421 0.3211 -2.1608, 8.6831 0.3211 -2.1608, 8.7421 0.3005 -2.1403, 8.6831 0.3005 -2.1403, 8.7421 0.2856 -2.1153, 8.6831 0.2856 -2.1153, 8.7421 0.2773 -2.0874, 8.6831 0.2773 -2.0874, 8.7421 0.2755 -2.0677, 8.6831 0.2755 -2.0677, 12.1255 0.256 -1.5755, 12.1255 0.256 -1.5165, 12.0387 0.2707 -1.5755, 12.0387 0.2707 -1.5165, 11.9508 0.2756 -1.5755, 11.9508 0.2755 -1.5165, 14.4272 0.0983 -2.1841, 14.4272 0.1181 -2.1858, 14.4862 0.1181 -2.1858, 14.4862 0.0983 -2.1841, 14.4862 0.0705 -2.1757, 14.4272 0.0705 -2.1757, 14.4862 0.0455 -2.1608, 14.4272 0.0455 -2.1608, 14.4862 0.0249 -2.1403, 14.4272 0.0249 -2.1403, 14.4862 0.01 -2.1153, 14.4272 0.01 -2.1153, 14.4862 0.0017 -2.0874, 14.4272 0.0017 -2.0874, 14.4862 -0.0001 -2.0677, 14.4272 -0.0001 -2.0677, 14.4272 -0.0001 -2.0677
            ]
        }
        coordIndex [
            0,1,2,-1,0,2,3,-1,3,2,4,-1,3,4,5,-1,5,4,6,-1,5,6,7,-1,7,6,8,-1,7,8,9,-1,9,8,10,-1,9,10,11,-1,11,10,12,-1,11,12,13,-1,13,12,14,-1,13,14,15,-1,16,17,18,-1,18,17,19,-1,18,19,20,-1,20,19,21,-1,22,23,24,-1,24,25,22,-1,22,25,26,-1,22,26,27,-1,27,26,28,-1,27,28,29,-1,29,28,30,-1,29,30,31,-1,31,30,32,-1,31,32,33,-1,33,32,34,-1,33,34,35,-1,35,34,36,-1,35,36,37,-1,
        ]
    }
}
Shape{
    appearance Appearance {
        material  Material 	{
            diffuseColor 0.25098039215686274 0.25098039215686274 0.25098039215686274
            specularColor 0.12549019607843137 0.12549019607843137 0.12549019607843137
            ambientIntensity 0.2
            transparency 0
            shininess 0.5
        }
    }
    geometry IndexedFaceSet {
        ccw TRUE
        solid FALSE
        coord DEF co Coordinate {
            point [
                13.4744 0.0 -1.5755, 13.3957 0.1575 -1.5755, 13.4744 -0.0 -2.0283, 13.3957 0.1575 -1.9496, 13.7494 5.5906 -2.2251, 13.7494 5.5906 -1.5755, 13.729 5.5879 -2.2251, 13.729 5.5879 -1.5755, 13.71 5.58 -2.2251, 13.71 5.58 -1.5755, 13.6937 5.5675 -2.2251, 13.6937 5.5675 -1.5755, 13.6812 5.5512 -2.2251, 13.6812 5.5512 -1.5755, 13.6733 5.5322 -2.2251, 13.6733 5.5322 -1.5755, 13.6707 5.5118 -2.2251, 13.6707 5.5118 -1.5755, 13.9468 5.5118 -2.2251, 13.9468 5.5118 -1.5755, 13.9449 5.5293 -2.2251, 13.9449 5.5293 -1.5755, 13.9391 5.546 -2.2251, 13.9391 5.546 -1.5755, 13.9297 5.5609 -2.2251, 13.9297 5.5609 -1.5755, 13.9172 5.5734 -2.2251, 13.9172 5.5734 -1.5755, 13.9023 5.5828 -2.2251, 13.9023 5.5828 -1.5755, 13.8856 5.5886 -2.2251, 13.8856 5.5886 -1.5755, 13.8681 5.5906 -2.2251, 13.8681 5.5906 -1.5755, 13.8681 5.5906 -1.5755
            ]
        }
        coordIndex [
            0,1,2,-1,2,1,3,-1,4,5,6,-1,6,5,7,-1,6,7,8,-1,8,7,9,-1,8,9,10,-1,10,9,11,-1,10,11,12,-1,12,11,13,-1,12,13,14,-1,14,13,15,-1,14,15,16,-1,16,15,17,-1,18,19,20,-1,20,19,21,-1,20,21,22,-1,22,21,23,-1,22,23,24,-1,24,23,25,-1,24,25,26,-1,26,25,27,-1,26,27,28,-1,28,27,29,-1,28,29,30,-1,30,29,31,-1,30,31,32,-1,32,31,33,-1,
        ]
    }
}
Shape{
    appearance Appearance {
        material  Material 	{
            diffuseColor 0.7529411764705882 0.7529411764705882 0.7529411764705882
            specularColor 0.3764705882352941 0.3764705882352941 0.3764705882352941
            ambientIntensity 0.2
            transparency 0
            shininess 0.5
        }
    }
    geometry IndexedFaceSet {
        ccw TRUE
        solid FALSE
        coord DEF co Coordinate {
            point [
                13.729 5.5879 -1.5755, 13.7494 5.5906 -1.5755, 13.6707 5.5118 -1.5755, 13.8681 5.5906 -1.5755, 13.6707 5.0394 -1.5755, 13.6733 5.5322 -1.5755, 13.6812 5.5512 -1.5755, 13.6937 5.5675 -1.5755, 13.8856 5.5886 -1.5755, 13.9023 5.5828 -1.5755, 13.9172 5.5734 -1.5755, 13.9391 5.546 -1.5755, 13.9449 5.5293 -1.5755, 13.9468 5.5118 -1.5755, 13.9468 5.0394 -1.5755, 13.8681 4.9606 -1.5755, 13.9442 5.019 -1.5755, 13.8885 4.9633 -1.5755, 13.7494 4.9606 -1.5755, 13.729 4.9633 -1.5755, 13.9297 5.5609 -1.5755, 13.71 5.58 -1.5755, 13.71 4.9712 -1.5755, 13.6937 4.9837 -1.5755, 13.9363 5.0 -1.5755, 13.9238 4.9837 -1.5755, 13.9075 4.9712 -1.5755, 13.6812 5.0 -1.5755, 13.6733 5.019 -1.5755, 13.6733 5.019 -1.5755
            ]
        }
        coordIndex [
            0,1,2,-1,2,1,3,-1,2,3,4,-1,5,6,7,-1,8,9,10,-1,3,11,12,-1,13,14,15,-1,15,14,16,-1,15,16,17,-1,12,13,3,-1,3,13,15,-1,3,15,4,-1,4,15,18,-1,4,18,19,-1,8,10,3,-1,3,10,20,-1,3,20,11,-1,5,7,2,-1,2,7,21,-1,2,21,0,-1,19,22,23,-1,24,25,16,-1,16,25,26,-1,16,26,17,-1,23,27,19,-1,19,27,28,-1,19,28,4,-1,
        ]
    }
}
Shape{
    appearance Appearance {
        material  Material 	{
            diffuseColor 0.25098039215686274 0.25098039215686274 0.25098039215686274
            specularColor 0.12549019607843137 0.12549019607843137 0.12549019607843137
            ambientIntensity 0.2
            transparency 0
            shininess 0.5
        }
    }
    geometry IndexedFaceSet {
        ccw TRUE
        solid FALSE
        coord DEF co Coordinate {
            point [
                13.6707 5.0394 -2.2251, 13.6707 5.0394 -1.5755, 13.6733 5.019 -2.2251, 13.6733 5.019 -1.5755, 13.6812 5.0 -2.2251, 13.6812 5.0 -1.5755, 13.6937 4.9837 -2.2251, 13.6937 4.9837 -1.5755, 13.71 4.9712 -2.2251, 13.71 4.9712 -1.5755, 13.729 4.9633 -2.2251, 13.729 4.9633 -1.5755, 13.7494 4.9606 -2.2251, 13.7494 4.9606 -1.5755, 13.8681 4.9606 -2.2251, 13.8681 4.9606 -1.5755, 13.8885 4.9633 -2.2251, 13.8885 4.9633 -1.5755, 13.9075 4.9712 -2.2251, 13.9075 4.9712 -1.5755, 13.9238 4.9837 -2.2251, 13.9238 4.9837 -1.5755, 13.9363 5.0 -2.2251, 13.9363 5.0 -1.5755, 13.9442 5.019 -2.2251, 13.9442 5.019 -1.5755, 13.9468 5.0394 -2.2251, 13.9468 5.0394 -1.5755, 9.5633 1.6414 -2.4614, 9.5566 1.6319 -2.4614, 9.549 1.6374 -2.4607, 9.5789 1.6551 -2.4614, 9.5737 1.6505 -2.4614, 9.5679 1.6576 -2.4607, 9.5983 1.6658 -2.4614, 9.5951 1.6641 -2.4614, 9.5914 1.6722 -2.4607, 9.5005 1.6529 -2.4023, 9.5081 1.6669 -2.4023, 9.5096 1.6658 -2.417, 9.5254 1.6853 -2.4023, 9.5359 1.6965 -2.4023, 9.5371 1.6951 -2.417, 9.5577 1.7101 -2.4023, 9.5704 1.7181 -2.4023, 9.5712 1.7164 -2.417, 9.5954 1.7258 -2.4023, 9.6093 1.73 -2.4023, 9.6096 1.7282 -2.417, 9.6359 1.7311 -2.4023, 9.65 1.7316 -2.4023, 9.6498 1.7298 -2.417, 9.6763 1.7258 -2.4023, 9.6897 1.7228 -2.4023, 9.6891 1.721 -2.417, 9.714 1.7102 -2.4023, 9.7258 1.704 -2.4023, 9.7248 1.7025 -2.417, 9.7464 1.6853 -2.4023, 9.7559 1.6767 -2.4023, 9.7545 1.6755 -2.417, 9.7713 1.6529 -2.4023, 9.778 1.6425 -2.4023, 9.7764 1.6417 -2.417, 9.5269 1.5748 -2.4604, 9.5135 1.5748 -2.4563, 9.516 1.5876 -2.4571, 9.5012 1.5748 -2.449, 9.4939 1.5748 -2.4423, 9.4947 1.5898 -2.4423, 9.77 1.5854 -2.449, 9.7683 1.5853 -2.45, 9.7666 1.5993 -2.4502, 9.7444 1.5834 -2.4604, 9.7425 1.5833 -2.4606, 9.7411 1.5945 -2.4607, 9.7339 1.5826 -2.4614, 9.7319 1.5928 -2.4614, 9.4852 1.5748 -2.4299, 9.4802 1.5748 -2.417, 9.486 1.5907 -2.4299, 9.4811 1.5913 -2.417, 9.4905 1.6304 -2.417, 9.5294 1.5861 -2.4607, 9.5387 1.5851 -2.4614, 9.5288 1.5748 -2.4606, 9.5374 1.5748 -2.4614, 9.7928 1.5872 -2.4023, 9.791 1.5871 -2.417, 9.7906 1.6038 -2.4023, 9.7888 1.6034 -2.417, 9.7869 1.6152 -2.4023, 9.4783 1.5748 -2.4023, 9.4792 1.5915 -2.4023, 9.4849 1.6153 -2.4023, 9.4887 1.631 -2.4023, 9.4951 1.6286 -2.4299, 9.5029 1.5748 -2.45, 9.5035 1.5889 -2.4502, 9.5033 1.6255 -2.4423, 9.5136 1.6629 -2.4299, 9.5116 1.6223 -2.4502, 9.5207 1.6578 -2.4423, 9.5402 1.6912 -2.4299, 9.5233 1.6178 -2.4571, 9.5279 1.6526 -2.4502, 9.5458 1.6845 -2.4423, 9.5733 1.7118 -2.4299, 9.7773 1.586 -2.4423, 9.7753 1.6009 -2.4423, 9.756 1.632 -2.4502, 9.7446 1.6266 -2.4571, 9.7277 1.6527 -2.4571, 9.7175 1.644 -2.4607, 9.697 1.6627 -2.4607, 9.786 1.5867 -2.4299, 9.7839 1.6025 -2.4299, 9.7719 1.6395 -2.4299, 9.764 1.6358 -2.4423, 9.7441 1.6666 -2.4423, 9.7373 1.6608 -2.4502, 9.7119 1.684 -2.4502, 9.7047 1.6737 -2.4571, 9.6771 1.688 -2.4571, 9.6725 1.6754 -2.4607, 9.6455 1.6814 -2.4607, 9.7577 1.5845 -2.4563, 9.7543 1.597 -2.4571, 9.7325 1.6208 -2.4607, 9.729 1.6068 -2.4614, 9.7241 1.6168 -2.4614, 9.7187 1.628 -2.4614, 9.7103 1.638 -2.4614, 9.703 1.6468 -2.4614, 9.6918 1.6552 -2.4614, 9.6864 1.6592 -2.4614, 9.6694 1.667 -2.4614, 9.6663 1.6684 -2.4614, 9.6447 1.6727 -2.4614, 9.6437 1.6729 -2.4614, 9.7507 1.6722 -2.4299, 9.7169 1.6913 -2.4423, 9.6813 1.6998 -2.4502, 9.6467 1.6948 -2.4571, 9.6178 1.6803 -2.4607, 9.6204 1.672 -2.4614, 9.7219 1.6984 -2.4299, 9.6844 1.7081 -2.4423, 9.6478 1.7073 -2.4502, 9.6155 1.6936 -2.4571, 9.6874 1.7164 -2.4299, 9.6486 1.7161 -2.4423, 9.6134 1.7059 -2.4502, 9.5858 1.6844 -2.4571, 9.6494 1.7248 -2.4299, 9.6119 1.7147 -2.4423, 9.5806 1.6958 -2.4502, 9.5594 1.6679 -2.4571, 9.5358 1.613 -2.4607, 9.538 1.6452 -2.4571, 9.5514 1.6776 -2.4502, 9.5769 1.7039 -2.4423, 9.6105 1.7233 -2.4299, 9.5482 1.6198 -2.4614, 9.5443 1.6098 -2.4614, 9.5405 1.5997 -2.4614, 9.7933 1.5748 -2.4023, 9.7915 1.5748 -2.417, 9.7865 1.5748 -2.4299, 9.7777 1.5748 -2.4423, 9.7703 1.5748 -2.4489, 9.7689 1.5748 -2.4502, 9.758 1.5748 -2.4562, 9.7563 1.5748 -2.4571, 9.7447 1.5748 -2.4602, 9.7429 1.5748 -2.4607, 9.7343 1.5748 -2.4614, 9.7083 1.5082 -2.4614, 9.715 1.5177 -2.4614, 9.7227 1.5122 -2.4607, 9.6928 1.4945 -2.4614, 9.698 1.4991 -2.4614, 9.7038 1.492 -2.4607, 9.6734 1.4838 -2.4614, 9.6765 1.4856 -2.4614, 9.6803 1.4774 -2.4607, 9.7711 1.4967 -2.4023, 9.7636 1.4828 -2.4023, 9.7621 1.4838 -2.417, 9.7463 1.4643 -2.4023, 9.7357 1.4531 -2.4023, 9.7346 1.4545 -2.417, 9.7139 1.4395 -2.4023, 9.7012 1.4315 -2.4023, 9.7005 1.4332 -2.417, 9.6762 1.4238 -2.4023, 9.6623 1.4196 -2.4023, 9.662 1.4214 -2.417, 9.6358 1.4185 -2.4023, 9.6217 1.418 -2.4023, 9.6218 1.4198 -2.417, 9.5953 1.4238 -2.4023, 9.5819 1.4268 -2.4023, 9.5826 1.4286 -2.417, 9.5576 1.4395 -2.4023, 9.5458 1.4456 -2.4023, 9.5469 1.4471 -2.417, 9.5252 1.4643 -2.4023, 9.5157 1.473 -2.4023, 9.5171 1.4741 -2.417, 9.5004 1.4967 -2.4023, 9.4936 1.5071 -2.4023, 9.4953 1.5079 -2.417, 9.7557 1.5621 -2.4571, 9.7681 1.5607 -2.4502, 9.7769 1.5598 -2.4423, 9.5017 1.5642 -2.449, 9.5033 1.5643 -2.45, 9.5051 1.5503 -2.4502, 9.5273 1.5662 -2.4604, 9.5291 1.5664 -2.4606, 9.5306 1.5551 -2.4607, 9.5377 1.567 -2.4614, 9.5398 1.5568 -2.4614, 9.7856 1.5589 -2.4299, 9.7906 1.5583 -2.417, 9.7812 1.5192 -2.417, 9.7423 1.5635 -2.4607, 9.733 1.5645 -2.4614, 9.4788 1.5624 -2.4023, 9.4807 1.5625 -2.417, 9.481 1.5458 -2.4023, 9.4829 1.5462 -2.417, 9.4848 1.5344 -2.4023, 9.7924 1.5581 -2.4023, 9.7867 1.5343 -2.4023, 9.7829 1.5186 -2.4023, 9.7765 1.521 -2.4299, 9.7684 1.5241 -2.4423, 9.7581 1.4867 -2.4299, 9.7601 1.5273 -2.4502, 9.751 1.4919 -2.4423, 9.7314 1.4584 -2.4299, 9.7484 1.5318 -2.4571, 9.7438 1.497 -2.4502, 9.7259 1.4651 -2.4423, 9.6984 1.4378 -2.4299, 9.4944 1.5636 -2.4423, 9.4963 1.5487 -2.4423, 9.5157 1.5176 -2.4502, 9.527 1.523 -2.4571, 9.5439 1.4969 -2.4571, 9.5542 1.5056 -2.4607, 9.5746 1.4869 -2.4607, 9.4857 1.5629 -2.4299, 9.4878 1.5471 -2.4299, 9.4998 1.5101 -2.4299, 9.5077 1.5138 -2.4423, 9.5276 1.483 -2.4423, 9.5344 1.4888 -2.4502, 9.5598 1.4656 -2.4502, 9.567 1.4759 -2.4571, 9.5946 1.4616 -2.4571, 9.5992 1.4742 -2.4607, 9.6262 1.4682 -2.4607, 9.5139 1.5651 -2.4563, 9.5174 1.5526 -2.4571, 9.5392 1.5288 -2.4607, 9.5426 1.5428 -2.4614, 9.5475 1.5328 -2.4614, 9.5529 1.5216 -2.4614, 9.5613 1.5116 -2.4614, 9.5687 1.5028 -2.4614, 9.5799 1.4944 -2.4614, 9.5852 1.4904 -2.4614, 9.6023 1.4826 -2.4614, 9.6054 1.4812 -2.4614, 9.627 1.4769 -2.4614, 9.628 1.4767 -2.4614, 9.5209 1.4774 -2.4299, 9.5547 1.4584 -2.4423, 9.5903 1.4498 -2.4502, 9.625 1.4548 -2.4571, 9.6538 1.4693 -2.4607, 9.6513 1.4776 -2.4614, 9.5497 1.4512 -2.4299, 9.5873 1.4415 -2.4423, 9.6239 1.4423 -2.4502, 9.6561 1.456 -2.4571, 9.5843 1.4333 -2.4299, 9.6231 1.4335 -2.4423, 9.6582 1.4437 -2.4502, 9.6859 1.4652 -2.4571, 9.6223 1.4248 -2.4299, 9.6597 1.4349 -2.4423, 9.6911 1.4538 -2.4502, 9.7123 1.4817 -2.4571, 9.7358 1.5366 -2.4607, 9.7336 1.5044 -2.4571, 9.7202 1.472 -2.4502, 9.6948 1.4457 -2.4423, 9.6612 1.4263 -2.4299, 9.7235 1.5298 -2.4614, 9.7273 1.5398 -2.4614, 9.7312 1.5499 -2.4614, 12.7129 1.6414 -2.4614, 12.7063 1.6319 -2.4614, 12.6986 1.6374 -2.4607, 12.7285 1.6551 -2.4614, 12.7233 1.6505 -2.4614, 12.7175 1.6576 -2.4607, 12.7479 1.6658 -2.4614, 12.7447 1.6641 -2.4614, 12.741 1.6722 -2.4607, 12.6356 1.5907 -2.4299, 12.6307 1.5913 -2.417, 12.6401 1.6304 -2.417, 12.6502 1.6529 -2.4023, 12.6577 1.6669 -2.4023, 12.6592 1.6658 -2.417, 12.675 1.6853 -2.4023, 12.6855 1.6965 -2.4023, 12.6867 1.6951 -2.417, 12.7073 1.7101 -2.4023, 12.72 1.7181 -2.4023, 12.7208 1.7164 -2.417, 12.745 1.7258 -2.4023, 12.7589 1.73 -2.4023, 12.7592 1.7282 -2.417, 12.7855 1.7311 -2.4023, 12.7996 1.7316 -2.4023, 12.7994 1.7298 -2.417, 12.8259 1.7258 -2.4023, 12.8393 1.7228 -2.4023, 12.8387 1.721 -2.417, 12.8636 1.7102 -2.4023, 12.8754 1.704 -2.4023, 12.8744 1.7025 -2.417, 12.896 1.6853 -2.4023, 12.9055 1.6767 -2.4023, 12.9041 1.6755 -2.417, 12.9209 1.6529 -2.4023, 12.9276 1.6425 -2.4023, 12.926 1.6417 -2.417, 12.652 1.5748 -2.4498, 12.6438 1.5748 -2.442, 12.6443 1.5898 -2.4423, 12.9196 1.5854 -2.449, 12.9179 1.5853 -2.45, 12.9162 1.5993 -2.4502, 12.894 1.5834 -2.4604, 12.8922 1.5833 -2.4606, 12.8907 1.5945 -2.4607, 12.8836 1.5826 -2.4614, 12.8815 1.5928 -2.4614, 12.6298 1.5748 -2.417, 12.6298 1.5748 -2.4171, 12.6348 1.5748 -2.43, 12.6409 1.5748 -2.4392, 12.6784 1.5748 -2.4607, 12.679 1.5861 -2.4607, 12.6785 1.5748 -2.4607, 12.6883 1.5851 -2.4614, 12.687 1.5748 -2.4614, 12.9424 1.5872 -2.4023, 12.9406 1.5871 -2.417, 12.9402 1.6038 -2.4023, 12.9384 1.6034 -2.417, 12.9365 1.6152 -2.4023, 12.628 1.5748 -2.4023, 12.6288 1.5915 -2.4023, 12.6345 1.6153 -2.4023, 12.6383 1.631 -2.4023, 12.6447 1.6286 -2.4299, 12.6524 1.5748 -2.4501, 12.6531 1.5889 -2.4502, 12.6529 1.6255 -2.4423, 12.6632 1.6629 -2.4299, 12.6644 1.5748 -2.4569, 12.6656 1.5876 -2.4571, 12.6612 1.6223 -2.4502, 12.6703 1.6578 -2.4423, 12.6898 1.6912 -2.4299, 12.6729 1.6178 -2.4571, 12.6775 1.6526 -2.4502, 12.6954 1.6845 -2.4423, 12.7229 1.7118 -2.4299, 12.9269 1.586 -2.4423, 12.9249 1.6009 -2.4423, 12.9056 1.632 -2.4502, 12.8943 1.6266 -2.4571, 12.8773 1.6527 -2.4571, 12.8671 1.644 -2.4607, 12.8466 1.6627 -2.4607, 12.9356 1.5867 -2.4299, 12.9335 1.6025 -2.4299, 12.9215 1.6395 -2.4299, 12.9136 1.6358 -2.4423, 12.8937 1.6666 -2.4423, 12.8869 1.6608 -2.4502, 12.8615 1.684 -2.4502, 12.8543 1.6737 -2.4571, 12.8267 1.688 -2.4571, 12.8221 1.6754 -2.4607, 12.7951 1.6814 -2.4607, 12.9073 1.5845 -2.4563, 12.9039 1.597 -2.4571, 12.8821 1.6208 -2.4607, 12.8786 1.6068 -2.4614, 12.8737 1.6168 -2.4614, 12.8683 1.628 -2.4614, 12.8599 1.638 -2.4614, 12.8526 1.6468 -2.4614, 12.8414 1.6552 -2.4614, 12.836 1.6592 -2.4614, 12.819 1.667 -2.4614, 12.8159 1.6684 -2.4614, 12.7943 1.6727 -2.4614, 12.7933 1.6729 -2.4614, 12.9003 1.6722 -2.4299, 12.8665 1.6913 -2.4423, 12.8309 1.6998 -2.4502, 12.7963 1.6948 -2.4571, 12.7674 1.6803 -2.4607, 12.77 1.672 -2.4614, 12.8715 1.6984 -2.4299, 12.834 1.7081 -2.4423, 12.7974 1.7073 -2.4502, 12.7652 1.6936 -2.4571, 12.837 1.7164 -2.4299, 12.7982 1.7161 -2.4423, 12.763 1.7059 -2.4502, 12.7354 1.6844 -2.4571, 12.799 1.7248 -2.4299, 12.7616 1.7147 -2.4423, 12.7302 1.6958 -2.4502, 12.709 1.6679 -2.4571, 12.6854 1.613 -2.4607, 12.6877 1.6452 -2.4571, 12.701 1.6776 -2.4502, 12.7265 1.7039 -2.4423, 12.7601 1.7233 -2.4299, 12.6978 1.6198 -2.4614, 12.6939 1.6098 -2.4614, 12.6901 1.5997 -2.4614, 12.9429 1.5748 -2.4023, 12.9411 1.5748 -2.417, 12.9361 1.5748 -2.4299, 12.9273 1.5748 -2.4423, 12.9199 1.5748 -2.4489, 12.9185 1.5748 -2.4502, 12.9076 1.5748 -2.4562, 12.9059 1.5748 -2.4571, 12.8943 1.5748 -2.4602, 12.8925 1.5748 -2.4607, 12.8839 1.5748 -2.4614, 12.8579 1.5082 -2.4614, 12.8646 1.5177 -2.4614, 12.8723 1.5122 -2.4607, 12.8424 1.4945 -2.4614, 12.8476 1.4991 -2.4614, 12.8534 1.492 -2.4607, 12.823 1.4838 -2.4614, 12.8261 1.4856 -2.4614, 12.8299 1.4774 -2.4607, 12.9207 1.4967 -2.4023, 12.9132 1.4828 -2.4023, 12.9117 1.4838 -2.417, 12.8959 1.4643 -2.4023, 12.8854 1.4531 -2.4023, 12.8842 1.4545 -2.417, 12.8635 1.4395 -2.4023, 12.8508 1.4315 -2.4023, 12.8501 1.4332 -2.417, 12.8258 1.4238 -2.4023, 12.8119 1.4196 -2.4023, 12.8116 1.4214 -2.417, 12.7854 1.4185 -2.4023, 12.7713 1.418 -2.4023, 12.7714 1.4198 -2.417, 12.7449 1.4238 -2.4023, 12.7316 1.4268 -2.4023, 12.7322 1.4286 -2.417, 12.7072 1.4395 -2.4023, 12.6954 1.4456 -2.4023, 12.6965 1.4471 -2.417, 12.6748 1.4643 -2.4023, 12.6653 1.473 -2.4023, 12.6667 1.4741 -2.417, 12.65 1.4967 -2.4023, 12.6432 1.5071 -2.4023, 12.6449 1.5079 -2.417, 12.9053 1.5621 -2.4571, 12.9177 1.5607 -2.4502, 12.9265 1.5598 -2.4423, 12.6303 1.5625 -2.4171, 12.6353 1.5629 -2.43, 12.6374 1.5471 -2.4299, 12.6413 1.5634 -2.4392, 12.6442 1.5636 -2.442, 12.6459 1.5487 -2.4423, 12.6648 1.5652 -2.4569, 12.6653 1.5653 -2.457, 12.667 1.5526 -2.4571, 12.6873 1.567 -2.4614, 12.6894 1.5568 -2.4614, 12.6788 1.5664 -2.4607, 12.6802 1.5551 -2.4607, 12.6787 1.5664 -2.4607, 12.9352 1.5589 -2.4299, 12.9402 1.5583 -2.417, 12.9308 1.5192 -2.417, 12.8919 1.5635 -2.4607, 12.8826 1.5645 -2.4614, 12.6284 1.5624 -2.4023, 12.6303 1.5625 -2.417, 12.6306 1.5458 -2.4023, 12.6325 1.5462 -2.417, 12.6344 1.5344 -2.4023, 12.942 1.5581 -2.4023, 12.9363 1.5343 -2.4023, 12.9325 1.5186 -2.4023, 12.9261 1.521 -2.4299, 12.918 1.5241 -2.4423, 12.9077 1.4867 -2.4299, 12.9097 1.5273 -2.4502, 12.9006 1.4919 -2.4423, 12.881 1.4584 -2.4299, 12.898 1.5318 -2.4571, 12.8934 1.497 -2.4502, 12.8755 1.4651 -2.4423, 12.848 1.4378 -2.4299, 12.6524 1.5643 -2.4498, 12.6547 1.5503 -2.4502, 12.6653 1.5176 -2.4502, 12.6766 1.523 -2.4571, 12.6935 1.4969 -2.4571, 12.7038 1.5056 -2.4607, 12.7242 1.4869 -2.4607, 12.6494 1.5101 -2.4299, 12.6573 1.5138 -2.4423, 12.6772 1.483 -2.4423, 12.684 1.4888 -2.4502, 12.7094 1.4656 -2.4502, 12.7166 1.4759 -2.4571, 12.7442 1.4616 -2.4571, 12.7488 1.4742 -2.4607, 12.7758 1.4682 -2.4607, 12.6888 1.5288 -2.4607, 12.6922 1.5428 -2.4614, 12.6971 1.5328 -2.4614, 12.7025 1.5216 -2.4614, 12.7109 1.5116 -2.4614, 12.7183 1.5028 -2.4614, 12.7295 1.4944 -2.4614, 12.7349 1.4904 -2.4614, 12.7519 1.4826 -2.4614, 12.755 1.4812 -2.4614, 12.7766 1.4769 -2.4614, 12.7776 1.4767 -2.4614, 12.6705 1.4774 -2.4299, 12.7043 1.4584 -2.4423, 12.7399 1.4498 -2.4502, 12.7746 1.4548 -2.4571, 12.8035 1.4693 -2.4607, 12.8009 1.4776 -2.4614, 12.6993 1.4512 -2.4299, 12.7369 1.4415 -2.4423, 12.7735 1.4423 -2.4502, 12.8057 1.456 -2.4571, 12.7339 1.4333 -2.4299, 12.7727 1.4335 -2.4423, 12.8078 1.4437 -2.4502, 12.8355 1.4652 -2.4571, 12.7719 1.4248 -2.4299, 12.8093 1.4349 -2.4423, 12.8407 1.4538 -2.4502, 12.8619 1.4817 -2.4571, 12.8854 1.5366 -2.4607, 12.8832 1.5044 -2.4571, 12.8698 1.472 -2.4502, 12.8444 1.4457 -2.4423, 12.8108 1.4263 -2.4299, 12.8731 1.5298 -2.4614, 12.8769 1.5398 -2.4614, 12.8808 1.5499 -2.4614, 12.8808 1.5499 -2.4614
            ]
        }
        coordIndex [
            0,1,2,-1,2,1,3,-1,2,3,4,-1,4,3,5,-1,4,5,6,-1,6,5,7,-1,6,7,8,-1,8,7,9,-1,8,9,10,-1,10,9,11,-1,10,11,12,-1,12,11,13,-1,14,15,16,-1,16,15,17,-1,16,17,18,-1,18,17,19,-1,18,19,20,-1,20,19,21,-1,20,21,22,-1,22,21,23,-1,22,23,24,-1,24,23,25,-1,24,25,26,-1,26,25,27,-1,28,29,30,-1,31,32,33,-1,34,35,36,-1,37,38,39,-1,40,41,42,-1,43,44,45,-1,46,47,48,-1,49,50,51,-1,52,53,54,-1,55,56,57,-1,58,59,60,-1,61,62,63,-1,64,65,66,-1,67,68,69,-1,70,71,72,-1,73,74,75,-1,75,74,76,-1,75,76,77,-1,78,79,80,-1,80,79,81,-1,80,81,82,-1,83,84,85,-1,85,84,86,-1,87,88,89,-1,89,88,90,-1,89,90,91,-1,91,90,62,-1,61,63,59,-1,58,60,56,-1,55,57,53,-1,49,51,47,-1,79,92,81,-1,81,92,93,-1,81,93,82,-1,82,93,94,-1,82,94,95,-1,68,78,69,-1,69,78,80,-1,69,80,96,-1,96,80,82,-1,96,82,39,-1,39,82,95,-1,39,95,37,-1,97,67,98,-1,98,67,69,-1,98,69,99,-1,99,69,96,-1,99,96,100,-1,100,96,39,-1,100,39,42,-1,42,39,38,-1,42,38,40,-1,65,97,66,-1,66,97,98,-1,66,98,101,-1,101,98,99,-1,101,99,102,-1,102,99,100,-1,102,100,103,-1,103,100,42,-1,103,42,45,-1,45,42,41,-1,45,41,43,-1,85,64,83,-1,83,64,66,-1,83,66,104,-1,104,66,101,-1,104,101,105,-1,105,101,102,-1,105,102,106,-1,106,102,103,-1,106,103,107,-1,107,103,45,-1,107,45,48,-1,48,45,44,-1,48,44,46,-1,108,70,109,-1,109,70,72,-1,109,72,110,-1,110,72,111,-1,110,111,112,-1,112,111,113,-1,112,113,114,-1,88,115,90,-1,90,115,116,-1,90,116,117,-1,117,116,118,-1,117,118,119,-1,119,118,120,-1,119,120,121,-1,121,120,122,-1,121,122,123,-1,123,122,124,-1,123,124,125,-1,126,73,127,-1,127,73,75,-1,127,75,128,-1,128,75,77,-1,77,129,128,-1,128,129,130,-1,128,130,131,-1,71,126,72,-1,72,126,127,-1,72,127,111,-1,111,127,128,-1,111,128,113,-1,113,128,131,-1,131,132,113,-1,113,132,133,-1,113,133,114,-1,114,133,134,-1,114,134,135,-1,115,108,116,-1,116,108,109,-1,116,109,118,-1,118,109,110,-1,118,110,120,-1,120,110,112,-1,120,112,122,-1,122,112,114,-1,122,114,124,-1,124,114,135,-1,135,136,124,-1,124,136,137,-1,124,137,125,-1,125,137,138,-1,125,138,139,-1,62,90,63,-1,63,90,117,-1,63,117,140,-1,140,117,119,-1,140,119,141,-1,141,119,121,-1,141,121,142,-1,142,121,123,-1,142,123,143,-1,143,123,125,-1,143,125,144,-1,144,125,139,-1,144,139,145,-1,59,63,60,-1,60,63,140,-1,60,140,146,-1,146,140,141,-1,146,141,147,-1,147,141,142,-1,147,142,148,-1,148,142,143,-1,148,143,149,-1,149,143,144,-1,149,144,36,-1,36,144,145,-1,36,145,34,-1,56,60,57,-1,57,60,146,-1,57,146,150,-1,150,146,147,-1,150,147,151,-1,151,147,148,-1,151,148,152,-1,152,148,149,-1,152,149,153,-1,153,149,36,-1,153,36,33,-1,33,36,35,-1,33,35,31,-1,53,57,54,-1,54,57,150,-1,54,150,154,-1,154,150,151,-1,154,151,155,-1,155,151,152,-1,155,152,156,-1,156,152,153,-1,156,153,157,-1,157,153,33,-1,157,33,30,-1,30,33,32,-1,30,32,28,-1,29,158,30,-1,30,158,159,-1,30,159,157,-1,157,159,160,-1,157,160,156,-1,156,160,161,-1,156,161,155,-1,155,161,162,-1,155,162,154,-1,154,162,51,-1,154,51,54,-1,54,51,50,-1,54,50,52,-1,29,163,158,-1,158,163,164,-1,158,164,165,-1,47,51,48,-1,48,51,162,-1,48,162,107,-1,107,162,161,-1,107,161,106,-1,106,161,160,-1,106,160,105,-1,105,160,159,-1,105,159,104,-1,104,159,158,-1,104,158,83,-1,83,158,165,-1,83,165,84,-1,87,166,167,-1,87,167,88,-1,88,167,168,-1,88,168,115,-1,115,168,169,-1,115,169,108,-1,108,169,170,-1,108,170,70,-1,70,170,71,-1,71,170,171,-1,71,171,126,-1,171,172,126,-1,126,172,173,-1,126,173,73,-1,73,173,174,-1,73,174,74,-1,74,174,175,-1,74,175,76,-1,76,175,176,-1,177,178,179,-1,180,181,182,-1,183,184,185,-1,186,187,188,-1,189,190,191,-1,192,193,194,-1,195,196,197,-1,198,199,200,-1,201,202,203,-1,204,205,206,-1,207,208,209,-1,210,211,212,-1,174,173,213,-1,172,171,214,-1,170,169,215,-1,216,217,218,-1,219,220,221,-1,221,220,222,-1,221,222,223,-1,168,167,224,-1,224,167,225,-1,224,225,226,-1,227,228,175,-1,175,228,176,-1,229,230,231,-1,231,230,232,-1,231,232,233,-1,233,232,211,-1,210,212,208,-1,207,209,205,-1,204,206,202,-1,198,200,196,-1,167,166,225,-1,225,166,234,-1,225,234,226,-1,226,234,235,-1,226,235,236,-1,169,168,215,-1,215,168,224,-1,215,224,237,-1,237,224,226,-1,237,226,188,-1,188,226,236,-1,188,236,186,-1,171,170,214,-1,214,170,215,-1,214,215,238,-1,238,215,237,-1,238,237,239,-1,239,237,188,-1,239,188,191,-1,191,188,187,-1,191,187,189,-1,173,172,213,-1,213,172,214,-1,213,214,240,-1,240,214,238,-1,240,238,241,-1,241,238,239,-1,241,239,242,-1,242,239,191,-1,242,191,194,-1,194,191,190,-1,194,190,192,-1,175,174,227,-1,227,174,213,-1,227,213,243,-1,243,213,240,-1,243,240,244,-1,244,240,241,-1,244,241,245,-1,245,241,242,-1,245,242,246,-1,246,242,194,-1,246,194,197,-1,197,194,193,-1,197,193,195,-1,247,216,248,-1,248,216,218,-1,248,218,249,-1,249,218,250,-1,249,250,251,-1,251,250,252,-1,251,252,253,-1,230,254,232,-1,232,254,255,-1,232,255,256,-1,256,255,257,-1,256,257,258,-1,258,257,259,-1,258,259,260,-1,260,259,261,-1,260,261,262,-1,262,261,263,-1,262,263,264,-1,265,219,266,-1,266,219,221,-1,266,221,267,-1,267,221,223,-1,223,268,267,-1,267,268,269,-1,267,269,270,-1,217,265,218,-1,218,265,266,-1,218,266,250,-1,250,266,267,-1,250,267,252,-1,252,267,270,-1,270,271,252,-1,252,271,272,-1,252,272,253,-1,253,272,273,-1,253,273,274,-1,254,247,255,-1,255,247,248,-1,255,248,257,-1,257,248,249,-1,257,249,259,-1,259,249,251,-1,259,251,261,-1,261,251,253,-1,261,253,263,-1,263,253,274,-1,274,275,263,-1,263,275,276,-1,263,276,264,-1,264,276,277,-1,264,277,278,-1,211,232,212,-1,212,232,256,-1,212,256,279,-1,279,256,258,-1,279,258,280,-1,280,258,260,-1,280,260,281,-1,281,260,262,-1,281,262,282,-1,282,262,264,-1,282,264,283,-1,283,264,278,-1,283,278,284,-1,208,212,209,-1,209,212,279,-1,209,279,285,-1,285,279,280,-1,285,280,286,-1,286,280,281,-1,286,281,287,-1,287,281,282,-1,287,282,288,-1,288,282,283,-1,288,283,185,-1,185,283,284,-1,185,284,183,-1,205,209,206,-1,206,209,285,-1,206,285,289,-1,289,285,286,-1,289,286,290,-1,290,286,287,-1,290,287,291,-1,291,287,288,-1,291,288,292,-1,292,288,185,-1,292,185,182,-1,182,185,184,-1,182,184,180,-1,202,206,203,-1,203,206,289,-1,203,289,293,-1,293,289,290,-1,293,290,294,-1,294,290,291,-1,294,291,295,-1,295,291,292,-1,295,292,296,-1,296,292,182,-1,296,182,179,-1,179,182,181,-1,179,181,177,-1,178,297,179,-1,179,297,298,-1,179,298,296,-1,296,298,299,-1,296,299,295,-1,295,299,300,-1,295,300,294,-1,294,300,301,-1,294,301,293,-1,293,301,200,-1,293,200,203,-1,203,200,199,-1,203,199,201,-1,178,302,297,-1,297,302,303,-1,297,303,304,-1,196,200,197,-1,197,200,301,-1,197,301,246,-1,246,301,300,-1,246,300,245,-1,245,300,299,-1,245,299,244,-1,244,299,298,-1,244,298,243,-1,243,298,297,-1,243,297,227,-1,227,297,304,-1,227,304,228,-1,265,65,64,-1,67,247,68,-1,68,247,254,-1,68,254,78,-1,78,254,230,-1,78,230,79,-1,79,230,229,-1,79,229,92,-1,65,265,97,-1,97,265,217,-1,97,217,67,-1,67,217,216,-1,67,216,247,-1,86,222,85,-1,85,222,220,-1,85,220,64,-1,64,220,219,-1,64,219,265,-1,305,306,307,-1,308,309,310,-1,311,312,313,-1,314,315,316,-1,317,318,319,-1,320,321,322,-1,323,324,325,-1,326,327,328,-1,329,330,331,-1,332,333,334,-1,335,336,337,-1,338,339,340,-1,341,342,343,-1,344,345,346,-1,347,348,349,-1,350,351,352,-1,352,351,353,-1,352,353,354,-1,355,315,356,-1,356,315,314,-1,356,314,357,-1,357,314,358,-1,359,360,361,-1,361,360,362,-1,361,362,363,-1,364,365,366,-1,366,365,367,-1,366,367,368,-1,368,367,342,-1,341,343,339,-1,338,340,336,-1,335,337,333,-1,329,331,327,-1,355,369,315,-1,315,369,370,-1,315,370,316,-1,316,370,371,-1,316,371,372,-1,345,358,346,-1,346,358,314,-1,346,314,373,-1,373,314,316,-1,373,316,319,-1,319,316,372,-1,319,372,317,-1,374,344,375,-1,375,344,346,-1,375,346,376,-1,376,346,373,-1,376,373,377,-1,377,373,319,-1,377,319,322,-1,322,319,318,-1,322,318,320,-1,378,374,379,-1,379,374,375,-1,379,375,380,-1,380,375,376,-1,380,376,381,-1,381,376,377,-1,381,377,382,-1,382,377,322,-1,382,322,325,-1,325,322,321,-1,325,321,323,-1,359,378,360,-1,360,378,379,-1,360,379,383,-1,383,379,380,-1,383,380,384,-1,384,380,381,-1,384,381,385,-1,385,381,382,-1,385,382,386,-1,386,382,325,-1,386,325,328,-1,328,325,324,-1,328,324,326,-1,387,347,388,-1,388,347,349,-1,388,349,389,-1,389,349,390,-1,389,390,391,-1,391,390,392,-1,391,392,393,-1,365,394,367,-1,367,394,395,-1,367,395,396,-1,396,395,397,-1,396,397,398,-1,398,397,399,-1,398,399,400,-1,400,399,401,-1,400,401,402,-1,402,401,403,-1,402,403,404,-1,405,350,406,-1,406,350,352,-1,406,352,407,-1,407,352,354,-1,354,408,407,-1,407,408,409,-1,407,409,410,-1,348,405,349,-1,349,405,406,-1,349,406,390,-1,390,406,407,-1,390,407,392,-1,392,407,410,-1,410,411,392,-1,392,411,412,-1,392,412,393,-1,393,412,413,-1,393,413,414,-1,394,387,395,-1,395,387,388,-1,395,388,397,-1,397,388,389,-1,397,389,399,-1,399,389,391,-1,399,391,401,-1,401,391,393,-1,401,393,403,-1,403,393,414,-1,414,415,403,-1,403,415,416,-1,403,416,404,-1,404,416,417,-1,404,417,418,-1,342,367,343,-1,343,367,396,-1,343,396,419,-1,419,396,398,-1,419,398,420,-1,420,398,400,-1,420,400,421,-1,421,400,402,-1,421,402,422,-1,422,402,404,-1,422,404,423,-1,423,404,418,-1,423,418,424,-1,339,343,340,-1,340,343,419,-1,340,419,425,-1,425,419,420,-1,425,420,426,-1,426,420,421,-1,426,421,427,-1,427,421,422,-1,427,422,428,-1,428,422,423,-1,428,423,313,-1,313,423,424,-1,313,424,311,-1,336,340,337,-1,337,340,425,-1,337,425,429,-1,429,425,426,-1,429,426,430,-1,430,426,427,-1,430,427,431,-1,431,427,428,-1,431,428,432,-1,432,428,313,-1,432,313,310,-1,310,313,312,-1,310,312,308,-1,333,337,334,-1,334,337,429,-1,334,429,433,-1,433,429,430,-1,433,430,434,-1,434,430,431,-1,434,431,435,-1,435,431,432,-1,435,432,436,-1,436,432,310,-1,436,310,307,-1,307,310,309,-1,307,309,305,-1,306,437,307,-1,307,437,438,-1,307,438,436,-1,436,438,439,-1,436,439,435,-1,435,439,440,-1,435,440,434,-1,434,440,441,-1,434,441,433,-1,433,441,331,-1,433,331,334,-1,334,331,330,-1,334,330,332,-1,306,442,437,-1,437,442,443,-1,437,443,444,-1,327,331,328,-1,328,331,441,-1,328,441,386,-1,386,441,440,-1,386,440,385,-1,385,440,439,-1,385,439,384,-1,384,439,438,-1,384,438,383,-1,383,438,437,-1,383,437,360,-1,360,437,444,-1,360,444,362,-1,364,445,446,-1,364,446,365,-1,365,446,447,-1,365,447,394,-1,394,447,448,-1,394,448,387,-1,387,448,449,-1,387,449,347,-1,347,449,348,-1,348,449,450,-1,348,450,405,-1,450,451,405,-1,405,451,452,-1,405,452,350,-1,350,452,453,-1,350,453,351,-1,351,453,454,-1,351,454,353,-1,353,454,455,-1,456,457,458,-1,459,460,461,-1,462,463,464,-1,465,466,467,-1,468,469,470,-1,471,472,473,-1,474,475,476,-1,477,478,479,-1,480,481,482,-1,483,484,485,-1,486,487,488,-1,489,490,491,-1,453,452,492,-1,451,450,493,-1,449,448,494,-1,495,496,497,-1,498,499,500,-1,501,502,503,-1,504,505,506,-1,506,505,507,-1,506,507,508,-1,447,446,509,-1,509,446,510,-1,509,510,511,-1,512,513,454,-1,454,513,455,-1,514,515,516,-1,516,515,517,-1,516,517,518,-1,518,517,490,-1,489,491,487,-1,486,488,484,-1,483,485,481,-1,477,479,475,-1,446,445,510,-1,510,445,519,-1,510,519,511,-1,511,519,520,-1,511,520,521,-1,448,447,494,-1,494,447,509,-1,494,509,522,-1,522,509,511,-1,522,511,467,-1,467,511,521,-1,467,521,465,-1,450,449,493,-1,493,449,494,-1,493,494,523,-1,523,494,522,-1,523,522,524,-1,524,522,467,-1,524,467,470,-1,470,467,466,-1,470,466,468,-1,452,451,492,-1,492,451,493,-1,492,493,525,-1,525,493,523,-1,525,523,526,-1,526,523,524,-1,526,524,527,-1,527,524,470,-1,527,470,473,-1,473,470,469,-1,473,469,471,-1,454,453,512,-1,512,453,492,-1,512,492,528,-1,528,492,525,-1,528,525,529,-1,529,525,526,-1,529,526,530,-1,530,526,527,-1,530,527,531,-1,531,527,473,-1,531,473,476,-1,476,473,472,-1,476,472,474,-1,499,532,500,-1,500,532,533,-1,500,533,534,-1,534,533,535,-1,534,535,536,-1,536,535,537,-1,536,537,538,-1,515,495,517,-1,517,495,497,-1,517,497,539,-1,539,497,540,-1,539,540,541,-1,541,540,542,-1,541,542,543,-1,543,542,544,-1,543,544,545,-1,545,544,546,-1,545,546,547,-1,502,508,503,-1,503,508,507,-1,503,507,548,-1,548,507,505,-1,505,549,548,-1,548,549,550,-1,548,550,551,-1,532,501,533,-1,533,501,503,-1,533,503,535,-1,535,503,548,-1,535,548,537,-1,537,548,551,-1,551,552,537,-1,537,552,553,-1,537,553,538,-1,538,553,554,-1,538,554,555,-1,496,498,497,-1,497,498,500,-1,497,500,540,-1,540,500,534,-1,540,534,542,-1,542,534,536,-1,542,536,544,-1,544,536,538,-1,544,538,546,-1,546,538,555,-1,555,556,546,-1,546,556,557,-1,546,557,547,-1,547,557,558,-1,547,558,559,-1,490,517,491,-1,491,517,539,-1,491,539,560,-1,560,539,541,-1,560,541,561,-1,561,541,543,-1,561,543,562,-1,562,543,545,-1,562,545,563,-1,563,545,547,-1,563,547,564,-1,564,547,559,-1,564,559,565,-1,487,491,488,-1,488,491,560,-1,488,560,566,-1,566,560,561,-1,566,561,567,-1,567,561,562,-1,567,562,568,-1,568,562,563,-1,568,563,569,-1,569,563,564,-1,569,564,464,-1,464,564,565,-1,464,565,462,-1,484,488,485,-1,485,488,566,-1,485,566,570,-1,570,566,567,-1,570,567,571,-1,571,567,568,-1,571,568,572,-1,572,568,569,-1,572,569,573,-1,573,569,464,-1,573,464,461,-1,461,464,463,-1,461,463,459,-1,481,485,482,-1,482,485,570,-1,482,570,574,-1,574,570,571,-1,574,571,575,-1,575,571,572,-1,575,572,576,-1,576,572,573,-1,576,573,577,-1,577,573,461,-1,577,461,458,-1,458,461,460,-1,458,460,456,-1,457,578,458,-1,458,578,579,-1,458,579,577,-1,577,579,580,-1,577,580,576,-1,576,580,581,-1,576,581,575,-1,575,581,582,-1,575,582,574,-1,574,582,479,-1,574,479,482,-1,482,479,478,-1,482,478,480,-1,457,583,578,-1,578,583,584,-1,578,584,585,-1,475,479,476,-1,476,479,582,-1,476,582,531,-1,531,582,581,-1,531,581,530,-1,530,581,580,-1,530,580,529,-1,529,580,579,-1,529,579,528,-1,528,579,578,-1,528,578,512,-1,512,578,585,-1,512,585,513,-1,514,369,515,-1,515,369,355,-1,515,355,495,-1,355,356,495,-1,495,356,357,-1,495,357,496,-1,496,357,358,-1,496,358,498,-1,498,358,499,-1,499,358,345,-1,499,345,532,-1,345,344,532,-1,532,344,374,-1,532,374,501,-1,501,374,378,-1,501,378,502,-1,502,378,508,-1,508,378,359,-1,508,359,506,-1,359,361,506,-1,506,361,363,-1,506,363,504,-1,
        ]
    }
}
Shape{
    appearance Appearance {
        material  Material 	{
            diffuseColor 0.7529411764705882 0.7529411764705882 0.7529411764705882
            specularColor 0.3764705882352941 0.3764705882352941 0.3764705882352941
            ambientIntensity 0.2
            transparency 0
            shininess 0.5
        }
    }
    geometry IndexedFaceSet {
        ccw TRUE
        solid FALSE
        coord DEF co Coordinate {
            point [
                13.8681 0.6693 -2.1464, 13.8484 0.6693 -2.1464, 13.8484 1.4567 -2.1464, 13.5728 0.6693 -2.1464, 13.5532 0.6693 -2.1464, 13.5728 1.4567 -2.1464, 13.5532 3.1102 -2.1464, 13.8681 3.1102 -2.1464, 13.5532 0.6693 -1.9102, 13.8681 0.6693 -1.9102, 13.5532 0.315 -1.9102, 13.8681 0.315 -1.9102, 13.5728 0.6693 -1.9889, 13.8484 0.6693 -1.9889, 12.872 4.8425 -2.1464, 13.002 4.8425 -2.1464, 12.872 4.8425 -1.9496, 13.002 4.8425 -1.8511, 12.872 4.8425 -1.8511, 12.3524 5.1181 -2.044, 12.3524 5.1181 -2.107, 12.3169 5.1181 -2.044, 12.3169 5.1181 -2.107, 12.4075 5.1181 -2.107, 12.5335 5.1181 -2.107, 12.5335 5.102 -2.1067, 12.4075 5.0563 -2.1021, 12.5335 5.0404 -2.0993, 12.4075 5.0404 -2.0993, 12.6122 5.315 -2.107, 12.5217 5.1575 -2.107, 12.5335 5.1575 -2.107, 12.624 5.1181 -2.107, 12.624 5.3839 -2.107, 12.6122 5.3543 -2.107, 12.5886 5.1181 -2.107, 12.4075 5.1575 -2.107, 12.4193 5.1575 -2.107, 12.3287 5.315 -2.107, 12.3287 5.3543 -2.107, 12.3169 5.3839 -2.107, 12.5886 5.1181 -2.044, 12.624 5.1181 -2.044, 12.1555 5.1181 -2.107, 12.1555 5.1181 -2.044, 12.1909 5.1181 -2.107, 12.1909 5.1181 -2.044, 11.9193 5.1181 -2.044, 11.9193 5.1181 -2.107, 11.8839 5.1181 -2.044, 11.8839 5.1181 -2.107, 11.9744 5.1181 -2.107, 12.1004 5.1181 -2.107, 12.1004 5.0898 -2.106, 11.9744 5.0563 -2.1022, 12.1004 5.0285 -2.0967, 11.9744 5.0285 -2.0967, 12.1791 5.315 -2.107, 12.0886 5.1575 -2.107, 12.1004 5.1575 -2.107, 12.1909 5.3839 -2.107, 12.1791 5.3543 -2.107, 11.9744 5.1575 -2.107, 11.9862 5.1575 -2.107, 11.8957 5.315 -2.107, 11.8957 5.3543 -2.107, 11.8839 5.3839 -2.107, 11.7224 5.1181 -2.107, 11.7224 5.1181 -2.044, 11.7579 5.1181 -2.107, 11.7579 5.1181 -2.044, 11.4862 5.1181 -2.044, 11.4862 5.1181 -2.107, 11.4508 5.1181 -2.044, 11.4508 5.1181 -2.107, 11.5413 5.1181 -2.107, 11.6673 5.1181 -2.107, 11.6673 5.102 -2.1067, 11.5413 5.0563 -2.1021, 11.6673 5.0404 -2.0993, 11.5413 5.0404 -2.0993, 11.7461 5.315 -2.107, 11.6555 5.1575 -2.107, 11.6673 5.1575 -2.107, 11.7579 5.3839 -2.107, 11.7461 5.3543 -2.107, 11.5413 5.1575 -2.107, 11.5531 5.1575 -2.107, 11.4626 5.315 -2.107, 11.4626 5.3543 -2.107, 11.4508 5.3839 -2.107, 11.2894 5.1181 -2.107, 11.2894 5.1181 -2.044, 11.3248 5.1181 -2.107, 11.3248 5.1181 -2.044, 11.0532 5.1181 -2.044, 11.0532 5.1181 -2.107, 11.0177 5.1181 -2.044, 11.0177 5.1181 -2.107, 11.1083 5.1181 -2.107, 11.2343 5.1181 -2.107, 11.2343 5.1113 -2.107, 11.1083 5.0563 -2.1021, 11.2343 5.0495 -2.101, 11.1083 5.0495 -2.101, 11.313 5.315 -2.107, 11.2224 5.1575 -2.107, 11.2343 5.1575 -2.107, 11.3248 5.3839 -2.107, 11.313 5.3543 -2.107, 11.1083 5.1575 -2.107, 11.1201 5.1575 -2.107, 11.0295 5.315 -2.107, 11.0295 5.3543 -2.107, 11.0177 5.3839 -2.107, 10.8563 5.1181 -2.107, 10.8563 5.1181 -2.044, 10.8917 5.1181 -2.107, 10.8917 5.1181 -2.044, 10.6201 5.1181 -2.044, 10.6201 5.1181 -2.107, 10.5846 5.1181 -2.044, 10.5846 5.1181 -2.107, 10.6752 5.1181 -2.107, 10.8012 5.1181 -2.107, 10.8012 5.102 -2.1067, 10.6752 5.0563 -2.1021, 10.8012 5.0404 -2.0993, 10.6752 5.0404 -2.0993, 10.8799 5.315 -2.107, 10.7894 5.1575 -2.107, 10.8012 5.1575 -2.107, 10.8917 5.3839 -2.107, 10.8799 5.3543 -2.107, 10.6752 5.1575 -2.107, 10.687 5.1575 -2.107, 10.5965 5.315 -2.107, 10.5965 5.3543 -2.107, 10.5846 5.3839 -2.107, 10.4232 5.1181 -2.107, 10.4232 5.1181 -2.044, 10.4587 5.1181 -2.107, 10.4587 5.1181 -2.044, 10.187 5.1181 -2.044, 10.187 5.1181 -2.107, 10.1516 5.1181 -2.044, 10.1516 5.1181 -2.107, 10.2421 5.1181 -2.107, 10.3681 5.1181 -2.107, 10.3681 5.1113 -2.107, 10.2421 5.0563 -2.1021, 10.3681 5.0495 -2.101, 10.2421 5.0495 -2.101, 10.4469 5.315 -2.107, 10.3563 5.1575 -2.107, 10.3681 5.1575 -2.107, 10.4587 5.3839 -2.107, 10.4469 5.3543 -2.107, 10.2421 5.1575 -2.107, 10.2539 5.1575 -2.107, 10.1634 5.315 -2.107, 10.1634 5.3543 -2.107, 10.1516 5.3839 -2.107, 9.9902 5.1181 -2.107, 9.9902 5.1181 -2.044, 10.0256 5.1181 -2.107, 10.0256 5.1181 -2.044, 9.7539 5.1181 -2.044, 9.7539 5.1181 -2.107, 9.7185 5.1181 -2.044, 9.7185 5.1181 -2.107, 9.8091 5.1181 -2.107, 9.935 5.1181 -2.107, 9.935 5.102 -2.1067, 9.8091 5.0563 -2.1021, 9.935 5.0404 -2.0993, 9.8091 5.0404 -2.0993, 10.0138 5.315 -2.107, 9.9232 5.1575 -2.107, 9.935 5.1575 -2.107, 10.0256 5.3839 -2.107, 10.0138 5.3543 -2.107, 9.8091 5.1575 -2.107, 9.8209 5.1575 -2.107, 9.7303 5.315 -2.107, 9.7303 5.3543 -2.107, 9.7185 5.3839 -2.107, 9.7185 5.3839 -2.107
            ]
        }
        coordIndex [
            0,1,2,-1,3,4,5,-1,5,4,6,-1,5,6,2,-1,2,6,7,-1,2,7,0,-1,8,9,10,-1,10,9,11,-1,4,3,12,-1,1,0,13,-1,13,0,9,-1,13,9,12,-1,12,9,8,-1,12,8,4,-1,14,15,16,-1,16,15,17,-1,16,17,18,-1,19,20,21,-1,21,20,22,-1,23,24,25,-1,23,25,26,-1,26,25,27,-1,26,27,28,-1,29,30,31,-1,32,33,29,-1,29,33,34,-1,31,24,29,-1,29,24,35,-1,29,35,32,-1,36,37,38,-1,38,39,40,-1,23,36,20,-1,20,36,38,-1,20,38,22,-1,22,38,40,-1,35,41,32,-1,32,41,42,-1,43,44,45,-1,45,44,46,-1,47,48,49,-1,49,48,50,-1,51,52,53,-1,51,53,54,-1,54,53,55,-1,54,55,56,-1,57,58,59,-1,45,60,57,-1,57,60,61,-1,59,52,57,-1,57,52,43,-1,57,43,45,-1,62,63,64,-1,64,65,66,-1,51,62,48,-1,48,62,64,-1,48,64,50,-1,50,64,66,-1,67,68,69,-1,69,68,70,-1,71,72,73,-1,73,72,74,-1,75,76,77,-1,75,77,78,-1,78,77,79,-1,78,79,80,-1,81,82,83,-1,69,84,81,-1,81,84,85,-1,83,76,81,-1,81,76,67,-1,81,67,69,-1,86,87,88,-1,88,89,90,-1,75,86,72,-1,72,86,88,-1,72,88,74,-1,74,88,90,-1,91,92,93,-1,93,92,94,-1,95,96,97,-1,97,96,98,-1,99,100,101,-1,99,101,102,-1,102,101,103,-1,102,103,104,-1,105,106,107,-1,93,108,105,-1,105,108,109,-1,107,100,105,-1,105,100,91,-1,105,91,93,-1,110,111,112,-1,112,113,114,-1,99,110,96,-1,96,110,112,-1,96,112,98,-1,98,112,114,-1,115,116,117,-1,117,116,118,-1,119,120,121,-1,121,120,122,-1,123,124,125,-1,123,125,126,-1,126,125,127,-1,126,127,128,-1,129,130,131,-1,117,132,129,-1,129,132,133,-1,131,124,129,-1,129,124,115,-1,129,115,117,-1,134,135,136,-1,136,137,138,-1,123,134,120,-1,120,134,136,-1,120,136,122,-1,122,136,138,-1,139,140,141,-1,141,140,142,-1,143,144,145,-1,145,144,146,-1,147,148,149,-1,147,149,150,-1,150,149,151,-1,150,151,152,-1,153,154,155,-1,141,156,153,-1,153,156,157,-1,155,148,153,-1,153,148,139,-1,153,139,141,-1,158,159,160,-1,160,161,162,-1,147,158,144,-1,144,158,160,-1,144,160,146,-1,146,160,162,-1,163,164,165,-1,165,164,166,-1,167,168,169,-1,169,168,170,-1,171,172,173,-1,171,173,174,-1,174,173,175,-1,174,175,176,-1,177,178,179,-1,165,180,177,-1,177,180,181,-1,179,172,177,-1,177,172,163,-1,177,163,165,-1,182,183,184,-1,184,185,186,-1,171,182,168,-1,168,182,184,-1,168,184,170,-1,170,184,186,-1,
        ]
    }
}
Shape{
    appearance Appearance {
        material  Material 	{
            diffuseColor 0.25098039215686274 0.25098039215686274 0.25098039215686274
            specularColor 0.12549019607843137 0.12549019607843137 0.12549019607843137
            ambientIntensity 0.2
            transparency 0
            shininess 0.5
        }
    }
    geometry IndexedFaceSet {
        ccw TRUE
        solid FALSE
        coord DEF co Coordinate {
            point [
                9.5177 5.1181 -2.044, 9.5177 5.6693 -2.044, 9.5571 5.1181 -2.044, 9.5925 5.6693 -2.044, 9.5925 5.1181 -2.044, 9.1004 5.3937 -1.7291, 9.1791 5.3937 -1.7291, 9.1004 5.3937 -1.8511, 9.1791 5.3937 -1.8511, 8.9218 5.2683 -1.7291, 8.8839 5.2609 -1.7291, 8.8839 5.7087 -1.7291, 9.0256 5.3937 -1.7291, 9.0256 5.1181 -1.7291, 8.9509 5.1181 -1.7291, 9.1791 5.7087 -1.7291, 13.002 4.8425 -1.8511, 13.1581 4.7244 -1.8511, 12.872 4.8425 -1.8511, 9.15 4.7244 -1.8511, 9.3602 5.3937 -1.8511, 9.0453 4.794 -1.8511, 9.0453 5.3386 -1.8511, 9.0461 5.3478 -1.8511, 9.0912 5.3929 -1.8511, 9.5177 5.3937 -1.8511, 9.7933 5.3937 -1.8511, 9.9508 5.3937 -1.8511, 13.1396 5.3641 -1.8512, 13.1479 5.3516 -1.8513, 13.1498 5.3488 -1.8514, 13.1552 5.3345 -1.8513, 10.2264 5.3937 -1.8511, 10.3839 5.3937 -1.8511, 10.6594 5.3937 -1.8511, 13.002 5.3937 -1.8511, 13.0753 5.3937 -1.8511, 13.0778 5.3935 -1.8511, 13.0885 5.3927 -1.851, 13.1559 5.3327 -1.8513, 13.1581 5.315 -1.8511, 9.05 5.3608 -1.8511, 9.0569 5.3725 -1.8511, 9.0782 5.389 -1.8511, 9.0665 5.3821 -1.8511, 13.0899 5.3923 -1.851, 13.1081 5.3871 -1.8509, 13.1085 5.3869 -1.8509, 13.1245 5.3779 -1.8511, 13.1354 5.3679 -1.8512, 10.8169 5.3937 -1.8511, 11.0925 5.3937 -1.8511, 11.25 5.3937 -1.8511, 11.5256 5.3937 -1.8511, 11.6831 5.3937 -1.8511, 11.9587 5.3937 -1.8511, 12.1161 5.3937 -1.8511, 12.3917 5.3937 -1.8511, 12.5492 5.3937 -1.8511, 12.872 5.3937 -1.8511, 12.872 5.3937 -1.8511
            ]
        }
        coordIndex [
            0,1,2,-1,2,1,3,-1,2,3,4,-1,5,6,7,-1,7,6,8,-1,9,10,11,-1,12,13,14,-1,14,9,12,-1,12,9,11,-1,12,11,5,-1,5,11,15,-1,5,15,6,-1,16,17,18,-1,18,17,19,-1,19,8,20,-1,19,21,8,-1,8,21,22,-1,8,22,7,-1,7,22,23,-1,7,23,24,-1,20,25,19,-1,19,25,26,-1,19,26,27,-1,28,29,16,-1,16,29,30,-1,16,30,31,-1,27,32,19,-1,19,32,33,-1,19,33,34,-1,35,36,16,-1,16,36,37,-1,16,37,38,-1,31,39,16,-1,16,39,40,-1,16,40,17,-1,23,41,24,-1,24,41,42,-1,24,42,43,-1,43,42,44,-1,38,45,16,-1,16,45,46,-1,16,46,47,-1,47,48,16,-1,16,48,49,-1,16,49,28,-1,34,50,19,-1,19,50,51,-1,19,51,18,-1,18,51,52,-1,18,52,53,-1,53,54,18,-1,18,54,55,-1,18,55,56,-1,56,57,18,-1,18,57,58,-1,18,58,59,-1,
        ]
    }
}
Shape{
    appearance Appearance {
        material  Material 	{
            diffuseColor 0.7529411764705882 0.7529411764705882 0.7529411764705882
            specularColor 0.3764705882352941 0.3764705882352941 0.3764705882352941
            ambientIntensity 0.2
            transparency 0
            shininess 0.5
        }
    }
    geometry IndexedFaceSet {
        ccw TRUE
        solid FALSE
        coord DEF co Coordinate {
            point [
                9.3822 4.1971 -1.8693, 9.4957 4.1971 -1.8693, 9.376 4.9278 -2.0164, 9.502 4.9278 -2.0164, 9.376 5.0521 -2.0414, 9.502 5.0521 -2.0414, 9.3824 4.1839 -1.8654, 9.3826 4.1605 -1.8511, 9.3868 4.1605 -1.8511, 9.3825 4.1716 -1.8593, 9.4911 4.1605 -1.8511, 9.4956 4.1839 -1.8654, 9.4955 4.1716 -1.8593, 9.4954 4.1605 -1.8511, 9.4949 4.1024 -1.8747, 9.4947 4.0846 -1.8511, 9.4911 4.0846 -1.8511, 9.3831 4.1024 -1.8747, 9.3868 4.0846 -1.8511, 9.3832 4.0846 -1.8511, 12.1161 5.1181 -1.9496, 12.1161 5.1181 -2.044, 12.1555 5.1181 -1.9496, 12.1555 5.1181 -2.044, 12.3917 5.3937 -1.8511, 12.1161 5.3937 -1.8511, 12.3917 5.3937 -1.9496, 12.1161 5.3937 -1.9496, 12.1161 5.3937 -1.9496
            ]
        }
        coordIndex [
            0,1,2,-1,2,1,3,-1,2,3,4,-1,4,3,5,-1,1,0,6,-1,7,8,9,-1,9,8,10,-1,1,6,11,-1,11,6,9,-1,11,9,12,-1,12,9,10,-1,12,10,13,-1,14,15,16,-1,14,16,17,-1,17,16,18,-1,17,18,19,-1,20,21,22,-1,22,21,23,-1,24,25,26,-1,26,25,27,-1,
        ]
    }
}
Shape{
    appearance Appearance {
        material  Material 	{
            diffuseColor 0.25098039215686274 0.25098039215686274 0.25098039215686274
            specularColor 0.12549019607843137 0.12549019607843137 0.12549019607843137
            ambientIntensity 0.2
            transparency 0
            shininess 0.5
        }
    }
    geometry IndexedFaceSet {
        ccw TRUE
        solid FALSE
        coord DEF co Coordinate {
            point [
                12.3917 5.3937 -1.9496, 12.3917 5.1181 -1.9496, 12.3917 5.1181 -2.044, 12.3917 5.6693 -2.044, 12.3917 5.7087 -2.0047, 12.3917 5.3937 -1.8511, 12.3917 5.7087 -1.7291, 12.3917 5.3937 -1.7291, 12.3917 5.3937 -1.7291
            ]
        }
        coordIndex [
            0,1,2,-1,2,3,0,-1,0,3,4,-1,0,4,5,-1,5,4,6,-1,5,6,7,-1,
        ]
    }
}
Shape{
    appearance Appearance {
        material  Material 	{
            diffuseColor 0.7529411764705882 0.7529411764705882 0.7529411764705882
            specularColor 0.3764705882352941 0.3764705882352941 0.3764705882352941
            ambientIntensity 0.2
            transparency 0
            shininess 0.5
        }
    }
    geometry IndexedFaceSet {
        ccw TRUE
        solid FALSE
        coord DEF co Coordinate {
            point [
                12.3524 5.1181 -2.044, 12.3917 5.1181 -2.044, 12.3524 5.1181 -1.9496, 12.3917 5.1181 -1.9496, 12.5492 5.1181 -1.9496, 12.5492 5.1181 -2.044, 12.5886 5.1181 -1.9496, 12.5886 5.1181 -2.044, 12.872 5.3937 -1.8511, 12.5492 5.3937 -1.8511, 12.872 5.3937 -1.9496, 12.5492 5.3937 -1.9496, 12.872 4.8425 -1.8511, 12.872 4.8425 -1.9496, 12.872 4.8425 -2.1464, 12.872 2.185 -1.9496, 12.872 1.378 -2.1464, 12.872 1.5748 -1.9496, 12.872 1.378 -1.9496, 13.1083 0.6693 -1.9496, 13.1083 0.6693 -2.1464, 13.1083 0.1772 -2.1464, 13.1083 0.4134 -1.9496, 13.1083 0.1772 -1.9496, 13.3957 0.1772 -1.9496, 13.3957 0.1772 -2.1464, 13.3957 0.1772 -2.1464
            ]
        }
        coordIndex [
            0,1,2,-1,2,1,3,-1,4,5,6,-1,6,5,7,-1,8,9,10,-1,10,9,11,-1,12,8,13,-1,13,8,10,-1,14,13,15,-1,14,15,16,-1,16,15,17,-1,16,17,18,-1,19,20,18,-1,18,20,16,-1,20,19,21,-1,21,19,22,-1,21,22,23,-1,23,24,21,-1,21,24,25,-1,
        ]
    }
}
Shape{
    appearance Appearance {
        material  Material 	{
            diffuseColor 0.25098039215686274 0.25098039215686274 0.25098039215686274
            specularColor 0.12549019607843137 0.12549019607843137 0.12549019607843137
            ambientIntensity 0.2
            transparency 0
            shininess 0.5
        }
    }
    geometry IndexedFaceSet {
        ccw TRUE
        solid FALSE
        coord DEF co Coordinate {
            point [
                13.1681 0.0 -2.0283, 13.4744 -0.0 -2.0283, 13.1681 0.1575 -1.9496, 13.3957 0.1575 -1.9496, 13.0682 0.1796 -1.9496, 13.0016 0.0369 -2.0283, 13.0828 0.0093 -2.0283, 13.1169 0.1631 -1.9496, 12.9525 0.2336 -1.9496, 12.8859 0.0909 -2.0283, 12.0534 0.4331 -1.9496, 12.0534 0.2756 -2.0283, 12.2851 0.4204 -1.9496, 12.2679 0.2639 -2.0283, 12.3276 0.4134 -1.9496, 12.3385 0.2522 -2.0283, 12.5139 0.3826 -1.9496, 12.4798 0.2289 -2.0283, 12.7373 0.3201 -1.9496, 12.6866 0.171 -2.0283, 12.6177 0.1903 -2.0283, 11.4075 0.4331 -1.9496, 10.2264 0.4331 -1.9496, 8.9468 0.2756 -2.0283, 9.1831 0.4331 -1.9496, 9.0256 0.4331 -1.9496, 9.0256 0.4331 -1.5755, 9.0256 1.5748 -1.9496, 9.0256 3.1496 -1.5755, 9.0256 2.185 -1.9496, 9.0256 3.1496 -1.9496, 9.0256 3.1496 -1.9496
            ]
        }
        coordIndex [
            0,1,2,-1,2,1,3,-1,4,5,6,-1,4,6,7,-1,7,6,0,-1,7,0,2,-1,4,8,5,-1,5,8,9,-1,10,11,12,-1,12,11,13,-1,12,13,14,-1,14,13,15,-1,14,15,16,-1,16,15,17,-1,16,17,18,-1,9,8,19,-1,19,8,18,-1,19,18,20,-1,20,18,17,-1,10,21,11,-1,11,21,22,-1,11,22,23,-1,23,22,24,-1,23,24,25,-1,26,25,27,-1,26,27,28,-1,28,27,29,-1,28,29,30,-1,
        ]
    }
}
Shape{
    appearance Appearance {
        material  Material 	{
            diffuseColor 0.7529411764705882 0.7529411764705882 0.7529411764705882
            specularColor 0.3764705882352941 0.3764705882352941 0.3764705882352941
            ambientIntensity 0.2
            transparency 0
            shininess 0.5
        }
    }
    geometry IndexedFaceSet {
        ccw TRUE
        solid FALSE
        coord DEF co Coordinate {
            point [
                8.8839 3.1496 -2.107, 8.8839 3.1496 -1.674, 8.9626 3.1496 -1.674, 9.1319 3.1496 -1.9496, 9.1319 3.1496 -2.107, 9.0256 3.1496 -1.9496, 9.0256 3.1496 -1.5755, 8.9626 3.1496 -1.5755, 8.9626 3.1496 -1.5755
            ]
        }
        coordIndex [
            0,1,2,-1,3,4,5,-1,5,4,0,-1,5,0,6,-1,6,0,2,-1,6,2,7,-1,
        ]
    }
}
Shape{
    appearance Appearance {
        material  Material 	{
            diffuseColor 0.25098039215686274 0.25098039215686274 0.25098039215686274
            specularColor 0.12549019607843137 0.12549019607843137 0.12549019607843137
            ambientIntensity 0.2
            transparency 0
            shininess 0.5
        }
    }
    geometry IndexedFaceSet {
        ccw TRUE
        solid FALSE
        coord DEF co Coordinate {
            point [
                9.1319 5.1181 -2.044, 9.1319 5.1181 -2.107, 9.1319 3.1496 -2.107, 9.1319 5.7087 -2.0047, 9.1319 5.6693 -2.044, 9.1319 5.7087 -1.9496, 9.1319 3.1496 -1.9496, 9.1319 3.1496 -1.9496
            ]
        }
        coordIndex [
            0,1,2,-1,3,4,5,-1,5,4,0,-1,5,0,6,-1,6,0,2,-1,
        ]
    }
}
Shape{
    appearance Appearance {
        material  Material 	{
            diffuseColor 0.7529411764705882 0.7529411764705882 0.7529411764705882
            specularColor 0.3764705882352941 0.3764705882352941 0.3764705882352941
            ambientIntensity 0.2
            transparency 0
            shininess 0.5
        }
    }
    geometry IndexedFaceSet {
        ccw TRUE
        solid FALSE
        coord DEF co Coordinate {
            point [
                9.5177 5.1181 -1.9496, 9.5177 5.1181 -2.044, 9.5571 5.1181 -1.9496, 9.5571 5.1181 -2.044, 9.7933 5.3937 -1.8511, 9.5177 5.3937 -1.8511, 9.7933 5.3937 -1.9496, 9.5177 5.3937 -1.9496, 9.5177 5.3937 -1.9496
            ]
        }
        coordIndex [
            0,1,2,-1,2,1,3,-1,4,5,6,-1,6,5,7,-1,
        ]
    }
}
Shape{
    appearance Appearance {
        material  Material 	{
            diffuseColor 0.25098039215686274 0.25098039215686274 0.25098039215686274
            specularColor 0.12549019607843137 0.12549019607843137 0.12549019607843137
            ambientIntensity 0.2
            transparency 0
            shininess 0.5
        }
    }
    geometry IndexedFaceSet {
        ccw TRUE
        solid FALSE
        coord DEF co Coordinate {
            point [
                9.7933 5.3937 -1.9496, 9.7933 5.1181 -1.9496, 9.7933 5.1181 -2.044, 9.7933 5.6693 -2.044, 9.7933 5.7087 -2.0047, 9.7933 5.3937 -1.8511, 9.7933 5.7087 -1.7291, 9.7933 5.3937 -1.7291, 9.7933 5.3937 -1.7291
            ]
        }
        coordIndex [
            0,1,2,-1,2,3,0,-1,0,3,4,-1,0,4,5,-1,5,4,6,-1,5,6,7,-1,
        ]
    }
}
Shape{
    appearance Appearance {
        material  Material 	{
            diffuseColor 0.7529411764705882 0.7529411764705882 0.7529411764705882
            specularColor 0.3764705882352941 0.3764705882352941 0.3764705882352941
            ambientIntensity 0.2
            transparency 0
            shininess 0.5
        }
    }
    geometry IndexedFaceSet {
        ccw TRUE
        solid FALSE
        coord DEF co Coordinate {
            point [
                9.7539 5.1181 -2.044, 9.7933 5.1181 -2.044, 9.7539 5.1181 -1.9496, 9.7933 5.1181 -1.9496, 9.9508 5.1181 -1.9496, 9.9508 5.1181 -2.044, 9.9902 5.1181 -1.9496, 9.9902 5.1181 -2.044, 10.2264 5.3937 -1.8511, 9.9508 5.3937 -1.8511, 10.2264 5.3937 -1.9496, 9.9508 5.3937 -1.9496, 9.9508 5.3937 -1.9496
            ]
        }
        coordIndex [
            0,1,2,-1,2,1,3,-1,4,5,6,-1,6,5,7,-1,8,9,10,-1,10,9,11,-1,
        ]
    }
}
Shape{
    appearance Appearance {
        material  Material 	{
            diffuseColor 0.25098039215686274 0.25098039215686274 0.25098039215686274
            specularColor 0.12549019607843137 0.12549019607843137 0.12549019607843137
            ambientIntensity 0.2
            transparency 0
            shininess 0.5
        }
    }
    geometry IndexedFaceSet {
        ccw TRUE
        solid FALSE
        coord DEF co Coordinate {
            point [
                10.2264 5.3937 -1.9496, 10.2264 5.1181 -1.9496, 10.2264 5.1181 -2.044, 10.2264 5.6693 -2.044, 10.2264 5.7087 -2.0047, 10.2264 5.3937 -1.8511, 10.2264 5.7087 -1.7291, 10.2264 5.3937 -1.7291, 10.2264 5.3937 -1.7291
            ]
        }
        coordIndex [
            0,1,2,-1,2,3,0,-1,0,3,4,-1,0,4,5,-1,5,4,6,-1,5,6,7,-1,
        ]
    }
}
Shape{
    appearance Appearance {
        material  Material 	{
            diffuseColor 0.7529411764705882 0.7529411764705882 0.7529411764705882
            specularColor 0.3764705882352941 0.3764705882352941 0.3764705882352941
            ambientIntensity 0.2
            transparency 0
            shininess 0.5
        }
    }
    geometry IndexedFaceSet {
        ccw TRUE
        solid FALSE
        coord DEF co Coordinate {
            point [
                10.187 5.1181 -2.044, 10.2264 5.1181 -2.044, 10.187 5.1181 -1.9496, 10.2264 5.1181 -1.9496, 10.3839 5.1181 -1.9496, 10.3839 5.1181 -2.044, 10.4232 5.1181 -1.9496, 10.4232 5.1181 -2.044, 10.6594 5.3937 -1.8511, 10.3839 5.3937 -1.8511, 10.6594 5.3937 -1.9496, 10.3839 5.3937 -1.9496, 10.3839 5.3937 -1.9496
            ]
        }
        coordIndex [
            0,1,2,-1,2,1,3,-1,4,5,6,-1,6,5,7,-1,8,9,10,-1,10,9,11,-1,
        ]
    }
}
Shape{
    appearance Appearance {
        material  Material 	{
            diffuseColor 0.25098039215686274 0.25098039215686274 0.25098039215686274
            specularColor 0.12549019607843137 0.12549019607843137 0.12549019607843137
            ambientIntensity 0.2
            transparency 0
            shininess 0.5
        }
    }
    geometry IndexedFaceSet {
        ccw TRUE
        solid FALSE
        coord DEF co Coordinate {
            point [
                10.6594 5.3937 -1.9496, 10.6594 5.1181 -1.9496, 10.6594 5.1181 -2.044, 10.6594 5.6693 -2.044, 10.6594 5.7087 -2.0047, 10.6594 5.3937 -1.8511, 10.6594 5.7087 -1.7291, 10.6594 5.3937 -1.7291, 10.6594 5.3937 -1.7291
            ]
        }
        coordIndex [
            0,1,2,-1,2,3,0,-1,0,3,4,-1,0,4,5,-1,5,4,6,-1,5,6,7,-1,
        ]
    }
}
Shape{
    appearance Appearance {
        material  Material 	{
            diffuseColor 0.7529411764705882 0.7529411764705882 0.7529411764705882
            specularColor 0.3764705882352941 0.3764705882352941 0.3764705882352941
            ambientIntensity 0.2
            transparency 0
            shininess 0.5
        }
    }
    geometry IndexedFaceSet {
        ccw TRUE
        solid FALSE
        coord DEF co Coordinate {
            point [
                10.6201 5.1181 -2.044, 10.6594 5.1181 -2.044, 10.6201 5.1181 -1.9496, 10.6594 5.1181 -1.9496, 10.8169 5.1181 -1.9496, 10.8169 5.1181 -2.044, 10.8563 5.1181 -1.9496, 10.8563 5.1181 -2.044, 11.0925 5.3937 -1.8511, 10.8169 5.3937 -1.8511, 11.0925 5.3937 -1.9496, 10.8169 5.3937 -1.9496, 10.8169 5.3937 -1.9496
            ]
        }
        coordIndex [
            0,1,2,-1,2,1,3,-1,4,5,6,-1,6,5,7,-1,8,9,10,-1,10,9,11,-1,
        ]
    }
}
Shape{
    appearance Appearance {
        material  Material 	{
            diffuseColor 0.25098039215686274 0.25098039215686274 0.25098039215686274
            specularColor 0.12549019607843137 0.12549019607843137 0.12549019607843137
            ambientIntensity 0.2
            transparency 0
            shininess 0.5
        }
    }
    geometry IndexedFaceSet {
        ccw TRUE
        solid FALSE
        coord DEF co Coordinate {
            point [
                11.0925 5.3937 -1.9496, 11.0925 5.1181 -1.9496, 11.0925 5.1181 -2.044, 11.0925 5.6693 -2.044, 11.0925 5.7087 -2.0047, 11.0925 5.3937 -1.8511, 11.0925 5.7087 -1.7291, 11.0925 5.3937 -1.7291, 11.0925 5.3937 -1.7291
            ]
        }
        coordIndex [
            0,1,2,-1,2,3,0,-1,0,3,4,-1,0,4,5,-1,5,4,6,-1,5,6,7,-1,
        ]
    }
}
Shape{
    appearance Appearance {
        material  Material 	{
            diffuseColor 0.7529411764705882 0.7529411764705882 0.7529411764705882
            specularColor 0.3764705882352941 0.3764705882352941 0.3764705882352941
            ambientIntensity 0.2
            transparency 0
            shininess 0.5
        }
    }
    geometry IndexedFaceSet {
        ccw TRUE
        solid FALSE
        coord DEF co Coordinate {
            point [
                11.0532 5.1181 -2.044, 11.0925 5.1181 -2.044, 11.0532 5.1181 -1.9496, 11.0925 5.1181 -1.9496, 11.25 5.1181 -1.9496, 11.25 5.1181 -2.044, 11.2894 5.1181 -1.9496, 11.2894 5.1181 -2.044, 11.25 5.3937 -1.8511, 11.25 5.3937 -1.9496, 11.5256 5.3937 -1.8511, 11.4075 5.3937 -1.9496, 11.5256 5.3937 -1.9496, 11.5256 5.3937 -1.9496
            ]
        }
        coordIndex [
            0,1,2,-1,2,1,3,-1,4,5,6,-1,6,5,7,-1,8,9,10,-1,10,9,11,-1,10,11,12,-1,
        ]
    }
}
Shape{
    appearance Appearance {
        material  Material 	{
            diffuseColor 0.25098039215686274 0.25098039215686274 0.25098039215686274
            specularColor 0.12549019607843137 0.12549019607843137 0.12549019607843137
            ambientIntensity 0.2
            transparency 0
            shininess 0.5
        }
    }
    geometry IndexedFaceSet {
        ccw TRUE
        solid FALSE
        coord DEF co Coordinate {
            point [
                11.5256 5.3937 -1.9496, 11.5256 5.1181 -1.9496, 11.5256 5.1181 -2.044, 11.5256 5.6693 -2.044, 11.5256 5.7087 -2.0047, 11.5256 5.3937 -1.8511, 11.5256 5.7087 -1.7291, 11.5256 5.3937 -1.7291, 11.5256 5.3937 -1.7291
            ]
        }
        coordIndex [
            0,1,2,-1,2,3,0,-1,0,3,4,-1,0,4,5,-1,5,4,6,-1,5,6,7,-1,
        ]
    }
}
Shape{
    appearance Appearance {
        material  Material 	{
            diffuseColor 0.7529411764705882 0.7529411764705882 0.7529411764705882
            specularColor 0.3764705882352941 0.3764705882352941 0.3764705882352941
            ambientIntensity 0.2
            transparency 0
            shininess 0.5
        }
    }
    geometry IndexedFaceSet {
        ccw TRUE
        solid FALSE
        coord DEF co Coordinate {
            point [
                11.4862 5.1181 -2.044, 11.5256 5.1181 -2.044, 11.4862 5.1181 -1.9496, 11.5256 5.1181 -1.9496, 11.6831 5.1181 -1.9496, 11.6831 5.1181 -2.044, 11.7224 5.1181 -1.9496, 11.7224 5.1181 -2.044, 11.9587 5.3937 -1.8511, 11.6831 5.3937 -1.8511, 11.9587 5.3937 -1.9496, 11.6831 5.3937 -1.9496, 11.9193 5.1181 -2.044, 11.9587 5.1181 -2.044, 11.9193 5.1181 -1.9496, 11.9587 5.1181 -1.9496, 11.7028 1.8898 -1.9496, 12.2933 1.8898 -1.9496, 11.7028 1.8898 -2.1464, 12.2933 1.8898 -2.1464, 12.2933 2.4803 -1.9496, 12.2933 2.4803 -2.1464, 12.2933 2.185 -1.9496, 11.7028 2.4803 -1.9496, 11.7028 2.4803 -2.1464, 11.7028 2.185 -1.9496, 11.7028 2.185 -1.9496
            ]
        }
        coordIndex [
            0,1,2,-1,2,1,3,-1,4,5,6,-1,6,5,7,-1,8,9,10,-1,10,9,11,-1,12,13,14,-1,14,13,15,-1,16,17,18,-1,18,17,19,-1,20,21,22,-1,22,21,19,-1,22,19,17,-1,20,23,21,-1,21,23,24,-1,24,23,18,-1,18,23,25,-1,18,25,16,-1,
        ]
    }
}
Shape{
    appearance Appearance {
        material  Material 	{
            diffuseColor 0.25098039215686274 0.25098039215686274 0.25098039215686274
            specularColor 0.12549019607843137 0.12549019607843137 0.12549019607843137
            ambientIntensity 0.2
            transparency 0
            shininess 0.5
        }
    }
    geometry IndexedFaceSet {
        ccw TRUE
        solid FALSE
        coord DEF co Coordinate {
            point [
                12.2933 0.6693 -1.9496, 12.2933 1.2598 -1.9496, 12.2933 0.6693 -2.1464, 12.2933 1.2598 -2.1464, 11.7028 1.2598 -1.9496, 11.7028 1.2598 -2.1464, 11.7028 0.6693 -1.9496, 11.7028 0.6693 -2.1464, 11.7028 0.6693 -2.1464
            ]
        }
        coordIndex [
            0,1,2,-1,2,1,3,-1,1,4,3,-1,3,4,5,-1,4,6,5,-1,5,6,7,-1,
        ]
    }
}
Shape{
    appearance Appearance {
        material  Material 	{
            diffuseColor 0.7529411764705882 0.7529411764705882 0.7529411764705882
            specularColor 0.3764705882352941 0.3764705882352941 0.3764705882352941
            ambientIntensity 0.2
            transparency 0
            shininess 0.5
        }
    }
    geometry IndexedFaceSet {
        ccw TRUE
        solid FALSE
        coord DEF co Coordinate {
            point [
                11.7028 0.6693 -1.9496, 12.2933 0.6693 -1.9496, 11.7028 0.6693 -2.1464, 12.2933 0.6693 -2.1464, 10.5217 1.8898 -1.9496, 11.1122 1.8898 -1.9496, 10.5217 1.8898 -2.1464, 11.1122 1.8898 -2.1464, 11.1122 2.4803 -1.9496, 11.1122 2.4803 -2.1464, 11.1122 2.185 -1.9496, 10.5217 2.4803 -1.9496, 10.5217 2.4803 -2.1464, 10.5217 2.185 -1.9496, 10.5217 2.185 -1.9496
            ]
        }
        coordIndex [
            0,1,2,-1,2,1,3,-1,4,5,6,-1,6,5,7,-1,8,9,10,-1,10,9,7,-1,10,7,5,-1,8,11,9,-1,9,11,12,-1,12,11,6,-1,6,11,13,-1,6,13,4,-1,
        ]
    }
}
Shape{
    appearance Appearance {
        material  Material 	{
            diffuseColor 0.25098039215686274 0.25098039215686274 0.25098039215686274
            specularColor 0.12549019607843137 0.12549019607843137 0.12549019607843137
            ambientIntensity 0.2
            transparency 0
            shininess 0.5
        }
    }
    geometry IndexedFaceSet {
        ccw TRUE
        solid FALSE
        coord DEF co Coordinate {
            point [
                11.1122 0.6693 -1.9496, 11.1122 1.2598 -1.9496, 11.1122 0.6693 -2.1464, 11.1122 1.2598 -2.1464, 10.5217 1.2598 -1.9496, 10.5217 1.2598 -2.1464, 10.5217 0.6693 -1.9496, 10.5217 0.6693 -2.1464, 10.5217 0.6693 -2.1464
            ]
        }
        coordIndex [
            0,1,2,-1,2,1,3,-1,1,4,3,-1,3,4,5,-1,4,6,5,-1,5,6,7,-1,
        ]
    }
}
Shape{
    appearance Appearance {
        material  Material 	{
            diffuseColor 0.7529411764705882 0.7529411764705882 0.7529411764705882
            specularColor 0.3764705882352941 0.3764705882352941 0.3764705882352941
            ambientIntensity 0.2
            transparency 0
            shininess 0.5
        }
    }
    geometry IndexedFaceSet {
        ccw TRUE
        solid FALSE
        coord DEF co Coordinate {
            point [
                10.5217 0.6693 -1.9496, 11.1122 0.6693 -1.9496, 10.5217 0.6693 -2.1464, 11.1122 0.6693 -2.1464, 11.1122 0.6693 -2.1464
            ]
        }
        coordIndex [
            0,1,2,-1,2,1,3,-1,
        ]
    }
}
Shape{
    appearance Appearance {
        material  Material 	{
            diffuseColor 0.25098039215686274 0.25098039215686274 0.25098039215686274
            specularColor 0.12549019607843137 0.12549019607843137 0.12549019607843137
            ambientIntensity 0.2
            transparency 0
            shininess 0.5
        }
    }
    geometry IndexedFaceSet {
        ccw TRUE
        solid FALSE
        coord DEF co Coordinate {
            point [
                9.9311 0.6693 -1.9496, 9.9311 1.2598 -1.9496, 9.9311 0.6693 -2.1464, 9.9311 1.2598 -2.1464, 9.3406 1.2598 -1.9496, 9.3406 1.2598 -2.1464, 9.3406 0.6693 -1.9496, 9.3406 0.6693 -2.1464, 9.3406 0.6693 -2.1464
            ]
        }
        coordIndex [
            0,1,2,-1,2,1,3,-1,1,4,3,-1,3,4,5,-1,4,6,5,-1,5,6,7,-1,
        ]
    }
}
Shape{
    appearance Appearance {
        material  Material 	{
            diffuseColor 0.7529411764705882 0.7529411764705882 0.7529411764705882
            specularColor 0.3764705882352941 0.3764705882352941 0.3764705882352941
            ambientIntensity 0.2
            transparency 0
            shininess 0.5
        }
    }
    geometry IndexedFaceSet {
        ccw TRUE
        solid FALSE
        coord DEF co Coordinate {
            point [
                9.3406 0.6693 -1.9496, 9.9311 0.6693 -1.9496, 9.3406 0.6693 -2.1464, 9.9311 0.6693 -2.1464, 9.3406 1.8898 -1.9496, 9.9311 1.8898 -1.9496, 9.3406 1.8898 -2.1464, 9.9311 1.8898 -2.1464, 9.9311 2.4803 -1.9496, 9.9311 2.4803 -2.1464, 9.9311 2.185 -1.9496, 9.3406 2.4803 -1.9496, 9.3406 2.4803 -2.1464, 9.3406 2.185 -1.9496, 9.3406 2.185 -1.9496
            ]
        }
        coordIndex [
            0,1,2,-1,2,1,3,-1,4,5,6,-1,6,5,7,-1,8,9,10,-1,10,9,7,-1,10,7,5,-1,8,11,9,-1,9,11,12,-1,12,11,6,-1,6,11,13,-1,6,13,4,-1,
        ]
    }
}
Shape{
    appearance Appearance {
        material  Material 	{
            diffuseColor 0.25098039215686274 0.25098039215686274 0.25098039215686274
            specularColor 0.12549019607843137 0.12549019607843137 0.12549019607843137
            ambientIntensity 0.2
            transparency 0
            shininess 0.5
        }
    }
    geometry IndexedFaceSet {
        ccw TRUE
        solid FALSE
        coord DEF co Coordinate {
            point [
                14.4193 2.7677 -1.9299, 14.4193 2.7677 -2.2251, 14.498 2.7677 -1.9299, 14.498 2.7677 -2.2251, 14.498 2.8071 -1.8905, 14.498 2.9016 -1.8905, 14.498 2.9409 -1.9299, 14.498 2.9409 -2.2251, 14.4193 2.9409 -2.2251, 14.4193 2.9409 -1.9299, 14.4193 0.9046 -2.0086, 14.4193 0.5512 -2.0086, 14.4193 0.0 -2.2251, 14.4193 0.9046 -1.8003, 14.4193 5.1181 -1.6543, 14.4193 0.0 -1.6543, 14.4193 0.5512 -1.8003, 14.4193 3.8189 -2.2251, 14.4193 2.4409 -2.2251, 14.4193 0.8661 -2.2251, 14.4193 2.8071 -1.8905, 14.4193 2.9016 -1.8905, 14.4203 4.4882 -1.803, 14.4203 4.8425 -1.803, 14.4193 5.1181 -2.2251, 14.4193 4.8425 -2.0103, 14.4193 4.685 -2.2251, 14.4193 4.4882 -2.0103, 14.065 5.7087 -2.2251, 14.065 5.7087 -1.6543, 14.065 5.2559 -2.2251, 14.065 5.1181 -1.6543, 14.065 5.1181 -2.2251, 10.2264 5.7087 -2.2251, 10.0886 5.7087 -2.2251, 10.2264 5.7087 -2.1464, 10.1122 5.7087 -2.1464, 10.9783 5.7087 -2.1464, 11.0925 5.7087 -2.1464, 11.0925 5.7087 -2.2251, 9.0846 5.7087 -2.2251, 9.0846 5.7087 -2.1464, 9.3602 5.7087 -2.2251, 9.1988 5.7087 -2.1464, 9.9508 5.7087 -2.2251, 9.9508 5.7087 -2.1464, 10.065 5.7087 -2.1464, 10.6594 5.7087 -2.2251, 10.5217 5.7087 -2.2251, 10.6594 5.7087 -2.1464, 10.5453 5.7087 -2.1464, 9.3602 5.7087 -2.1464, 9.2461 5.7087 -2.1464, 9.2461 5.7087 -2.0047, 9.1988 5.7087 -2.0047, 10.2264 5.7087 -1.7291, 10.2264 5.7087 -2.0047, 10.1122 5.7087 -2.0047, 10.065 5.7087 -2.0047, 10.3839 5.7087 -2.2251, 10.3839 5.7087 -2.1464, 10.498 5.7087 -2.1464, 10.6594 5.7087 -1.7291, 10.6594 5.7087 -2.0047, 10.5453 5.7087 -2.0047, 10.8169 5.7087 -2.2251, 10.8169 5.7087 -2.1464, 10.9311 5.7087 -2.1464, 11.0925 5.7087 -1.7291, 11.0925 5.7087 -2.0047, 10.9783 5.7087 -2.0047, 12.3917 5.7087 -2.2251, 12.2539 5.7087 -2.2251, 12.3917 5.7087 -2.1464, 12.2776 5.7087 -2.1464, 13.6119 5.7087 -2.2251, 13.2776 5.7087 -2.2251, 12.9724 5.7087 -2.2251, 12.1161 5.7087 -2.2251, 12.1161 5.7087 -2.1464, 12.2303 5.7087 -2.1464, 11.9587 5.7087 -2.2251, 11.8209 5.7087 -2.2251, 11.9587 5.7087 -2.1464, 11.8445 5.7087 -2.1464, 12.3917 5.7087 -1.7291, 12.3917 5.7087 -2.0047, 12.2776 5.7087 -2.0047, 12.2303 5.7087 -2.0047, 11.6831 5.7087 -2.2251, 11.6831 5.7087 -2.1464, 11.7972 5.7087 -2.1464, 11.9587 5.7087 -1.7291, 11.9587 5.7087 -2.0047, 11.8445 5.7087 -2.0047, 11.7972 5.7087 -2.0047, 11.25 5.7087 -2.2251, 11.25 5.7087 -2.1464, 11.3878 5.7087 -2.2251, 11.3642 5.7087 -2.1464, 11.5256 5.7087 -2.2251, 9.7933 5.7087 -2.2251, 9.6555 5.7087 -2.2251, 9.7933 5.7087 -2.1464, 9.6791 5.7087 -2.1464, 11.5256 5.7087 -1.7291, 11.5256 5.7087 -2.0047, 11.4114 5.7087 -2.0047, 9.1791 5.7087 -1.7291, 8.8839 5.7087 -1.7291, 8.75 5.7087 -1.6543, 12.6634 5.7087 -2.0047, 12.5492 5.7087 -2.0047, 12.5492 5.7087 -1.7291, 9.3602 5.7087 -1.7291, 9.3602 5.7087 -2.0047, 8.9272 5.7087 -2.1464, 8.9272 5.7087 -2.2251, 8.813 5.7087 -2.1464, 8.75 5.7087 -2.2251, 8.813 5.7087 -2.0047, 8.8839 5.7087 -2.0047, 11.5256 5.7087 -2.1464, 11.4114 5.7087 -2.1464, 11.3642 5.7087 -2.0047, 11.25 5.7087 -2.0047, 9.5177 5.7087 -2.2251, 9.5177 5.7087 -2.1464, 9.6319 5.7087 -2.1464, 9.1319 5.7087 -2.0047, 9.1319 5.7087 -1.9496, 9.1791 5.7087 -1.9496, 9.5177 5.7087 -1.7291, 12.5492 5.7087 -2.2251, 12.5492 5.7087 -2.1464, 12.6083 5.7087 -2.2251, 12.6634 5.7087 -2.1464, 12.1161 5.7087 -2.0047, 12.1161 5.7087 -1.7291, 9.7933 5.7087 -1.7291, 9.7933 5.7087 -2.0047, 9.6791 5.7087 -2.0047, 9.6319 5.7087 -2.0047, 9.5177 5.7087 -2.0047, 10.498 5.7087 -2.0047, 10.3839 5.7087 -2.0047, 10.9311 5.7087 -2.0047, 10.8169 5.7087 -2.0047, 10.8169 5.7087 -1.7291, 11.25 5.7087 -1.7291, 11.6831 5.7087 -1.7291, 11.6831 5.7087 -2.0047, 10.3839 5.7087 -1.7291, 9.9508 5.7087 -1.7291, 9.9508 5.7087 -2.0047, 12.5492 5.5906 -2.107, 12.5492 5.6693 -2.107, 12.5492 5.5906 -2.2251, 12.3917 5.5906 -2.107, 12.3917 5.5906 -2.2251, 12.3917 5.6693 -2.107, 12.1161 5.5906 -2.107, 12.1161 5.6693 -2.107, 12.1161 5.5906 -2.2251, 11.9587 5.5906 -2.107, 11.9587 5.5906 -2.2251, 11.9587 5.6693 -2.107, 11.6831 5.5906 -2.107, 11.6831 5.6693 -2.107, 11.6831 5.5906 -2.2251, 11.5256 5.5906 -2.107, 11.5256 5.5906 -2.2251, 11.5256 5.6693 -2.107, 11.25 5.5906 -2.107, 11.25 5.6693 -2.107, 11.25 5.5906 -2.2251, 11.0925 5.5906 -2.107, 11.0925 5.5906 -2.2251, 11.0925 5.6693 -2.107, 10.8169 5.5906 -2.107, 10.8169 5.6693 -2.107, 10.8169 5.5906 -2.2251, 10.6594 5.5906 -2.107, 10.6594 5.5906 -2.2251, 10.6594 5.6693 -2.107, 10.3839 5.5906 -2.107, 10.3839 5.6693 -2.107, 10.3839 5.5906 -2.2251, 10.2264 5.5906 -2.107, 10.2264 5.5906 -2.2251, 10.2264 5.6693 -2.107, 9.9508 5.5906 -2.107, 9.9508 5.6693 -2.107, 9.9508 5.5906 -2.2251, 9.7933 5.5906 -2.107, 9.7933 5.5906 -2.2251, 9.7933 5.6693 -2.107, 9.0846 5.5906 -2.107, 9.0846 5.6693 -2.107, 9.0846 5.5906 -2.2251, 8.9272 5.5906 -2.107, 8.9272 5.5906 -2.2251, 8.9272 5.6693 -2.107, 8.75 2.9409 -1.9299, 8.75 2.9409 -2.2251, 8.6713 2.9409 -1.9299, 8.6713 2.9409 -2.2251, 8.6713 2.9016 -1.8905, 8.6713 2.7677 -2.2251, 8.6713 2.8071 -1.8905, 8.6713 2.7677 -1.9299, 8.75 2.7677 -2.2251, 8.75 2.7677 -1.9299, 8.75 2.4409 -2.2251, 8.75 3.6614 -1.9496, 8.75 3.6614 -1.6543, 8.75 2.9016 -1.8905, 8.75 2.8071 -1.8905, 8.75 0.9046 -1.8003, 8.75 0.9046 -2.0086, 8.75 0.8661 -2.2251, 8.75 0.5512 -2.0086, 8.75 0.2756 -2.2251, 8.75 0.5512 -1.8003, 8.75 0.2756 -1.6543, 8.75 5.3937 -1.8003, 8.75 5.3937 -1.6543, 8.75 5.5512 -1.8003, 8.75 5.5512 -2.0086, 8.75 5.3937 -2.0086, 8.75 5.2559 -2.2251, 8.75 5.3937 -1.9496, 8.75 4.685 -2.2251, 8.75 3.8189 -2.2251, 12.0534 0.2756 -2.0283, 12.0534 0.2756 -2.2251, 12.2679 0.2639 -2.0283, 12.2539 0.261 -2.2251, 12.3385 0.2522 -2.0283, 12.3389 0.2548 -2.2251, 12.4798 0.2289 -2.0283, 12.6083 0.195 -2.2251, 12.6177 0.1903 -2.0283, 12.6184 0.1928 -2.2251, 12.6866 0.171 -2.0283, 12.8859 0.0909 -2.2251, 12.8859 0.0909 -2.0283, 13.0016 0.0369 -2.2251, 13.0016 0.0369 -2.0283, 12.9724 0.0505 -2.2251, 13.0828 0.0093 -2.2251, 13.0828 0.0093 -2.0283, 13.1681 0.0 -2.2251, 13.1681 0.0 -2.0283, 13.6707 5.5118 -2.2251, 13.6707 5.5118 -1.5755, 13.6707 5.2559 -2.2251, 13.6707 5.0394 -1.5755, 13.6707 5.0394 -2.2251, 13.9468 5.0394 -2.2251, 13.9468 5.0394 -1.5755, 13.9468 5.2559 -2.2251, 13.9468 5.5118 -1.5755, 13.9468 5.5118 -2.2251, 13.7494 4.9606 -1.5755, 13.8681 4.9606 -1.5755, 13.7494 4.9606 -2.2251, 13.8681 4.9606 -2.2251, 9.481 1.5458 -2.4023, 9.4837 1.534 -2.2251, 9.4788 1.5624 -2.4023, 9.4783 1.5748 -2.2251, 9.4848 1.5344 -2.4023, 9.4936 1.5071 -2.4023, 9.4994 1.4961 -2.2251, 9.5004 1.4967 -2.4023, 9.5157 1.473 -2.4023, 9.5245 1.4634 -2.2251, 9.5252 1.4643 -2.4023, 9.5458 1.4456 -2.4023, 9.5571 1.4384 -2.2251, 9.5576 1.4395 -2.4023, 9.5819 1.4268 -2.4023, 9.5951 1.4227 -2.2251, 9.5953 1.4238 -2.4023, 9.6217 1.418 -2.4023, 9.6358 1.4173 -2.2251, 9.6358 1.4185 -2.4023, 9.6555 1.4199 -2.2251, 9.6623 1.4196 -2.4023, 9.6766 1.4227 -2.2251, 9.6762 1.4238 -2.4023, 9.7012 1.4315 -2.4023, 9.7146 1.4384 -2.2251, 9.7139 1.4395 -2.4023, 9.7357 1.4531 -2.4023, 9.7472 1.4634 -2.2251, 9.7463 1.4643 -2.4023, 9.7636 1.4828 -2.4023, 9.7722 1.4961 -2.2251, 9.7711 1.4967 -2.4023, 9.7829 1.5186 -2.4023, 9.7879 1.534 -2.2251, 9.7867 1.5343 -2.4023, 9.7924 1.5581 -2.4023, 9.7933 1.5748 -2.2251, 9.7906 1.6038 -2.4023, 9.7879 1.6156 -2.2251, 9.7928 1.5872 -2.4023, 9.7933 1.5748 -2.4023, 9.7869 1.6152 -2.4023, 9.778 1.6425 -2.4023, 9.7722 1.6535 -2.2251, 9.7713 1.6529 -2.4023, 9.7559 1.6767 -2.4023, 9.7472 1.6862 -2.2251, 9.7464 1.6853 -2.4023, 9.7258 1.704 -2.4023, 9.7146 1.7112 -2.2251, 9.714 1.7102 -2.4023, 9.6897 1.7228 -2.4023, 9.6766 1.7269 -2.2251, 9.6763 1.7258 -2.4023, 9.6555 1.7297 -2.2251, 9.65 1.7316 -2.4023, 9.6358 1.7323 -2.2251, 9.6359 1.7311 -2.4023, 9.6093 1.73 -2.4023, 9.5951 1.7269 -2.2251, 9.5954 1.7258 -2.4023, 9.5704 1.7181 -2.4023, 9.5571 1.7112 -2.2251, 9.5577 1.7101 -2.4023, 9.5359 1.6965 -2.4023, 9.5245 1.6862 -2.2251, 9.5254 1.6853 -2.4023, 9.5081 1.6669 -2.4023, 9.4994 1.6535 -2.2251, 9.5005 1.6529 -2.4023, 9.4887 1.631 -2.4023, 9.4837 1.6156 -2.2251, 9.4849 1.6153 -2.4023, 9.4792 1.5915 -2.4023, 9.4783 1.5748 -2.4023, 12.6306 1.5458 -2.4023, 12.6333 1.534 -2.2251, 12.6284 1.5624 -2.4023, 12.628 1.5748 -2.2251, 12.6344 1.5344 -2.4023, 12.6432 1.5071 -2.4023, 12.6491 1.4961 -2.2251, 12.65 1.4967 -2.4023, 12.6653 1.473 -2.4023, 12.6741 1.4634 -2.2251, 12.6748 1.4643 -2.4023, 12.6954 1.4456 -2.4023, 12.7067 1.4384 -2.2251, 12.7072 1.4395 -2.4023, 12.7316 1.4268 -2.4023, 12.7447 1.4227 -2.2251, 12.7449 1.4238 -2.4023, 12.7713 1.418 -2.4023, 12.7854 1.4173 -2.2251, 12.7854 1.4185 -2.4023, 12.8119 1.4196 -2.4023, 12.8262 1.4227 -2.2251, 12.8258 1.4238 -2.4023, 12.8508 1.4315 -2.4023, 12.8642 1.4384 -2.2251, 12.8635 1.4395 -2.4023, 12.8854 1.4531 -2.4023, 12.8968 1.4634 -2.2251, 12.8959 1.4643 -2.4023, 12.9132 1.4828 -2.4023, 12.9218 1.4961 -2.2251, 12.9207 1.4967 -2.4023, 12.9325 1.5186 -2.4023, 12.9375 1.534 -2.2251, 12.9363 1.5343 -2.4023, 12.942 1.5581 -2.4023, 12.9429 1.5748 -2.2251, 12.9402 1.6038 -2.4023, 12.9375 1.6156 -2.2251, 12.9424 1.5872 -2.4023, 12.9429 1.5748 -2.4023, 12.9365 1.6152 -2.4023, 12.9276 1.6425 -2.4023, 12.9218 1.6535 -2.2251, 12.9209 1.6529 -2.4023, 12.9055 1.6767 -2.4023, 12.8968 1.6862 -2.2251, 12.896 1.6853 -2.4023, 12.8754 1.704 -2.4023, 12.8642 1.7112 -2.2251, 12.8636 1.7102 -2.4023, 12.8393 1.7228 -2.4023, 12.8262 1.7269 -2.2251, 12.8259 1.7258 -2.4023, 12.7996 1.7316 -2.4023, 12.7854 1.7323 -2.2251, 12.7855 1.7311 -2.4023, 12.7589 1.73 -2.4023, 12.7447 1.7269 -2.2251, 12.745 1.7258 -2.4023, 12.72 1.7181 -2.4023, 12.7067 1.7112 -2.2251, 12.7073 1.7101 -2.4023, 12.6855 1.6965 -2.4023, 12.6741 1.6862 -2.2251, 12.675 1.6853 -2.4023, 12.6577 1.6669 -2.4023, 12.6491 1.6535 -2.2251, 12.6502 1.6529 -2.4023, 12.6383 1.631 -2.4023, 12.6333 1.6156 -2.2251, 12.6345 1.6153 -2.4023, 12.6288 1.5915 -2.4023, 12.628 1.5748 -2.4023, 13.8681 0.315 -1.9102, 13.8681 0.6693 -1.9102, 13.8681 0.315 -2.2251, 13.8681 0.6693 -2.1464, 13.8681 3.2283 -2.1464, 13.8681 3.2283 -2.2251, 13.8681 3.1102 -2.1464, 13.8681 2.4409 -2.2251, 13.8681 0.8661 -2.2251, 13.5532 0.315 -2.2251, 13.5532 0.315 -1.9102, 13.6119 0.315 -2.2251, 13.5532 0.6693 -1.9102, 13.5532 0.6693 -2.1464, 13.5532 0.8661 -2.2251, 13.5532 2.4409 -2.2251, 13.5532 3.1102 -2.1464, 13.5532 3.2283 -2.2251, 13.5532 3.2283 -2.1464, 13.6119 3.2283 -2.2251, 13.5532 5.3937 -1.5755, 13.5532 5.3937 -2.2251, 13.5532 5.2559 -2.2251, 13.5532 4.4094 -2.2251, 13.5532 4.4094 -2.1464, 13.5532 4.685 -2.2251, 13.5532 4.8425 -2.1464, 13.5532 4.8425 -1.5755, 13.002 4.4094 -2.2251, 13.002 4.4094 -2.1464, 13.2776 4.4094 -2.2251, 13.002 5.2559 -2.2251, 13.002 5.3937 -2.2251, 13.002 5.3937 -1.8511, 13.002 4.8425 -2.1464, 13.002 4.8425 -1.8511, 13.002 4.685 -2.2251, 12.4902 3.1496 -1.9496, 12.4902 3.1496 -2.2251, 12.4508 3.1496 -1.9496, 12.4508 3.1496 -2.2251, 12.4253 3.153 -1.9496, 12.4253 3.153 -2.2251, 12.4016 3.1628 -1.9496, 12.4016 3.1628 -2.2251, 12.3812 3.1784 -1.9496, 12.3812 3.1784 -2.2251, 12.3655 3.1988 -1.9496, 12.3655 3.1988 -2.2251, 12.3557 3.2226 -1.9496, 12.3557 3.2226 -2.2251, 12.3524 3.248 -1.9496, 12.3524 3.248 -2.2251, 12.3524 4.685 -2.2251, 12.3524 5.1181 -2.2251, 12.3524 5.1181 -2.107, 12.3524 5.1181 -2.044, 12.3524 5.1181 -1.9496, 12.3524 3.8189 -2.2251, 12.4075 5.1181 -2.107, 12.5335 5.1181 -2.107, 12.5886 5.1181 -2.2251, 12.5886 5.1181 -2.107, 12.5886 3.8189 -2.2251, 12.5886 3.248 -2.2251, 12.5886 3.248 -1.9496, 12.5886 5.1181 -1.9496, 12.5886 5.1181 -2.044, 12.5886 4.685 -2.2251, 12.5861 3.2261 -1.9496, 12.5861 3.2261 -2.2251, 12.5788 3.2053 -1.9496, 12.5788 3.2053 -2.2251, 12.5671 3.1867 -1.9496, 12.5671 3.1867 -2.2251, 12.5515 3.1711 -1.9496, 12.5515 3.1711 -2.2251, 12.5329 3.1594 -1.9496, 12.5329 3.1594 -2.2251, 12.5121 3.1521 -1.9496, 12.5121 3.1521 -2.2251, 12.1555 3.8189 -2.2251, 12.1555 3.248 -2.2251, 12.1555 3.248 -1.9496, 12.1555 5.1181 -1.9496, 12.1555 5.1181 -2.044, 12.1555 5.1181 -2.107, 12.1555 4.685 -2.2251, 12.1555 5.1181 -2.2251, 12.1522 3.2226 -1.9496, 12.1522 3.2226 -2.2251, 12.1423 3.1988 -1.9496, 12.1423 3.1988 -2.2251, 12.1267 3.1784 -1.9496, 12.1267 3.1784 -2.2251, 12.1063 3.1628 -1.9496, 12.1063 3.1628 -2.2251, 12.0826 3.153 -1.9496, 12.0826 3.153 -2.2251, 12.0571 3.1496 -1.9496, 12.0571 3.1496 -2.2251, 12.0177 3.1496 -1.9496, 12.0177 3.1496 -2.2251, 11.9922 3.153 -1.9496, 11.9922 3.153 -2.2251, 11.9685 3.1628 -1.9496, 11.9685 3.1628 -2.2251, 11.9481 3.1784 -1.9496, 11.9481 3.1784 -2.2251, 11.9325 3.1988 -1.9496, 11.9325 3.1988 -2.2251, 11.9226 3.2226 -1.9496, 11.9226 3.2226 -2.2251, 11.9193 3.248 -1.9496, 11.9193 3.248 -2.2251, 11.9193 4.685 -2.2251, 11.9193 5.1181 -2.2251, 11.9193 5.1181 -2.107, 11.9193 5.1181 -2.044, 11.9193 5.1181 -1.9496, 11.9193 3.8189 -2.2251, 11.9744 5.1181 -2.107, 12.1004 5.1181 -2.107, 11.7224 3.8189 -2.2251, 11.7224 3.248 -2.2251, 11.7224 3.248 -1.9496, 11.7224 5.1181 -1.9496, 11.7224 5.1181 -2.044, 11.7224 5.1181 -2.107, 11.7224 4.685 -2.2251, 11.7224 5.1181 -2.2251, 11.7191 3.2226 -1.9496, 11.7191 3.2226 -2.2251, 11.7093 3.1988 -1.9496, 11.7093 3.1988 -2.2251, 11.6936 3.1784 -1.9496, 11.6936 3.1784 -2.2251, 11.6732 3.1628 -1.9496, 11.6732 3.1628 -2.2251, 11.6495 3.153 -1.9496, 11.6495 3.153 -2.2251, 11.624 3.1496 -1.9496, 11.624 3.1496 -2.2251, 11.5846 3.1496 -1.9496, 11.5846 3.1496 -2.2251, 11.5592 3.153 -1.9496, 11.5592 3.153 -2.2251, 11.5354 3.1628 -1.9496, 11.5354 3.1628 -2.2251, 11.515 3.1784 -1.9496, 11.515 3.1784 -2.2251, 11.4994 3.1988 -1.9496, 11.4994 3.1988 -2.2251, 11.4896 3.2226 -1.9496, 11.4896 3.2226 -2.2251, 11.4862 3.248 -1.9496, 11.4862 3.248 -2.2251, 11.4862 4.685 -2.2251, 11.4862 5.1181 -2.2251, 11.4862 5.1181 -2.107, 11.4862 5.1181 -2.044, 11.4862 5.1181 -1.9496, 11.4862 3.8189 -2.2251, 11.5413 5.1181 -2.107, 11.6673 5.1181 -2.107, 11.2894 3.8189 -2.2251, 11.2894 3.248 -2.2251, 11.2894 3.248 -1.9496, 11.2894 5.1181 -1.9496, 11.2894 5.1181 -2.044, 11.2894 5.1181 -2.107, 11.2894 4.685 -2.2251, 11.2894 5.1181 -2.2251, 11.286 3.2226 -1.9496, 11.286 3.2226 -2.2251, 11.2762 3.1988 -1.9496, 11.2762 3.1988 -2.2251, 11.2605 3.1784 -1.9496, 11.2605 3.1784 -2.2251, 11.2402 3.1628 -1.9496, 11.2402 3.1628 -2.2251, 11.2164 3.153 -1.9496, 11.2164 3.153 -2.2251, 11.1909 3.1496 -1.9496, 11.1909 3.1496 -2.2251, 11.1516 3.1496 -1.9496, 11.1516 3.1496 -2.2251, 11.1261 3.153 -1.9496, 11.1261 3.153 -2.2251, 11.1024 3.1628 -1.9496, 11.1024 3.1628 -2.2251, 11.082 3.1784 -1.9496, 11.082 3.1784 -2.2251, 11.0663 3.1988 -1.9496, 11.0663 3.1988 -2.2251, 11.0565 3.2226 -1.9496, 11.0565 3.2226 -2.2251, 11.0532 3.248 -1.9496, 11.0532 3.248 -2.2251, 11.0532 4.685 -2.2251, 11.0532 5.1181 -2.2251, 11.0532 5.1181 -2.107, 11.0532 5.1181 -2.044, 11.0532 5.1181 -1.9496, 11.0532 3.8189 -2.2251, 11.1083 5.1181 -2.107, 11.2343 5.1181 -2.107, 10.8563 3.8189 -2.2251, 10.8563 3.248 -2.2251, 10.8563 3.248 -1.9496, 10.8563 5.1181 -1.9496, 10.8563 5.1181 -2.044, 10.8563 5.1181 -2.107, 10.8563 4.685 -2.2251, 10.8563 5.1181 -2.2251, 10.8529 3.2226 -1.9496, 10.8529 3.2226 -2.2251, 10.8431 3.1988 -1.9496, 10.8431 3.1988 -2.2251, 10.8275 3.1784 -1.9496, 10.8275 3.1784 -2.2251, 10.8071 3.1628 -1.9496, 10.8071 3.1628 -2.2251, 10.7833 3.153 -1.9496, 10.7833 3.153 -2.2251, 10.7579 3.1496 -1.9496, 10.7579 3.1496 -2.2251, 10.7185 3.1496 -1.9496, 10.7185 3.1496 -2.2251, 10.693 3.153 -1.9496, 10.693 3.153 -2.2251, 10.6693 3.1628 -1.9496, 10.6693 3.1628 -2.2251, 10.6489 3.1784 -1.9496, 10.6489 3.1784 -2.2251, 10.6333 3.1988 -1.9496, 10.6333 3.1988 -2.2251, 10.6234 3.2226 -1.9496, 10.6234 3.2226 -2.2251, 10.6201 3.248 -1.9496, 10.6201 3.248 -2.2251, 10.6201 4.685 -2.2251, 10.6201 5.1181 -2.2251, 10.6201 5.1181 -2.107, 10.6201 5.1181 -2.044, 10.6201 5.1181 -1.9496, 10.6201 3.8189 -2.2251, 10.6752 5.1181 -2.107, 10.8012 5.1181 -2.107, 10.4232 3.8189 -2.2251, 10.4232 3.248 -2.2251, 10.4232 3.248 -1.9496, 10.4232 5.1181 -1.9496, 10.4232 5.1181 -2.044, 10.4232 5.1181 -2.107, 10.4232 4.685 -2.2251, 10.4232 5.1181 -2.2251, 10.4199 3.2226 -1.9496, 10.4199 3.2226 -2.2251, 10.41 3.1988 -1.9496, 10.41 3.1988 -2.2251, 10.3944 3.1784 -1.9496, 10.3944 3.1784 -2.2251, 10.374 3.1628 -1.9496, 10.374 3.1628 -2.2251, 10.3503 3.153 -1.9496, 10.3503 3.153 -2.2251, 10.3248 3.1496 -1.9496, 10.3248 3.1496 -2.2251, 10.2854 3.1496 -1.9496, 10.2854 3.1496 -2.2251, 10.26 3.153 -1.9496, 10.26 3.153 -2.2251, 10.2362 3.1628 -1.9496, 10.2362 3.1628 -2.2251, 10.2264 3.1703 -1.9496, 10.2158 3.1784 -2.2251, 10.187 3.248 -2.2251, 10.187 3.248 -1.9496, 10.1904 3.2226 -2.2251, 10.1904 3.2226 -1.9496, 10.2002 3.1988 -2.2251, 10.2002 3.1988 -1.9496, 10.2158 3.1784 -1.9496, 10.187 4.685 -2.2251, 10.187 5.1181 -2.2251, 10.187 5.1181 -2.107, 10.187 5.1181 -2.044, 10.187 5.1181 -1.9496, 10.187 3.8189 -2.2251, 10.2421 5.1181 -2.107, 10.3681 5.1181 -2.107, 9.9902 3.8189 -2.2251, 9.9902 3.248 -2.2251, 9.9902 3.248 -1.9496, 9.9902 5.1181 -1.9496, 9.9902 5.1181 -2.044, 9.9902 5.1181 -2.107, 9.9902 4.685 -2.2251, 9.9902 5.1181 -2.2251, 9.9868 3.2226 -1.9496, 9.9868 3.2226 -2.2251, 9.977 3.1988 -1.9496, 9.977 3.1988 -2.2251, 9.9613 3.1784 -1.9496, 9.9613 3.1784 -2.2251, 9.9409 3.1628 -1.9496, 9.9409 3.1628 -2.2251, 9.9172 3.153 -1.9496, 9.9172 3.153 -2.2251, 9.8917 3.1496 -1.9496, 9.8917 3.1496 -2.2251, 9.8524 3.1496 -1.9496, 9.8524 3.1496 -2.2251, 9.8269 3.153 -1.9496, 9.8269 3.153 -2.2251, 9.8031 3.1628 -1.9496, 9.8031 3.1628 -2.2251, 9.7828 3.1784 -1.9496, 9.7828 3.1784 -2.2251, 9.7671 3.1988 -1.9496, 9.7671 3.1988 -2.2251, 9.7573 3.2226 -1.9496, 9.7573 3.2226 -2.2251, 9.7539 3.248 -1.9496, 9.7539 3.248 -2.2251, 9.7539 4.685 -2.2251, 9.7539 5.1181 -2.2251, 9.7539 5.1181 -2.107, 9.7539 5.1181 -2.044, 9.7539 5.1181 -1.9496, 9.7539 3.8189 -2.2251, 9.8091 5.1181 -2.107, 9.935 5.1181 -2.107, 9.5571 3.8189 -2.2251, 9.5571 3.248 -2.2251, 9.5571 3.248 -1.9496, 9.5571 5.1181 -1.9496, 9.5571 5.1181 -2.044, 9.5571 5.1181 -2.107, 9.5571 4.685 -2.2251, 9.5571 5.1181 -2.2251, 9.5537 3.2226 -1.9496, 9.5537 3.2226 -2.2251, 9.5439 3.1988 -1.9496, 9.5439 3.1988 -2.2251, 9.5283 3.1784 -1.9496, 9.5283 3.1784 -2.2251, 9.5079 3.1628 -1.9496, 9.5079 3.1628 -2.2251, 9.4841 3.153 -1.9496, 9.4841 3.153 -2.2251, 9.4587 3.1496 -1.9496, 9.4587 3.1496 -2.2251, 9.4193 3.1496 -1.9496, 9.4193 3.1496 -2.2251, 9.5177 5.1181 -2.044, 9.5177 5.1181 -1.9496, 9.5177 5.6693 -2.044, 9.5177 5.3937 -1.9496, 9.5177 5.3937 -1.8511, 9.5177 5.3937 -1.7291, 9.1791 5.3937 -1.7291, 9.1791 5.3937 -1.8511, 9.1791 5.3937 -1.9496, 9.1791 5.3937 -1.9496
            ]
        }
        coordIndex [
            0,1,2,-1,2,1,3,-1,4,2,5,-1,5,2,3,-1,5,3,6,-1,6,3,7,-1,8,9,7,-1,7,9,6,-1,10,11,12,-1,13,14,15,-1,12,11,15,-1,15,11,16,-1,15,16,13,-1,9,8,17,-1,0,13,10,-1,1,0,18,-1,18,0,10,-1,18,10,19,-1,19,10,12,-1,20,21,22,-1,0,20,13,-1,13,20,22,-1,13,22,14,-1,14,22,23,-1,14,23,24,-1,24,23,25,-1,24,25,26,-1,26,25,27,-1,26,27,17,-1,17,27,22,-1,17,22,9,-1,9,22,21,-1,28,29,30,-1,30,29,31,-1,30,31,32,-1,33,34,35,-1,35,34,36,-1,37,38,39,-1,40,41,42,-1,42,41,43,-1,44,45,46,-1,47,48,49,-1,49,48,50,-1,51,42,52,-1,52,42,43,-1,52,43,53,-1,53,43,54,-1,55,56,57,-1,34,44,36,-1,36,44,46,-1,36,46,57,-1,57,46,58,-1,57,58,55,-1,59,60,61,-1,62,63,64,-1,65,66,67,-1,68,69,70,-1,71,72,73,-1,73,72,74,-1,28,75,29,-1,29,75,76,-1,29,76,77,-1,78,79,80,-1,81,82,83,-1,83,82,84,-1,85,86,87,-1,72,78,74,-1,74,78,80,-1,74,80,87,-1,87,80,88,-1,87,88,85,-1,89,90,91,-1,92,93,94,-1,82,89,84,-1,84,89,91,-1,84,91,94,-1,94,91,95,-1,94,95,92,-1,96,97,98,-1,98,97,99,-1,98,99,100,-1,101,102,103,-1,103,102,104,-1,105,106,107,-1,108,109,110,-1,111,112,113,-1,114,115,53,-1,116,117,118,-1,118,117,119,-1,118,119,120,-1,120,119,110,-1,120,110,121,-1,121,110,109,-1,122,100,123,-1,123,100,99,-1,123,99,107,-1,107,99,124,-1,107,124,105,-1,105,124,125,-1,126,127,128,-1,129,130,54,-1,54,130,131,-1,54,131,53,-1,53,131,108,-1,53,108,114,-1,114,108,110,-1,114,110,132,-1,133,134,135,-1,135,134,136,-1,135,136,77,-1,77,136,111,-1,77,111,29,-1,29,111,113,-1,29,113,85,-1,88,137,85,-1,85,137,138,-1,85,138,29,-1,29,138,92,-1,139,140,141,-1,102,126,104,-1,104,126,128,-1,104,128,141,-1,141,128,142,-1,141,142,139,-1,139,142,143,-1,48,59,50,-1,50,59,61,-1,50,61,64,-1,64,61,144,-1,64,144,62,-1,62,144,145,-1,39,65,37,-1,37,65,67,-1,37,67,70,-1,70,67,146,-1,70,146,68,-1,68,146,147,-1,68,147,148,-1,125,149,105,-1,105,149,29,-1,105,29,150,-1,150,29,92,-1,150,92,151,-1,151,92,95,-1,152,55,110,-1,145,152,62,-1,62,152,110,-1,62,110,148,-1,148,110,29,-1,148,29,68,-1,68,29,149,-1,143,132,139,-1,139,132,110,-1,139,110,153,-1,153,110,55,-1,153,55,154,-1,154,55,58,-1,155,156,157,-1,157,156,134,-1,157,134,133,-1,158,155,159,-1,159,155,157,-1,71,73,159,-1,159,73,160,-1,159,160,158,-1,161,162,163,-1,163,162,79,-1,163,79,78,-1,164,161,165,-1,165,161,163,-1,166,164,83,-1,83,164,165,-1,83,165,81,-1,167,168,169,-1,169,168,90,-1,169,90,89,-1,170,167,171,-1,171,167,169,-1,100,122,171,-1,171,122,172,-1,171,172,170,-1,173,174,175,-1,175,174,97,-1,175,97,96,-1,176,173,177,-1,177,173,175,-1,39,38,177,-1,177,38,178,-1,177,178,176,-1,179,180,181,-1,181,180,66,-1,181,66,65,-1,182,179,183,-1,183,179,181,-1,47,49,183,-1,183,49,184,-1,183,184,182,-1,185,186,187,-1,187,186,60,-1,187,60,59,-1,188,185,189,-1,189,185,187,-1,33,35,189,-1,189,35,190,-1,189,190,188,-1,191,192,193,-1,193,192,45,-1,193,45,44,-1,194,191,195,-1,195,191,193,-1,101,103,195,-1,195,103,196,-1,195,196,194,-1,197,198,199,-1,199,198,41,-1,199,41,40,-1,200,197,201,-1,201,197,199,-1,117,116,201,-1,201,116,202,-1,201,202,200,-1,203,204,205,-1,205,204,206,-1,205,206,207,-1,207,206,208,-1,207,208,209,-1,209,208,210,-1,211,212,208,-1,208,212,210,-1,212,211,213,-1,214,204,215,-1,215,204,203,-1,215,203,216,-1,217,212,218,-1,218,212,213,-1,218,213,219,-1,219,213,220,-1,219,220,221,-1,221,220,222,-1,221,222,223,-1,223,222,224,-1,223,224,218,-1,218,224,215,-1,218,215,217,-1,217,215,216,-1,225,226,227,-1,227,226,110,-1,227,110,228,-1,228,110,119,-1,228,119,229,-1,229,119,230,-1,229,230,231,-1,231,230,232,-1,231,232,214,-1,214,232,233,-1,214,233,204,-1,234,235,236,-1,236,235,237,-1,236,237,238,-1,238,237,239,-1,238,239,240,-1,240,239,241,-1,240,241,242,-1,242,241,243,-1,242,243,244,-1,244,243,245,-1,244,245,246,-1,247,248,249,-1,249,248,246,-1,249,246,245,-1,248,247,250,-1,248,250,251,-1,251,250,252,-1,251,252,253,-1,254,255,256,-1,256,255,257,-1,256,257,258,-1,259,260,261,-1,261,260,262,-1,261,262,263,-1,264,265,266,-1,266,265,267,-1,268,269,270,-1,270,269,271,-1,268,272,269,-1,269,272,273,-1,269,273,274,-1,273,275,274,-1,274,275,276,-1,274,276,277,-1,276,278,277,-1,277,278,279,-1,277,279,280,-1,279,281,280,-1,280,281,282,-1,280,282,283,-1,282,284,283,-1,283,284,285,-1,283,285,286,-1,286,285,287,-1,286,287,288,-1,288,287,289,-1,288,289,290,-1,289,291,290,-1,290,291,292,-1,290,292,293,-1,292,294,293,-1,293,294,295,-1,293,295,296,-1,295,297,296,-1,296,297,298,-1,296,298,299,-1,298,300,299,-1,299,300,301,-1,299,301,302,-1,301,303,302,-1,302,303,304,-1,302,304,305,-1,306,307,308,-1,308,307,305,-1,308,305,309,-1,309,305,304,-1,306,310,307,-1,307,310,311,-1,307,311,312,-1,311,313,312,-1,312,313,314,-1,312,314,315,-1,314,316,315,-1,315,316,317,-1,315,317,318,-1,317,319,318,-1,318,319,320,-1,318,320,321,-1,321,320,322,-1,321,322,323,-1,323,322,324,-1,323,324,325,-1,324,326,325,-1,325,326,327,-1,325,327,328,-1,327,329,328,-1,328,329,330,-1,328,330,331,-1,330,332,331,-1,331,332,333,-1,331,333,334,-1,333,335,334,-1,334,335,336,-1,334,336,337,-1,336,338,337,-1,337,338,339,-1,337,339,340,-1,339,341,340,-1,340,341,342,-1,340,342,271,-1,271,342,343,-1,271,343,270,-1,344,345,346,-1,346,345,347,-1,344,348,345,-1,345,348,349,-1,345,349,350,-1,349,351,350,-1,350,351,352,-1,350,352,353,-1,352,354,353,-1,353,354,355,-1,353,355,356,-1,355,357,356,-1,356,357,358,-1,356,358,359,-1,358,360,359,-1,359,360,361,-1,359,361,362,-1,361,363,362,-1,362,363,364,-1,362,364,365,-1,364,366,365,-1,365,366,367,-1,365,367,368,-1,367,369,368,-1,368,369,370,-1,368,370,371,-1,370,372,371,-1,371,372,373,-1,371,373,374,-1,373,375,374,-1,374,375,376,-1,374,376,377,-1,376,378,377,-1,377,378,379,-1,377,379,380,-1,381,382,383,-1,383,382,380,-1,383,380,384,-1,384,380,379,-1,381,385,382,-1,382,385,386,-1,382,386,387,-1,386,388,387,-1,387,388,389,-1,387,389,390,-1,389,391,390,-1,390,391,392,-1,390,392,393,-1,392,394,393,-1,393,394,395,-1,393,395,396,-1,395,397,396,-1,396,397,398,-1,396,398,399,-1,398,400,399,-1,399,400,401,-1,399,401,402,-1,401,403,402,-1,402,403,404,-1,402,404,405,-1,404,406,405,-1,405,406,407,-1,405,407,408,-1,407,409,408,-1,408,409,410,-1,408,410,411,-1,410,412,411,-1,411,412,413,-1,411,413,414,-1,413,415,414,-1,414,415,416,-1,414,416,347,-1,347,416,417,-1,347,417,346,-1,418,419,420,-1,420,419,421,-1,422,423,424,-1,424,423,425,-1,424,425,421,-1,421,425,426,-1,421,426,420,-1,427,428,429,-1,429,428,418,-1,429,418,420,-1,430,428,431,-1,431,428,427,-1,427,432,431,-1,431,432,433,-1,431,433,434,-1,434,433,435,-1,434,435,436,-1,423,422,437,-1,437,422,436,-1,437,436,435,-1,438,439,440,-1,441,442,443,-1,443,442,444,-1,443,444,440,-1,440,444,445,-1,440,445,438,-1,446,447,448,-1,448,447,442,-1,448,442,441,-1,449,450,451,-1,452,447,446,-1,451,453,449,-1,449,453,452,-1,449,452,454,-1,454,452,446,-1,455,456,457,-1,457,456,458,-1,457,458,459,-1,459,458,460,-1,459,460,461,-1,461,460,462,-1,461,462,463,-1,463,462,464,-1,463,464,465,-1,465,464,466,-1,465,466,467,-1,467,466,468,-1,467,468,469,-1,469,468,470,-1,471,472,473,-1,473,474,471,-1,471,474,475,-1,471,475,476,-1,476,475,469,-1,476,469,470,-1,477,473,472,-1,477,472,478,-1,478,472,479,-1,478,479,480,-1,481,482,483,-1,484,485,483,-1,483,485,480,-1,481,483,486,-1,486,483,480,-1,486,480,479,-1,483,482,487,-1,487,482,488,-1,487,488,489,-1,489,488,490,-1,489,490,491,-1,491,490,492,-1,491,492,493,-1,493,492,494,-1,493,494,495,-1,495,494,496,-1,495,496,497,-1,497,496,498,-1,497,498,455,-1,455,498,456,-1,499,500,501,-1,502,503,501,-1,501,503,504,-1,499,501,505,-1,505,501,504,-1,505,504,506,-1,501,500,507,-1,507,500,508,-1,507,508,509,-1,509,508,510,-1,509,510,511,-1,511,510,512,-1,511,512,513,-1,513,512,514,-1,513,514,515,-1,515,514,516,-1,515,516,517,-1,517,516,518,-1,517,518,519,-1,519,518,520,-1,519,520,521,-1,521,520,522,-1,521,522,523,-1,523,522,524,-1,523,524,525,-1,525,524,526,-1,525,526,527,-1,527,526,528,-1,527,528,529,-1,529,528,530,-1,529,530,531,-1,531,530,532,-1,533,534,535,-1,535,536,533,-1,533,536,537,-1,533,537,538,-1,538,537,531,-1,538,531,532,-1,535,534,539,-1,539,534,506,-1,539,506,540,-1,540,506,504,-1,541,542,543,-1,544,545,543,-1,543,545,546,-1,541,543,547,-1,547,543,546,-1,547,546,548,-1,543,542,549,-1,549,542,550,-1,549,550,551,-1,551,550,552,-1,551,552,553,-1,553,552,554,-1,553,554,555,-1,555,554,556,-1,555,556,557,-1,557,556,558,-1,557,558,559,-1,559,558,560,-1,559,560,561,-1,561,560,562,-1,561,562,563,-1,563,562,564,-1,563,564,565,-1,565,564,566,-1,565,566,567,-1,567,566,568,-1,567,568,569,-1,569,568,570,-1,569,570,571,-1,571,570,572,-1,571,572,573,-1,573,572,574,-1,575,576,577,-1,577,578,575,-1,575,578,579,-1,575,579,580,-1,580,579,573,-1,580,573,574,-1,577,576,581,-1,581,576,548,-1,581,548,582,-1,582,548,546,-1,583,584,585,-1,586,587,585,-1,585,587,588,-1,583,585,589,-1,589,585,588,-1,589,588,590,-1,585,584,591,-1,591,584,592,-1,591,592,593,-1,593,592,594,-1,593,594,595,-1,595,594,596,-1,595,596,597,-1,597,596,598,-1,597,598,599,-1,599,598,600,-1,599,600,601,-1,601,600,602,-1,601,602,603,-1,603,602,604,-1,603,604,605,-1,605,604,606,-1,605,606,607,-1,607,606,608,-1,607,608,609,-1,609,608,610,-1,609,610,611,-1,611,610,612,-1,611,612,613,-1,613,612,614,-1,613,614,615,-1,615,614,616,-1,617,618,619,-1,619,620,617,-1,617,620,621,-1,617,621,622,-1,622,621,615,-1,622,615,616,-1,619,618,623,-1,623,618,590,-1,623,590,624,-1,624,590,588,-1,625,626,627,-1,628,629,627,-1,627,629,630,-1,625,627,631,-1,631,627,630,-1,631,630,632,-1,627,626,633,-1,633,626,634,-1,633,634,635,-1,635,634,636,-1,635,636,637,-1,637,636,638,-1,637,638,639,-1,639,638,640,-1,639,640,641,-1,641,640,642,-1,641,642,643,-1,643,642,644,-1,643,644,645,-1,645,644,646,-1,645,646,647,-1,647,646,648,-1,647,648,649,-1,649,648,650,-1,649,650,651,-1,651,650,652,-1,651,652,653,-1,653,652,654,-1,653,654,655,-1,655,654,656,-1,655,656,657,-1,657,656,658,-1,659,660,661,-1,661,662,659,-1,659,662,663,-1,659,663,664,-1,664,663,657,-1,664,657,658,-1,661,660,665,-1,665,660,632,-1,665,632,666,-1,666,632,630,-1,667,668,669,-1,670,671,669,-1,669,671,672,-1,667,669,673,-1,673,669,672,-1,673,672,674,-1,669,668,675,-1,675,668,676,-1,675,676,677,-1,677,676,678,-1,677,678,679,-1,679,678,680,-1,679,680,681,-1,681,680,682,-1,681,682,683,-1,683,682,684,-1,683,684,685,-1,685,684,686,-1,685,686,687,-1,687,686,688,-1,687,688,689,-1,689,688,690,-1,689,690,691,-1,691,690,692,-1,691,692,693,-1,693,692,694,-1,695,696,697,-1,697,696,698,-1,697,698,699,-1,699,698,700,-1,699,700,694,-1,694,700,701,-1,694,701,693,-1,702,703,704,-1,704,705,702,-1,702,705,706,-1,702,706,707,-1,707,706,696,-1,707,696,695,-1,704,703,708,-1,708,703,674,-1,708,674,709,-1,709,674,672,-1,710,711,712,-1,713,714,712,-1,712,714,715,-1,710,712,716,-1,716,712,715,-1,716,715,717,-1,712,711,718,-1,718,711,719,-1,718,719,720,-1,720,719,721,-1,720,721,722,-1,722,721,723,-1,722,723,724,-1,724,723,725,-1,724,725,726,-1,726,725,727,-1,726,727,728,-1,728,727,729,-1,728,729,730,-1,730,729,731,-1,730,731,732,-1,732,731,733,-1,732,733,734,-1,734,733,735,-1,734,735,736,-1,736,735,737,-1,736,737,738,-1,738,737,739,-1,738,739,740,-1,740,739,741,-1,740,741,742,-1,742,741,743,-1,744,745,746,-1,746,747,744,-1,744,747,748,-1,744,748,749,-1,749,748,742,-1,749,742,743,-1,746,745,750,-1,750,745,717,-1,750,717,751,-1,751,717,715,-1,752,753,754,-1,755,756,754,-1,754,756,757,-1,752,754,758,-1,758,754,757,-1,758,757,759,-1,754,753,760,-1,760,753,761,-1,760,761,762,-1,762,761,763,-1,762,763,764,-1,764,763,765,-1,764,765,766,-1,766,765,767,-1,766,767,768,-1,768,767,769,-1,768,769,770,-1,770,769,771,-1,770,771,772,-1,772,771,773,-1,774,775,776,-1,776,775,777,-1,776,777,143,-1,143,777,778,-1,143,778,132,-1,132,778,779,-1,780,108,781,-1,781,108,131,-1,781,131,782,-1,
        ]
    }
}
Shape{
    appearance Appearance {
        material  Material 	{
            diffuseColor 0.7529411764705882 0.7529411764705882 0.7529411764705882
            specularColor 0.3764705882352941 0.3764705882352941 0.3764705882352941
            ambientIntensity 0.2
            transparency 0
            shininess 0.5
        }
    }
    geometry IndexedFaceSet {
        ccw TRUE
        solid FALSE
        coord DEF co Coordinate {
            point [
                9.502 4.9278 -2.0766, 9.502 4.9278 -2.0164, 9.4956 4.1854 -1.9272, 9.4957 4.1971 -1.8693, 9.4953 4.1537 -1.9167, 9.4956 4.1839 -1.8654, 9.4955 4.1716 -1.8593, 9.4951 4.1255 -1.8988, 9.4954 4.1605 -1.8511, 9.4949 4.1024 -1.8747, 9.4947 4.0846 -1.8511, 9.376 4.9278 -2.0164, 9.376 4.9278 -2.0766, 9.3822 4.1971 -1.8693, 9.3823 4.1854 -1.9272, 9.3824 4.1839 -1.8654, 9.3826 4.1537 -1.9167, 9.3825 4.1716 -1.8593, 9.3829 4.1255 -1.8988, 9.3826 4.1605 -1.8511, 9.3831 4.1024 -1.8747, 9.3832 4.0846 -1.8511, 9.3832 4.0846 -1.8511
            ]
        }
        coordIndex [
            0,1,2,-1,2,1,3,-1,2,3,4,-1,3,5,4,-1,4,5,6,-1,4,6,7,-1,7,6,8,-1,7,8,9,-1,9,8,10,-1,11,12,13,-1,13,12,14,-1,13,14,15,-1,15,14,16,-1,15,16,17,-1,17,16,18,-1,17,18,19,-1,19,18,20,-1,19,20,21,-1,9,20,18,-1,9,18,7,-1,7,18,16,-1,7,16,4,-1,4,16,14,-1,4,14,2,-1,
        ]
    }
}
Shape{
    appearance Appearance {
        material  Material 	{
            diffuseColor 0.25098039215686274 0.25098039215686274 0.25098039215686274
            specularColor 0.12549019607843137 0.12549019607843137 0.12549019607843137
            ambientIntensity 0.2
            transparency 0
            shininess 0.5
        }
    }
    geometry IndexedFaceSet {
        ccw TRUE
        solid FALSE
        coord DEF co Coordinate {
            point [
                9.3938 3.153 -1.9496, 9.4193 3.1496 -1.9496, 9.4193 3.1496 -2.2251, 9.3996 3.1522 -2.2251, 9.3938 3.153 -2.2251, 9.3701 3.1628 -1.9496, 9.3701 3.1628 -2.2251, 9.3497 3.1784 -1.9496, 9.3497 3.1784 -2.2251, 9.3341 3.1988 -1.9496, 9.3341 3.1988 -2.2251, 9.3242 3.2226 -1.9496, 9.3242 3.2226 -2.2251, 9.3209 3.248 -1.9496, 9.3209 3.248 -2.2251, 11.9193 5.1181 -1.9496, 11.9587 5.1181 -1.9496, 11.9587 5.3937 -1.9496, 11.6831 5.3937 -1.9496, 11.6831 5.1181 -1.9496, 11.7224 5.1181 -1.9496, 12.3524 5.1181 -1.9496, 12.3917 5.1181 -1.9496, 12.3917 5.3937 -1.9496, 11.5256 5.1181 -1.9496, 11.5256 5.3937 -1.9496, 11.4862 5.1181 -1.9496, 11.4075 5.3937 -1.9496, 11.4862 3.248 -1.9496, 11.4075 2.185 -1.9496, 11.4896 3.2226 -1.9496, 11.7028 2.4803 -1.9496, 12.1161 5.3937 -1.9496, 12.1161 5.1181 -1.9496, 12.1555 5.1181 -1.9496, 12.5492 5.3937 -1.9496, 12.5492 5.1181 -1.9496, 12.872 5.3937 -1.9496, 12.5886 5.1181 -1.9496, 12.872 4.8425 -1.9496, 12.5886 3.248 -1.9496, 12.872 2.185 -1.9496, 12.5861 3.2261 -1.9496, 11.9226 3.2226 -1.9496, 11.7093 3.1988 -1.9496, 11.9325 3.1988 -1.9496, 11.6936 3.1784 -1.9496, 12.3524 3.248 -1.9496, 11.5592 3.153 -1.9496, 11.5354 3.1628 -1.9496, 12.3812 3.1784 -1.9496, 12.3655 3.1988 -1.9496, 12.1423 3.1988 -1.9496, 12.3557 3.2226 -1.9496, 12.1522 3.2226 -1.9496, 12.1555 3.248 -1.9496, 12.2933 2.185 -1.9496, 12.5788 3.2053 -1.9496, 12.2933 2.4803 -1.9496, 12.5671 3.1867 -1.9496, 11.5846 3.1496 -1.9496, 11.515 3.1784 -1.9496, 11.4994 3.1988 -1.9496, 11.9193 3.248 -1.9496, 11.7224 3.248 -1.9496, 11.7191 3.2226 -1.9496, 12.5515 3.1711 -1.9496, 12.5329 3.1594 -1.9496, 12.5121 3.1521 -1.9496, 12.4902 3.1496 -1.9496, 12.4508 3.1496 -1.9496, 12.4253 3.153 -1.9496, 12.1063 3.1628 -1.9496, 12.1267 3.1784 -1.9496, 12.4016 3.1628 -1.9496, 12.0826 3.153 -1.9496, 12.0571 3.1496 -1.9496, 12.0177 3.1496 -1.9496, 11.9922 3.153 -1.9496, 11.9685 3.1628 -1.9496, 11.9481 3.1784 -1.9496, 11.6732 3.1628 -1.9496, 11.6495 3.153 -1.9496, 11.624 3.1496 -1.9496, 12.872 1.5748 -1.9496, 12.2933 1.8898 -1.9496, 11.4075 1.5748 -1.9496, 11.7028 1.8898 -1.9496, 11.7028 2.185 -1.9496, 12.872 1.378 -1.9496, 12.2933 1.2598 -1.9496, 12.2933 0.6693 -1.9496, 12.2851 0.4204 -1.9496, 12.3276 0.4134 -1.9496, 11.7028 1.2598 -1.9496, 11.7028 0.6693 -1.9496, 11.4075 0.4331 -1.9496, 12.0534 0.4331 -1.9496, 13.1083 0.6693 -1.9496, 13.1083 0.4134 -1.9496, 12.5139 0.3826 -1.9496, 13.3957 0.1575 -1.9496, 13.3957 0.1772 -1.9496, 13.1681 0.1575 -1.9496, 13.1083 0.1772 -1.9496, 13.1169 0.1631 -1.9496, 12.7373 0.3201 -1.9496, 12.9525 0.2336 -1.9496, 13.0682 0.1796 -1.9496, 10.5217 1.2598 -1.9496, 10.2264 1.5748 -1.9496, 10.5217 0.6693 -1.9496, 10.2264 0.4331 -1.9496, 11.1122 0.6693 -1.9496, 11.1122 1.2598 -1.9496, 9.3406 1.2598 -1.9496, 9.1831 1.5748 -1.9496, 9.3406 0.6693 -1.9496, 9.1831 0.4331 -1.9496, 9.9311 0.6693 -1.9496, 9.9311 1.2598 -1.9496, 9.1319 3.1496 -1.9496, 9.0256 3.1496 -1.9496, 9.0256 2.185 -1.9496, 9.1791 5.7087 -1.9496, 9.1319 5.7087 -1.9496, 9.1791 5.3937 -1.9496, 9.1831 5.3937 -1.9496, 9.1831 2.185 -1.9496, 9.3406 2.4803 -1.9496, 9.3406 2.185 -1.9496, 10.187 5.1181 -1.9496, 10.2264 5.1181 -1.9496, 10.2264 5.3937 -1.9496, 9.7539 5.1181 -1.9496, 9.7933 5.1181 -1.9496, 9.7933 5.3937 -1.9496, 9.9508 5.3937 -1.9496, 9.9508 5.1181 -1.9496, 9.9902 5.1181 -1.9496, 9.5177 5.3937 -1.9496, 9.5177 5.1181 -1.9496, 9.5571 5.1181 -1.9496, 9.3602 5.1181 -1.9496, 9.3602 5.3937 -1.9496, 9.3209 5.1181 -1.9496, 10.1904 3.2226 -1.9496, 9.977 3.1988 -1.9496, 9.9613 3.1784 -1.9496, 10.187 3.248 -1.9496, 9.9902 3.248 -1.9496, 9.9868 3.2226 -1.9496, 9.8524 3.1496 -1.9496, 9.8269 3.153 -1.9496, 9.7573 3.2226 -1.9496, 9.5439 3.1988 -1.9496, 9.7671 3.1988 -1.9496, 9.5283 3.1784 -1.9496, 10.2002 3.1988 -1.9496, 9.7539 3.248 -1.9496, 9.5571 3.248 -1.9496, 9.5537 3.2226 -1.9496, 9.9409 3.1628 -1.9496, 9.9172 3.153 -1.9496, 9.8917 3.1496 -1.9496, 9.8031 3.1628 -1.9496, 9.7828 3.1784 -1.9496, 9.5079 3.1628 -1.9496, 9.4841 3.153 -1.9496, 9.4587 3.1496 -1.9496, 11.0532 5.1181 -1.9496, 11.0925 5.1181 -1.9496, 11.0925 5.3937 -1.9496, 10.6201 5.1181 -1.9496, 10.6594 5.1181 -1.9496, 10.6594 5.3937 -1.9496, 11.25 5.3937 -1.9496, 11.25 5.1181 -1.9496, 10.8169 5.3937 -1.9496, 10.8169 5.1181 -1.9496, 10.8563 5.1181 -1.9496, 11.2894 5.1181 -1.9496, 11.2894 3.248 -1.9496, 11.286 3.2226 -1.9496, 10.3839 5.3937 -1.9496, 10.3839 5.1181 -1.9496, 10.4232 5.1181 -1.9496, 11.2762 3.1988 -1.9496, 11.2605 3.1784 -1.9496, 11.1122 2.4803 -1.9496, 11.2402 3.1628 -1.9496, 11.2164 3.153 -1.9496, 10.5217 2.4803 -1.9496, 11.1261 3.153 -1.9496, 10.7185 3.1496 -1.9496, 10.693 3.153 -1.9496, 10.2854 3.1496 -1.9496, 10.26 3.153 -1.9496, 10.6234 3.2226 -1.9496, 10.41 3.1988 -1.9496, 10.6333 3.1988 -1.9496, 10.3944 3.1784 -1.9496, 11.1909 3.1496 -1.9496, 11.1516 3.1496 -1.9496, 11.0532 3.248 -1.9496, 10.6201 3.248 -1.9496, 10.4232 3.248 -1.9496, 10.4199 3.2226 -1.9496, 10.8275 3.1784 -1.9496, 11.0663 3.1988 -1.9496, 10.8431 3.1988 -1.9496, 11.0565 3.2226 -1.9496, 10.8529 3.2226 -1.9496, 10.8563 3.248 -1.9496, 11.1024 3.1628 -1.9496, 11.082 3.1784 -1.9496, 10.6693 3.1628 -1.9496, 10.6489 3.1784 -1.9496, 10.8071 3.1628 -1.9496, 10.7833 3.153 -1.9496, 10.7579 3.1496 -1.9496, 10.374 3.1628 -1.9496, 10.3503 3.153 -1.9496, 10.3248 3.1496 -1.9496, 10.2362 3.1628 -1.9496, 10.2264 3.1703 -1.9496, 10.5217 2.185 -1.9496, 10.2264 2.185 -1.9496, 10.5217 1.8898 -1.9496, 11.1122 1.8898 -1.9496, 11.1122 2.185 -1.9496, 9.3406 1.8898 -1.9496, 9.9311 1.8898 -1.9496, 9.9311 2.185 -1.9496, 9.9311 2.4803 -1.9496, 10.2158 3.1784 -1.9496, 9.0256 0.4331 -1.9496, 9.0256 1.5748 -1.9496, 13.2776 2.4409 -2.2251, 12.9724 2.4409 -2.2251, 12.9724 3.8189 -2.2251, 13.002 4.4094 -2.2251, 13.2776 4.4094 -2.2251, 13.2776 3.8189 -2.2251, 13.5532 5.3937 -2.2251, 13.2776 5.3937 -2.2251, 13.2776 5.7087 -2.2251, 9.3996 2.4409 -2.2251, 9.3209 3.8189 -2.2251, 8.75 3.8189 -2.2251, 8.75 4.685 -2.2251, 14.065 5.1181 -2.2251, 14.4193 5.1181 -2.2251, 14.4193 4.685 -2.2251, 13.8681 3.2283 -2.2251, 13.6119 3.2283 -2.2251, 13.6119 3.8189 -2.2251, 14.4193 2.9409 -2.2251, 14.498 2.9409 -2.2251, 14.498 2.7677 -2.2251, 14.4193 2.7677 -2.2251, 13.8681 2.4409 -2.2251, 14.4193 2.4409 -2.2251, 14.4193 0.8661 -2.2251, 13.6119 4.685 -2.2251, 14.4193 3.8189 -2.2251, 13.9075 4.9712 -2.2251, 13.9238 4.9837 -2.2251, 13.6812 5.0 -2.2251, 13.6937 4.9837 -2.2251, 13.9363 5.0 -2.2251, 13.6119 5.2559 -2.2251, 13.6707 5.0394 -2.2251, 13.6733 5.019 -2.2251, 13.71 4.9712 -2.2251, 13.729 4.9633 -2.2251, 13.7494 4.9606 -2.2251, 13.8681 4.9606 -2.2251, 13.8885 4.9633 -2.2251, 13.729 5.5879 -2.2251, 13.71 5.58 -2.2251, 13.6119 5.7087 -2.2251, 13.6937 5.5675 -2.2251, 13.6812 5.5512 -2.2251, 13.6733 5.5322 -2.2251, 13.6707 5.5118 -2.2251, 13.6707 5.2559 -2.2251, 14.065 5.7087 -2.2251, 13.9449 5.5293 -2.2251, 13.9391 5.546 -2.2251, 13.9297 5.5609 -2.2251, 13.9172 5.5734 -2.2251, 13.9023 5.5828 -2.2251, 13.9442 5.019 -2.2251, 13.9468 5.0394 -2.2251, 14.065 5.2559 -2.2251, 13.9468 5.2559 -2.2251, 13.9468 5.5118 -2.2251, 13.8856 5.5886 -2.2251, 13.8681 5.5906 -2.2251, 13.7494 5.5906 -2.2251, 12.2539 5.2559 -2.2251, 12.2539 5.7087 -2.2251, 12.3917 5.7087 -2.2251, 12.5492 5.7087 -2.2251, 12.6083 5.7087 -2.2251, 12.5492 5.5906 -2.2251, 12.6083 5.2559 -2.2251, 12.3917 5.5906 -2.2251, 12.1161 5.7087 -2.2251, 12.1161 5.5906 -2.2251, 11.9587 5.5906 -2.2251, 11.8209 5.2559 -2.2251, 11.9587 5.7087 -2.2251, 11.8209 5.7087 -2.2251, 11.6831 5.7087 -2.2251, 11.6831 5.5906 -2.2251, 11.5256 5.5906 -2.2251, 11.3878 5.2559 -2.2251, 11.5256 5.7087 -2.2251, 11.3878 5.7087 -2.2251, 10.5217 5.2559 -2.2251, 10.5217 5.7087 -2.2251, 10.6594 5.7087 -2.2251, 10.6594 5.5906 -2.2251, 10.8169 5.5906 -2.2251, 11.25 5.7087 -2.2251, 11.25 5.5906 -2.2251, 11.0925 5.5906 -2.2251, 11.0925 5.7087 -2.2251, 10.8169 5.7087 -2.2251, 10.3839 5.7087 -2.2251, 10.3839 5.5906 -2.2251, 10.2264 5.5906 -2.2251, 10.0886 5.2559 -2.2251, 10.2264 5.7087 -2.2251, 10.0886 5.7087 -2.2251, 9.9508 5.7087 -2.2251, 9.9508 5.5906 -2.2251, 9.7933 5.5906 -2.2251, 9.6555 5.2559 -2.2251, 9.7933 5.7087 -2.2251, 9.6555 5.7087 -2.2251, 8.75 5.7087 -2.2251, 8.9272 5.7087 -2.2251, 8.75 5.2559 -2.2251, 8.9272 5.5906 -2.2251, 9.0846 5.5906 -2.2251, 9.3996 5.2559 -2.2251, 9.5177 5.7087 -2.2251, 9.5177 5.5906 -2.2251, 9.3996 5.5906 -2.2251, 9.3602 5.5906 -2.2251, 9.3602 5.7087 -2.2251, 9.0846 5.7087 -2.2251, 9.3209 5.1181 -2.2251, 9.3209 4.685 -2.2251, 8.75 2.4409 -2.2251, 8.75 2.7677 -2.2251, 8.6713 2.7677 -2.2251, 8.6713 2.9409 -2.2251, 8.75 2.9409 -2.2251, 8.75 0.2756 -2.2251, 8.75 0.8661 -2.2251, 9.3996 0.2756 -2.2251, 9.3996 0.8661 -2.2251, 9.6555 0.2756 -2.2251, 9.6555 0.8661 -2.2251, 10.0886 0.2756 -2.2251, 10.0886 0.8661 -2.2251, 10.5217 0.2756 -2.2251, 10.5217 0.8661 -2.2251, 11.3878 0.2756 -2.2251, 11.3878 0.8661 -2.2251, 11.8209 0.2756 -2.2251, 11.8209 0.8661 -2.2251, 12.0534 0.2756 -2.2251, 12.2539 0.8661 -2.2251, 12.2539 0.261 -2.2251, 12.3389 0.2548 -2.2251, 12.6083 0.8661 -2.2251, 12.6083 0.195 -2.2251, 12.6184 0.1928 -2.2251, 12.9724 0.8661 -2.2251, 12.8859 0.0909 -2.2251, 13.2776 0.8661 -2.2251, 13.2776 0.0 -2.2251, 13.1681 0.0 -2.2251, 13.0828 0.0093 -2.2251, 13.0016 0.0369 -2.2251, 12.9724 0.0505 -2.2251, 9.4783 1.5748 -2.2251, 9.6555 2.4409 -2.2251, 9.6555 1.7297 -2.2251, 9.6358 1.7323 -2.2251, 9.5571 1.7112 -2.2251, 9.5245 1.6862 -2.2251, 9.4837 1.534 -2.2251, 9.4994 1.4961 -2.2251, 9.5245 1.4634 -2.2251, 9.5571 1.4384 -2.2251, 9.5951 1.4227 -2.2251, 9.6358 1.4173 -2.2251, 9.5951 1.7269 -2.2251, 9.4994 1.6535 -2.2251, 9.4837 1.6156 -2.2251, 9.7933 1.5748 -2.2251, 9.7879 1.6156 -2.2251, 10.0886 2.4409 -2.2251, 9.6766 1.7269 -2.2251, 9.7146 1.7112 -2.2251, 9.6555 1.4199 -2.2251, 9.6766 1.4227 -2.2251, 9.7146 1.4384 -2.2251, 9.7722 1.6535 -2.2251, 9.7472 1.6862 -2.2251, 9.7472 1.4634 -2.2251, 9.7722 1.4961 -2.2251, 9.7879 1.534 -2.2251, 13.5532 3.2283 -2.2251, 13.5532 0.8661 -2.2251, 13.5532 0.315 -2.2251, 13.6119 0.0 -2.2251, 13.6119 0.315 -2.2251, 14.4193 0.0 -2.2251, 13.8681 0.315 -2.2251, 13.8681 0.8661 -2.2251, 12.9724 5.7087 -2.2251, 13.002 5.3937 -2.2251, 12.9724 5.2559 -2.2251, 13.5532 5.2559 -2.2251, 13.5532 4.685 -2.2251, 13.5532 4.4094 -2.2251, 12.3557 3.2226 -2.2251, 12.3655 3.1988 -2.2251, 12.2539 2.4409 -2.2251, 12.3812 3.1784 -2.2251, 12.4016 3.1628 -2.2251, 12.3524 3.248 -2.2251, 12.2539 3.8189 -2.2251, 12.3524 3.8189 -2.2251, 12.5671 3.1867 -2.2251, 12.5788 3.2053 -2.2251, 12.6083 2.4409 -2.2251, 12.5121 3.1521 -2.2251, 12.5329 3.1594 -2.2251, 12.5515 3.1711 -2.2251, 12.5861 3.2261 -2.2251, 12.5886 3.248 -2.2251, 12.6083 3.8189 -2.2251, 12.4253 3.153 -2.2251, 12.4508 3.1496 -2.2251, 12.4902 3.1496 -2.2251, 12.2539 4.685 -2.2251, 12.3524 4.685 -2.2251, 12.3524 5.1181 -2.2251, 12.5886 5.1181 -2.2251, 12.6083 4.685 -2.2251, 12.5886 4.685 -2.2251, 12.5886 3.8189 -2.2251, 11.9226 3.2226 -2.2251, 11.9325 3.1988 -2.2251, 11.8209 2.4409 -2.2251, 11.9481 3.1784 -2.2251, 11.9685 3.1628 -2.2251, 12.0826 3.153 -2.2251, 12.1063 3.1628 -2.2251, 12.1267 3.1784 -2.2251, 12.1423 3.1988 -2.2251, 11.9193 3.248 -2.2251, 11.8209 3.8189 -2.2251, 11.9193 3.8189 -2.2251, 12.1522 3.2226 -2.2251, 12.1555 3.248 -2.2251, 12.1555 3.8189 -2.2251, 12.1555 4.685 -2.2251, 11.9922 3.153 -2.2251, 12.0177 3.1496 -2.2251, 12.0571 3.1496 -2.2251, 12.1555 5.1181 -2.2251, 11.9193 5.1181 -2.2251, 11.8209 4.685 -2.2251, 11.9193 4.685 -2.2251, 11.4896 3.2226 -2.2251, 11.3878 2.4409 -2.2251, 11.4862 3.248 -2.2251, 11.3878 3.8189 -2.2251, 11.4862 3.8189 -2.2251, 11.4994 3.1988 -2.2251, 11.515 3.1784 -2.2251, 11.5354 3.1628 -2.2251, 11.6495 3.153 -2.2251, 11.6732 3.1628 -2.2251, 11.6936 3.1784 -2.2251, 11.7093 3.1988 -2.2251, 11.7191 3.2226 -2.2251, 11.7224 3.248 -2.2251, 11.7224 3.8189 -2.2251, 11.7224 4.685 -2.2251, 11.5592 3.153 -2.2251, 11.5846 3.1496 -2.2251, 11.624 3.1496 -2.2251, 11.7224 5.1181 -2.2251, 11.4862 5.1181 -2.2251, 11.3878 4.685 -2.2251, 11.4862 4.685 -2.2251, 11.0532 5.1181 -2.2251, 11.2894 4.685 -2.2251, 11.2894 5.1181 -2.2251, 10.6234 3.2226 -2.2251, 10.6333 3.1988 -2.2251, 10.5217 2.4409 -2.2251, 11.1909 3.1496 -2.2251, 11.2164 3.153 -2.2251, 11.2402 3.1628 -2.2251, 11.2605 3.1784 -2.2251, 11.2762 3.1988 -2.2251, 10.6489 3.1784 -2.2251, 10.6693 3.1628 -2.2251, 10.693 3.153 -2.2251, 11.286 3.2226 -2.2251, 11.2894 3.248 -2.2251, 11.2894 3.8189 -2.2251, 10.6201 3.248 -2.2251, 10.5217 3.8189 -2.2251, 10.6201 3.8189 -2.2251, 11.082 3.1784 -2.2251, 10.8431 3.1988 -2.2251, 11.0663 3.1988 -2.2251, 10.8529 3.2226 -2.2251, 11.0565 3.2226 -2.2251, 10.8071 3.1628 -2.2251, 10.8275 3.1784 -2.2251, 10.7185 3.1496 -2.2251, 10.7579 3.1496 -2.2251, 10.7833 3.153 -2.2251, 11.1024 3.1628 -2.2251, 11.1261 3.153 -2.2251, 11.1516 3.1496 -2.2251, 11.0532 3.248 -2.2251, 10.8563 3.248 -2.2251, 11.0532 3.8189 -2.2251, 10.8563 3.8189 -2.2251, 10.8563 4.685 -2.2251, 11.0532 4.685 -2.2251, 10.8563 5.1181 -2.2251, 10.6201 5.1181 -2.2251, 10.5217 4.685 -2.2251, 10.6201 4.685 -2.2251, 10.1904 3.2226 -2.2251, 10.187 3.248 -2.2251, 10.0886 3.8189 -2.2251, 10.187 3.8189 -2.2251, 10.2002 3.1988 -2.2251, 10.2158 3.1784 -2.2251, 10.2362 3.1628 -2.2251, 10.3503 3.153 -2.2251, 10.374 3.1628 -2.2251, 10.3944 3.1784 -2.2251, 10.41 3.1988 -2.2251, 10.4199 3.2226 -2.2251, 10.4232 3.248 -2.2251, 10.4232 3.8189 -2.2251, 10.4232 4.685 -2.2251, 10.26 3.153 -2.2251, 10.2854 3.1496 -2.2251, 10.3248 3.1496 -2.2251, 10.4232 5.1181 -2.2251, 10.187 5.1181 -2.2251, 10.0886 4.685 -2.2251, 10.187 4.685 -2.2251, 9.7573 3.2226 -2.2251, 9.7671 3.1988 -2.2251, 9.7828 3.1784 -2.2251, 9.8031 3.1628 -2.2251, 9.9172 3.153 -2.2251, 9.9409 3.1628 -2.2251, 9.9613 3.1784 -2.2251, 9.977 3.1988 -2.2251, 9.7539 3.248 -2.2251, 9.6555 3.8189 -2.2251, 9.7539 3.8189 -2.2251, 9.9868 3.2226 -2.2251, 9.9902 3.248 -2.2251, 9.9902 3.8189 -2.2251, 9.9902 4.685 -2.2251, 9.8269 3.153 -2.2251, 9.8524 3.1496 -2.2251, 9.8917 3.1496 -2.2251, 9.9902 5.1181 -2.2251, 9.7539 5.1181 -2.2251, 9.6555 4.685 -2.2251, 9.7539 4.685 -2.2251, 9.5571 4.685 -2.2251, 9.5571 5.1181 -2.2251, 9.3996 5.1181 -2.2251, 9.4841 3.153 -2.2251, 9.4587 3.1496 -2.2251, 9.5079 3.1628 -2.2251, 9.5283 3.1784 -2.2251, 9.5439 3.1988 -2.2251, 9.5537 3.2226 -2.2251, 9.5571 3.248 -2.2251, 9.5571 3.8189 -2.2251, 12.628 1.5748 -2.2251, 12.6333 1.534 -2.2251, 12.7067 1.7112 -2.2251, 12.6741 1.6862 -2.2251, 12.6491 1.6535 -2.2251, 12.6333 1.6156 -2.2251, 12.9429 1.5748 -2.2251, 12.9375 1.6156 -2.2251, 12.9218 1.6535 -2.2251, 12.8968 1.6862 -2.2251, 12.8642 1.7112 -2.2251, 12.8262 1.7269 -2.2251, 12.8642 1.4384 -2.2251, 12.8968 1.4634 -2.2251, 12.9218 1.4961 -2.2251, 12.9375 1.534 -2.2251, 13.5532 2.4409 -2.2251, 12.7854 1.7323 -2.2251, 12.7447 1.7269 -2.2251, 12.6491 1.4961 -2.2251, 12.6741 1.4634 -2.2251, 12.7067 1.4384 -2.2251, 12.7447 1.4227 -2.2251, 12.7854 1.4173 -2.2251, 12.8262 1.4227 -2.2251, 13.002 5.2559 -2.2251, 13.002 4.685 -2.2251, 12.9724 4.685 -2.2251, 9.5177 5.3937 -1.7291, 9.5177 5.3937 -1.8511, 9.3602 5.3937 -1.7291, 9.3602 5.3937 -1.8511, 9.5177 5.7087 -1.7291, 9.3602 5.7087 -1.7291, 9.3602 5.7087 -1.7291
            ]
        }
        coordIndex [
            0,1,2,-1,2,3,0,-1,0,3,4,-1,0,4,5,-1,5,4,6,-1,5,6,7,-1,7,6,8,-1,7,8,9,-1,9,8,10,-1,9,10,11,-1,11,10,12,-1,11,12,13,-1,13,12,14,-1,15,16,17,-1,18,19,20,-1,21,22,23,-1,24,25,26,-1,26,25,27,-1,26,27,28,-1,28,27,29,-1,28,29,30,-1,30,29,31,-1,32,33,34,-1,35,36,37,-1,37,36,38,-1,37,38,39,-1,39,38,40,-1,39,40,41,-1,41,40,42,-1,43,44,45,-1,45,44,46,-1,23,32,21,-1,21,32,34,-1,21,34,47,-1,48,49,31,-1,50,51,52,-1,52,51,53,-1,52,53,54,-1,54,53,47,-1,54,47,55,-1,55,47,34,-1,56,57,58,-1,58,57,59,-1,48,31,60,-1,49,61,31,-1,31,61,62,-1,31,62,30,-1,17,18,15,-1,15,18,20,-1,15,20,63,-1,63,20,64,-1,63,64,43,-1,43,64,65,-1,43,65,44,-1,59,66,58,-1,58,66,67,-1,58,67,68,-1,68,69,58,-1,58,69,70,-1,58,70,71,-1,72,58,73,-1,73,58,71,-1,73,71,52,-1,52,71,74,-1,52,74,50,-1,72,75,58,-1,58,75,76,-1,58,76,31,-1,31,76,77,-1,31,77,78,-1,78,79,31,-1,31,79,80,-1,31,80,45,-1,46,81,45,-1,45,81,82,-1,45,82,31,-1,31,82,83,-1,31,83,60,-1,42,57,41,-1,41,57,56,-1,41,56,84,-1,84,56,85,-1,84,85,86,-1,86,85,87,-1,86,87,29,-1,29,87,88,-1,29,88,31,-1,89,84,90,-1,91,92,93,-1,90,84,94,-1,94,84,86,-1,94,86,95,-1,95,86,96,-1,95,96,91,-1,91,96,97,-1,91,97,92,-1,89,90,98,-1,98,90,91,-1,98,91,99,-1,99,91,93,-1,99,93,100,-1,101,102,103,-1,103,102,104,-1,103,104,105,-1,100,106,99,-1,99,106,107,-1,99,107,104,-1,104,107,108,-1,104,108,105,-1,109,110,111,-1,111,110,112,-1,111,112,113,-1,113,112,96,-1,113,96,114,-1,114,96,86,-1,114,86,109,-1,109,86,110,-1,115,116,117,-1,117,116,118,-1,117,118,119,-1,119,118,112,-1,119,112,120,-1,120,112,110,-1,120,110,115,-1,115,110,116,-1,121,122,123,-1,124,125,126,-1,126,125,121,-1,127,128,129,-1,129,128,130,-1,131,132,133,-1,134,135,136,-1,137,138,139,-1,140,141,142,-1,143,144,145,-1,145,144,127,-1,145,127,13,-1,13,127,129,-1,13,129,11,-1,146,147,148,-1,133,137,131,-1,131,137,139,-1,131,139,149,-1,149,139,150,-1,149,150,146,-1,146,150,151,-1,146,151,147,-1,152,153,129,-1,0,5,129,-1,154,155,156,-1,156,155,157,-1,0,129,1,-1,5,7,129,-1,129,7,9,-1,129,9,11,-1,129,158,146,-1,136,140,134,-1,134,140,142,-1,134,142,159,-1,159,142,160,-1,159,160,154,-1,154,160,161,-1,154,161,155,-1,148,162,146,-1,146,162,163,-1,146,163,129,-1,129,163,164,-1,129,164,152,-1,153,165,129,-1,129,165,166,-1,129,166,156,-1,157,167,156,-1,156,167,168,-1,156,168,129,-1,129,168,169,-1,129,169,1,-1,170,171,172,-1,173,174,175,-1,27,176,177,-1,178,179,180,-1,177,181,27,-1,27,181,182,-1,27,182,29,-1,29,182,183,-1,184,185,186,-1,187,188,189,-1,189,188,190,-1,189,190,191,-1,192,189,193,-1,194,195,192,-1,196,197,192,-1,198,199,200,-1,200,199,201,-1,191,202,189,-1,189,202,203,-1,189,203,193,-1,172,178,170,-1,170,178,180,-1,170,180,204,-1,175,184,173,-1,173,184,186,-1,173,186,205,-1,205,186,206,-1,205,206,198,-1,198,206,207,-1,198,207,199,-1,208,209,210,-1,210,209,211,-1,210,211,212,-1,212,211,204,-1,212,204,213,-1,213,204,180,-1,193,214,192,-1,192,214,215,-1,192,215,209,-1,195,216,192,-1,192,216,217,-1,192,217,200,-1,208,218,209,-1,209,218,219,-1,209,219,192,-1,192,219,220,-1,192,220,194,-1,201,221,200,-1,200,221,222,-1,200,222,192,-1,192,222,223,-1,192,223,196,-1,197,224,192,-1,192,224,225,-1,192,225,226,-1,226,225,227,-1,226,227,228,-1,228,227,110,-1,228,110,229,-1,229,110,86,-1,229,86,230,-1,230,86,29,-1,230,29,189,-1,189,29,183,-1,189,183,187,-1,130,128,231,-1,231,128,116,-1,231,116,232,-1,232,116,110,-1,232,110,233,-1,233,110,227,-1,233,227,234,-1,234,227,225,-1,234,225,129,-1,129,225,235,-1,129,235,158,-1,236,118,237,-1,237,118,116,-1,237,116,123,-1,123,116,128,-1,123,128,121,-1,121,128,127,-1,121,127,126,-1,238,239,240,-1,241,242,243,-1,244,245,246,-1,4,3,247,-1,248,249,250,-1,251,252,253,-1,254,255,256,-1,257,258,259,-1,254,260,261,-1,261,260,262,-1,261,262,263,-1,264,253,265,-1,266,267,264,-1,264,268,269,-1,253,264,251,-1,251,264,267,-1,251,267,270,-1,271,272,264,-1,264,272,273,-1,264,273,268,-1,269,274,264,-1,264,274,275,-1,264,275,276,-1,276,277,264,-1,264,277,278,-1,264,278,266,-1,279,280,281,-1,281,280,282,-1,281,282,283,-1,283,284,281,-1,281,284,285,-1,281,285,271,-1,271,285,286,-1,271,286,272,-1,287,288,289,-1,289,290,287,-1,287,290,291,-1,287,291,292,-1,270,293,251,-1,251,293,294,-1,251,294,295,-1,295,294,296,-1,295,296,287,-1,287,296,297,-1,287,297,288,-1,292,298,287,-1,287,298,299,-1,287,299,281,-1,281,299,300,-1,281,300,279,-1,301,302,303,-1,304,305,306,-1,306,305,307,-1,306,307,308,-1,309,302,310,-1,310,302,301,-1,310,301,311,-1,311,301,312,-1,311,312,313,-1,313,312,314,-1,315,314,316,-1,316,314,312,-1,316,312,317,-1,317,312,318,-1,317,318,319,-1,319,318,320,-1,321,322,323,-1,324,325,318,-1,326,320,327,-1,327,320,318,-1,327,318,328,-1,328,318,325,-1,328,325,329,-1,329,325,330,-1,331,322,332,-1,332,322,321,-1,332,321,333,-1,333,321,334,-1,333,334,335,-1,335,334,336,-1,337,336,338,-1,338,336,334,-1,338,334,339,-1,339,334,340,-1,339,340,341,-1,341,340,342,-1,343,344,345,-1,345,344,346,-1,346,347,348,-1,349,342,350,-1,350,342,340,-1,350,340,351,-1,351,340,348,-1,351,348,352,-1,352,348,347,-1,352,347,353,-1,353,347,354,-1,346,348,345,-1,345,348,355,-1,345,355,250,-1,250,355,356,-1,250,356,248,-1,247,357,358,-1,359,360,358,-1,358,360,361,-1,358,361,247,-1,249,248,361,-1,361,248,14,-1,361,14,12,-1,12,10,361,-1,361,10,8,-1,361,8,247,-1,247,8,6,-1,247,6,4,-1,362,363,364,-1,364,363,365,-1,364,365,366,-1,366,365,367,-1,366,367,368,-1,368,367,369,-1,368,369,370,-1,370,369,371,-1,370,371,372,-1,372,371,373,-1,372,373,374,-1,374,373,375,-1,374,375,376,-1,376,375,377,-1,376,377,378,-1,378,377,379,-1,379,377,380,-1,379,380,381,-1,381,380,382,-1,382,380,383,-1,382,383,384,-1,385,386,387,-1,387,388,385,-1,385,388,389,-1,385,389,383,-1,383,389,390,-1,383,390,384,-1,363,357,365,-1,365,357,247,-1,365,247,391,-1,392,393,394,-1,395,396,247,-1,391,397,365,-1,365,397,398,-1,365,398,399,-1,399,400,365,-1,365,400,401,-1,365,401,367,-1,367,401,402,-1,392,394,247,-1,247,394,403,-1,247,403,395,-1,396,404,247,-1,247,404,405,-1,247,405,391,-1,406,407,408,-1,393,392,409,-1,409,392,408,-1,409,408,410,-1,402,411,367,-1,367,411,412,-1,367,412,369,-1,369,412,413,-1,407,414,408,-1,408,414,415,-1,408,415,410,-1,413,416,369,-1,369,416,417,-1,369,417,418,-1,255,419,243,-1,385,420,386,-1,386,420,421,-1,386,421,422,-1,422,421,423,-1,422,423,424,-1,424,423,425,-1,424,425,263,-1,263,425,426,-1,263,426,261,-1,246,245,427,-1,427,245,428,-1,427,428,429,-1,246,281,244,-1,244,281,271,-1,244,271,430,-1,430,271,264,-1,430,264,431,-1,255,243,256,-1,256,243,242,-1,256,242,432,-1,259,260,257,-1,257,260,254,-1,257,254,265,-1,265,254,256,-1,265,256,264,-1,264,256,432,-1,264,432,431,-1,433,434,435,-1,435,434,436,-1,435,436,437,-1,433,435,438,-1,438,435,439,-1,438,439,440,-1,441,442,443,-1,444,445,443,-1,443,445,446,-1,443,446,441,-1,442,447,443,-1,443,447,448,-1,443,448,449,-1,437,450,435,-1,435,450,451,-1,435,451,443,-1,443,451,452,-1,443,452,444,-1,453,454,440,-1,454,453,455,-1,455,453,301,-1,455,301,456,-1,303,308,301,-1,301,308,307,-1,301,307,456,-1,456,307,457,-1,456,457,458,-1,458,457,449,-1,458,449,459,-1,459,449,448,-1,460,461,462,-1,462,461,463,-1,462,463,464,-1,465,466,435,-1,435,466,467,-1,435,467,468,-1,460,462,469,-1,469,462,470,-1,469,470,471,-1,468,472,435,-1,435,472,473,-1,435,473,439,-1,439,473,474,-1,439,474,475,-1,464,476,462,-1,462,476,477,-1,462,477,435,-1,435,477,478,-1,435,478,465,-1,440,439,453,-1,453,439,475,-1,453,475,301,-1,301,475,479,-1,301,479,312,-1,312,479,480,-1,312,480,481,-1,481,480,482,-1,481,482,471,-1,483,484,485,-1,485,484,486,-1,485,486,487,-1,483,488,484,-1,484,488,489,-1,484,489,490,-1,491,492,462,-1,462,492,493,-1,462,493,494,-1,494,495,462,-1,462,495,496,-1,462,496,470,-1,470,496,497,-1,470,497,498,-1,490,499,484,-1,484,499,500,-1,484,500,462,-1,462,500,501,-1,462,501,491,-1,471,470,481,-1,481,470,498,-1,481,498,312,-1,312,498,502,-1,312,502,318,-1,318,502,503,-1,318,503,504,-1,504,503,505,-1,504,505,487,-1,323,324,321,-1,321,324,318,-1,321,318,506,-1,487,486,504,-1,504,486,507,-1,504,507,318,-1,318,507,508,-1,318,508,506,-1,509,510,511,-1,512,513,484,-1,513,514,484,-1,484,514,515,-1,484,515,516,-1,510,517,511,-1,511,517,518,-1,511,518,519,-1,516,520,484,-1,484,520,521,-1,484,521,486,-1,486,521,522,-1,486,522,507,-1,509,511,523,-1,523,511,524,-1,523,524,525,-1,526,527,528,-1,528,527,529,-1,528,529,530,-1,531,532,484,-1,484,532,527,-1,519,533,511,-1,511,533,534,-1,511,534,484,-1,484,534,535,-1,484,535,531,-1,526,536,527,-1,527,536,537,-1,527,537,484,-1,484,537,538,-1,484,538,512,-1,530,529,539,-1,539,529,540,-1,539,540,541,-1,540,542,541,-1,541,542,543,-1,541,543,544,-1,544,543,506,-1,506,543,545,-1,506,545,321,-1,321,545,546,-1,321,546,547,-1,547,546,548,-1,547,548,525,-1,549,408,550,-1,550,408,551,-1,550,551,552,-1,549,553,408,-1,408,553,554,-1,408,554,555,-1,556,557,511,-1,511,557,558,-1,511,558,559,-1,559,560,511,-1,511,560,561,-1,511,561,524,-1,524,561,562,-1,524,562,563,-1,555,564,408,-1,408,564,565,-1,408,565,511,-1,511,565,566,-1,511,566,556,-1,525,524,547,-1,547,524,563,-1,547,563,321,-1,321,563,567,-1,321,567,334,-1,334,567,568,-1,334,568,569,-1,569,568,570,-1,569,570,552,-1,571,572,392,-1,392,572,573,-1,392,573,574,-1,575,576,408,-1,408,576,577,-1,408,577,578,-1,571,392,579,-1,579,392,580,-1,579,580,581,-1,578,582,408,-1,408,582,583,-1,408,583,551,-1,551,583,584,-1,551,584,585,-1,574,586,392,-1,392,586,587,-1,392,587,408,-1,408,587,588,-1,408,588,575,-1,552,551,569,-1,569,551,585,-1,569,585,334,-1,334,585,589,-1,334,589,340,-1,340,589,590,-1,340,590,591,-1,591,590,592,-1,591,592,581,-1,581,580,591,-1,591,580,593,-1,591,593,340,-1,340,593,594,-1,340,594,348,-1,348,594,595,-1,348,595,355,-1,596,392,597,-1,597,392,247,-1,597,247,2,-1,2,247,3,-1,596,598,392,-1,392,598,599,-1,392,599,600,-1,600,601,392,-1,392,601,602,-1,392,602,580,-1,580,602,603,-1,580,603,593,-1,380,604,605,-1,606,607,443,-1,443,607,608,-1,443,608,609,-1,610,611,239,-1,239,611,612,-1,612,613,239,-1,239,613,614,-1,239,614,615,-1,616,617,383,-1,383,617,618,-1,383,618,619,-1,619,610,383,-1,383,610,239,-1,383,239,385,-1,385,239,238,-1,385,238,420,-1,420,238,620,-1,615,621,443,-1,443,621,622,-1,443,622,606,-1,605,623,380,-1,380,623,624,-1,380,624,625,-1,625,626,380,-1,380,626,627,-1,380,627,383,-1,383,627,628,-1,383,628,616,-1,418,406,369,-1,369,406,408,-1,369,408,371,-1,371,408,511,-1,371,511,373,-1,373,511,484,-1,373,484,375,-1,375,484,462,-1,375,462,377,-1,377,462,435,-1,377,435,380,-1,380,435,443,-1,380,443,604,-1,604,443,609,-1,428,629,429,-1,429,629,630,-1,429,630,631,-1,631,630,241,-1,631,241,240,-1,240,241,243,-1,240,243,238,-1,238,243,419,-1,238,419,620,-1,615,443,239,-1,239,443,449,-1,239,449,240,-1,240,449,457,-1,240,457,631,-1,631,457,307,-1,631,307,429,-1,429,307,305,-1,429,305,427,-1,632,633,634,-1,634,633,635,-1,632,634,636,-1,636,634,637,-1,
        ]
    }
}
Shape{
    appearance Appearance {
        material  Material 	{
            diffuseColor 0.7529411764705882 0.7529411764705882 0.7529411764705882
            specularColor 0.3764705882352941 0.3764705882352941 0.3764705882352941
            ambientIntensity 0.2
            transparency 0
            shininess 0.5
        }
    }
    geometry IndexedFaceSet {
        ccw TRUE
        solid FALSE
        coord DEF co Coordinate {
            point [
                9.3602 5.3937 -1.9496, 9.3602 5.3937 -1.8511, 9.1831 5.3937 -1.9496, 9.1791 5.3937 -1.8511, 9.1791 5.3937 -1.9496, 9.1791 5.3937 -1.9496
            ]
        }
        coordIndex [
            0,1,2,-1,2,1,3,-1,2,3,4,-1,
        ]
    }
}
Shape{
    appearance Appearance {
        material  Material 	{
            diffuseColor 0.25098039215686274 0.25098039215686274 0.25098039215686274
            specularColor 0.12549019607843137 0.12549019607843137 0.12549019607843137
            ambientIntensity 0.2
            transparency 0
            shininess 0.5
        }
    }
    geometry IndexedFaceSet {
        ccw TRUE
        solid FALSE
        coord DEF co Coordinate {
            point [
                9.5177 5.7087 -2.0047, 9.6319 5.7087 -2.0047, 9.5177 5.6693 -2.044, 9.5925 5.6693 -2.044, 9.5925 5.6693 -2.044
            ]
        }
        coordIndex [
            0,1,2,-1,2,1,3,-1,
        ]
    }
}
Shape{
    appearance Appearance {
        material  Material 	{
            diffuseColor 0.7529411764705882 0.7529411764705882 0.7529411764705882
            specularColor 0.3764705882352941 0.3764705882352941 0.3764705882352941
            ambientIntensity 0.2
            transparency 0
            shininess 0.5
        }
    }
    geometry IndexedFaceSet {
        ccw TRUE
        solid FALSE
        coord DEF co Coordinate {
            point [
                9.5571 5.1181 -2.107, 9.5571 5.1181 -2.044, 9.5925 5.1181 -2.107, 9.5925 5.1181 -2.044, 9.376 5.0404 -2.0993, 9.502 5.0404 -2.0993, 9.376 4.9278 -2.0766, 9.502 4.9278 -2.0766, 9.3823 4.1854 -1.9272, 9.4956 4.1854 -1.9272, 9.4956 4.1854 -1.9272
            ]
        }
        coordIndex [
            0,1,2,-1,2,1,3,-1,4,5,6,-1,6,5,7,-1,6,7,8,-1,8,7,9,-1,
        ]
    }
}
Shape{
    appearance Appearance {
        material  Material 	{
            diffuseColor 0.25098039215686274 0.25098039215686274 0.25098039215686274
            specularColor 0.12549019607843137 0.12549019607843137 0.12549019607843137
            ambientIntensity 0.2
            transparency 0
            shininess 0.5
        }
    }
    geometry IndexedFaceSet {
        ccw TRUE
        solid FALSE
        coord DEF co Coordinate {
            point [
                9.3209 5.1181 -2.107, 9.3209 5.1181 -2.2251, 9.376 5.1181 -2.107, 9.3996 5.1181 -2.2251, 9.502 5.1181 -2.107, 9.5571 5.1181 -2.2251, 9.5571 5.1181 -2.107, 9.3209 4.685 -2.2251, 9.3209 5.1181 -2.044, 9.3209 5.1181 -1.9496, 9.3209 3.8189 -2.2251, 9.3209 3.248 -1.9496, 9.3209 3.248 -2.2251, 9.3209 3.248 -2.2251
            ]
        }
        coordIndex [
            0,1,2,-1,2,1,3,-1,2,3,4,-1,4,3,5,-1,4,5,6,-1,7,1,0,-1,0,8,7,-1,7,8,9,-1,7,9,10,-1,10,9,11,-1,10,11,12,-1,
        ]
    }
}
Shape{
    appearance Appearance {
        material  Material 	{
            diffuseColor 0.7529411764705882 0.7529411764705882 0.7529411764705882
            specularColor 0.3764705882352941 0.3764705882352941 0.3764705882352941
            ambientIntensity 0.2
            transparency 0
            shininess 0.5
        }
    }
    geometry IndexedFaceSet {
        ccw TRUE
        solid FALSE
        coord DEF co Coordinate {
            point [
                9.3209 5.1181 -2.044, 9.3602 5.1181 -2.044, 9.3209 5.1181 -1.9496, 9.3602 5.1181 -1.9496, 9.3602 5.1181 -1.9496
            ]
        }
        coordIndex [
            0,1,2,-1,2,1,3,-1,
        ]
    }
}
Shape{
    appearance Appearance {
        material  Material 	{
            diffuseColor 0.25098039215686274 0.25098039215686274 0.25098039215686274
            specularColor 0.12549019607843137 0.12549019607843137 0.12549019607843137
            ambientIntensity 0.2
            transparency 0
            shininess 0.5
        }
    }
    geometry IndexedFaceSet {
        ccw TRUE
        solid FALSE
        coord DEF co Coordinate {
            point [
                9.3602 5.3937 -1.9496, 9.3602 5.1181 -1.9496, 9.3602 5.1181 -2.044, 9.3602 5.6693 -2.044, 9.3602 5.7087 -2.0047, 9.3602 5.3937 -1.8511, 9.3602 5.7087 -1.7291, 9.3602 5.3937 -1.7291, 9.2461 5.7087 -2.0047, 9.2854 5.6693 -2.044, 9.2854 5.6693 -2.044
            ]
        }
        coordIndex [
            0,1,2,-1,2,3,0,-1,0,3,4,-1,0,4,5,-1,5,4,6,-1,5,6,7,-1,8,4,9,-1,9,4,3,-1,
        ]
    }
}
Shape{
    appearance Appearance {
        material  Material 	{
            diffuseColor 0.7529411764705882 0.7529411764705882 0.7529411764705882
            specularColor 0.3764705882352941 0.3764705882352941 0.3764705882352941
            ambientIntensity 0.2
            transparency 0
            shininess 0.5
        }
    }
    geometry IndexedFaceSet {
        ccw TRUE
        solid FALSE
        coord DEF co Coordinate {
            point [
                9.4587 5.9843 -2.1858, 9.4587 5.9843 -2.2448, 9.4193 5.9843 -2.1858, 9.4193 5.9843 -2.2448, 9.4193 5.9843 -2.2448
            ]
        }
        coordIndex [
            0,1,2,-1,2,1,3,-1,
        ]
    }
}
Shape{
    appearance Appearance {
        material  Material 	{
            diffuseColor 0.25098039215686274 0.25098039215686274 0.25098039215686274
            specularColor 0.12549019607843137 0.12549019607843137 0.12549019607843137
            ambientIntensity 0.2
            transparency 0
            shininess 0.5
        }
    }
    geometry IndexedFaceSet {
        ccw TRUE
        solid FALSE
        coord DEF co Coordinate {
            point [
                9.6319 5.7087 -2.0047, 9.6319 5.7087 -2.1464, 9.5925 5.6693 -2.044, 9.5925 5.6693 -2.107, 9.5925 5.6693 -2.107
            ]
        }
        coordIndex [
            0,1,2,-1,2,1,3,-1,
        ]
    }
}
Shape{
    appearance Appearance {
        material  Material 	{
            diffuseColor 0.7529411764705882 0.7529411764705882 0.7529411764705882
            specularColor 0.3764705882352941 0.3764705882352941 0.3764705882352941
            ambientIntensity 0.2
            transparency 0
            shininess 0.5
        }
    }
    geometry IndexedFaceSet {
        ccw TRUE
        solid FALSE
        coord DEF co Coordinate {
            point [
                9.4193 5.9843 -2.1858, 9.4193 5.9843 -2.2448, 9.4091 5.9829 -2.2448, 9.4091 5.9829 -2.1858, 9.3996 5.979 -2.2448, 9.3996 5.979 -2.1858, 9.3915 5.9727 -2.2448, 9.3915 5.9727 -2.1858, 9.3852 5.9646 -2.2448, 9.3852 5.9646 -2.1858, 9.3813 5.9551 -2.2448, 9.3813 5.9551 -2.1858, 9.3799 5.9449 -2.2448, 9.3799 5.9449 -2.1858, 9.3799 5.7087 -2.0598, 9.3799 5.7079 -2.096, 9.2972 5.7087 -2.0598, 9.2972 5.7087 -2.0952, 9.5807 5.4331 -2.107, 9.5925 5.4035 -2.107, 9.5807 5.5315 -2.107, 9.5925 5.561 -2.107, 9.5807 5.315 -2.107, 9.4902 5.1575 -2.107, 9.502 5.1575 -2.107, 9.5925 5.1181 -2.107, 9.5925 5.3839 -2.107, 9.5807 5.3543 -2.107, 9.502 5.1181 -2.107, 9.5571 5.1181 -2.107, 9.376 5.0404 -2.0993, 9.376 5.1181 -2.107, 9.502 5.0404 -2.0993, 9.376 5.1575 -2.107, 9.3878 5.1575 -2.107, 9.2972 5.315 -2.107, 9.2972 5.3543 -2.107, 9.2854 5.3839 -2.107, 9.3209 5.1181 -2.107, 9.2854 5.1181 -2.107, 9.3209 5.1181 -2.044, 9.2854 5.1181 -2.044, 9.2854 5.6693 -2.044, 9.3602 5.6693 -2.044, 9.3602 5.1181 -2.044, 9.3602 5.1181 -2.044
            ]
        }
        coordIndex [
            0,1,2,-1,0,2,3,-1,3,2,4,-1,3,4,5,-1,5,4,6,-1,5,6,7,-1,7,6,8,-1,7,8,9,-1,9,8,10,-1,9,10,11,-1,11,10,12,-1,11,12,13,-1,14,15,16,-1,16,15,17,-1,18,19,20,-1,20,19,21,-1,22,23,24,-1,25,26,22,-1,22,26,27,-1,24,28,22,-1,22,28,29,-1,22,29,25,-1,30,31,32,-1,32,31,28,-1,33,34,35,-1,35,36,37,-1,31,33,38,-1,38,33,35,-1,38,35,39,-1,39,35,37,-1,40,38,41,-1,41,38,39,-1,41,42,40,-1,40,42,43,-1,40,43,44,-1,
        ]
    }
}
Shape{
    appearance Appearance {
        material  Material 	{
            diffuseColor 0.25098039215686274 0.25098039215686274 0.25098039215686274
            specularColor 0.12549019607843137 0.12549019607843137 0.12549019607843137
            ambientIntensity 0.2
            transparency 0
            shininess 0.5
        }
    }
    geometry IndexedFaceSet {
        ccw TRUE
        solid FALSE
        coord DEF co Coordinate {
            point [
                9.2461 5.7087 -2.1464, 9.2461 5.7087 -2.0047, 9.2854 5.6693 -2.107, 9.2854 5.6693 -2.044, 9.2972 5.6496 -2.107, 9.2972 5.6693 -2.107, 9.2854 5.6201 -2.107, 9.2854 5.6201 -2.107
            ]
        }
        coordIndex [
            0,1,2,-1,2,1,3,-1,4,5,6,-1,6,5,2,-1,
        ]
    }
}
Shape{
    appearance Appearance {
        material  Material 	{
            diffuseColor 0.7529411764705882 0.7529411764705882 0.7529411764705882
            specularColor 0.3764705882352941 0.3764705882352941 0.3764705882352941
            ambientIntensity 0.2
            transparency 0
            shininess 0.5
        }
    }
    geometry IndexedFaceSet {
        ccw TRUE
        solid FALSE
        coord DEF co Coordinate {
            point [
                9.2972 5.5315 -2.107, 9.2854 5.561 -2.107, 9.2972 5.4331 -2.107, 9.2854 5.4035 -2.107, 9.498 5.9449 -2.1858, 9.498 5.9449 -2.2448, 9.4967 5.9551 -2.2448, 9.4967 5.9551 -2.1858, 9.4928 5.9646 -2.2448, 9.4928 5.9646 -2.1858, 9.4865 5.9727 -2.2448, 9.4865 5.9727 -2.1858, 9.4783 5.979 -2.2448, 9.4783 5.979 -2.1858, 9.4689 5.9829 -2.2448, 9.4689 5.9829 -2.1858, 9.4587 5.9843 -2.2448, 9.4587 5.9843 -2.1858, 9.4091 5.9829 -2.2448, 9.4193 5.9843 -2.2448, 9.3799 5.9449 -2.2448, 9.3852 5.9646 -2.2448, 9.3915 5.9727 -2.2448, 9.3996 5.979 -2.2448, 9.498 5.748 -2.2448, 9.3799 5.748 -2.2448, 9.3813 5.9551 -2.2448, 9.498 5.7306 -2.2429, 9.3799 5.7306 -2.2429, 9.498 5.714 -2.2371, 9.3799 5.714 -2.2371, 9.498 5.6992 -2.2278, 9.3799 5.6992 -2.2278, 9.498 5.6867 -2.2155, 9.3799 5.6867 -2.2155, 9.498 5.6773 -2.2007, 9.3799 5.6773 -2.2007, 9.498 5.6714 -2.1841, 9.3799 5.6714 -2.1841, 9.3799 5.6604 -2.1374, 9.498 5.6604 -2.1374, 9.3799 5.7289 -2.1706, 9.498 5.7289 -2.1706, 9.3799 5.7303 -2.1747, 9.498 5.7303 -2.1747, 9.3799 5.7327 -2.1784, 9.498 5.7327 -2.1784, 9.3799 5.7358 -2.1815, 9.498 5.7358 -2.1815, 9.3799 5.7395 -2.1838, 9.498 5.7395 -2.1838, 9.3799 5.7437 -2.1853, 9.498 5.7437 -2.1853, 9.3799 5.748 -2.1858, 9.498 5.748 -2.1858, 9.4193 5.9843 -2.1858, 9.3799 5.9449 -2.1858, 9.4091 5.9829 -2.1858, 9.3996 5.979 -2.1858, 9.3915 5.9727 -2.1858, 9.3852 5.9646 -2.1858, 9.3813 5.9551 -2.1858, 9.3813 5.9551 -2.1858
            ]
        }
        coordIndex [
            0,1,2,-1,2,1,3,-1,4,5,6,-1,4,6,7,-1,7,6,8,-1,7,8,9,-1,9,8,10,-1,9,10,11,-1,11,10,12,-1,11,12,13,-1,13,12,14,-1,13,14,15,-1,15,14,16,-1,15,16,17,-1,18,19,20,-1,21,22,23,-1,16,24,19,-1,19,24,25,-1,19,25,20,-1,18,20,23,-1,23,20,26,-1,23,26,21,-1,14,6,16,-1,16,6,5,-1,16,5,24,-1,14,12,6,-1,6,12,10,-1,6,10,8,-1,25,24,27,-1,25,27,28,-1,28,27,29,-1,28,29,30,-1,30,29,31,-1,30,31,32,-1,32,31,33,-1,32,33,34,-1,34,33,35,-1,34,35,36,-1,36,35,37,-1,36,37,38,-1,39,38,40,-1,40,38,37,-1,41,42,43,-1,43,42,44,-1,43,44,45,-1,45,44,46,-1,45,46,47,-1,47,46,48,-1,47,48,49,-1,49,48,50,-1,49,50,51,-1,51,50,52,-1,51,52,53,-1,53,52,54,-1,54,17,53,-1,53,17,55,-1,53,55,56,-1,56,55,57,-1,56,57,58,-1,59,60,58,-1,58,60,61,-1,58,61,56,-1,13,7,11,-1,11,7,9,-1,54,4,17,-1,17,4,7,-1,17,7,15,-1,15,7,13,-1,
        ]
    }
}
Shape{
    appearance Appearance {
        material  Material 	{
            diffuseColor 0.25098039215686274 0.25098039215686274 0.25098039215686274
            specularColor 0.12549019607843137 0.12549019607843137 0.12549019607843137
            ambientIntensity 0.2
            transparency 0
            shininess 0.5
        }
    }
    geometry IndexedFaceSet {
        ccw TRUE
        solid FALSE
        coord DEF co Coordinate {
            point [
                9.3602 5.6693 -2.107, 9.3602 5.5906 -2.107, 9.3602 5.7087 -2.1464, 9.3602 5.5906 -2.2251, 9.3602 5.7087 -2.2251, 9.5177 5.5906 -2.107, 9.5177 5.5906 -2.2251, 9.3996 5.5906 -2.2251, 9.5177 5.6693 -2.107, 9.5177 5.7087 -2.1464, 9.5177 5.7087 -2.2251, 9.6319 5.7087 -2.1464, 9.5807 5.6693 -2.107, 9.5925 5.6693 -2.107, 9.5925 5.6693 -2.107
            ]
        }
        coordIndex [
            0,1,2,-1,2,1,3,-1,2,3,4,-1,5,6,1,-1,1,6,7,-1,1,7,3,-1,5,8,6,-1,6,8,9,-1,6,9,10,-1,9,8,11,-1,11,8,12,-1,11,12,13,-1,
        ]
    }
}
Shape{
    appearance Appearance {
        material  Material 	{
            diffuseColor 0.7529411764705882 0.7529411764705882 0.7529411764705882
            specularColor 0.3764705882352941 0.3764705882352941 0.3764705882352941
            ambientIntensity 0.2
            transparency 0
            shininess 0.5
        }
    }
    geometry IndexedFaceSet {
        ccw TRUE
        solid FALSE
        coord DEF co Coordinate {
            point [
                9.3799 5.6604 -2.1374, 9.498 5.6604 -2.1374, 9.3799 5.6574 -2.1291, 9.498 5.6574 -2.1291, 9.3799 5.6527 -2.1217, 9.498 5.6527 -2.1217, 9.3799 5.6465 -2.1155, 9.498 5.6465 -2.1155, 9.3799 5.639 -2.1109, 9.498 5.639 -2.1109, 9.3799 5.6308 -2.108, 9.498 5.6308 -2.108, 9.3799 5.622 -2.107, 9.498 5.622 -2.107, 9.3799 5.6969 -2.107, 9.2972 5.6969 -2.107, 9.3799 5.7079 -2.096, 9.2972 5.7087 -2.0952, 9.2972 5.7087 -2.0952
            ]
        }
        coordIndex [
            0,1,2,-1,2,1,3,-1,2,3,4,-1,4,3,5,-1,4,5,6,-1,6,5,7,-1,6,7,8,-1,8,7,9,-1,8,9,10,-1,10,9,11,-1,10,11,12,-1,12,11,13,-1,14,15,16,-1,16,15,17,-1,
        ]
    }
}
Shape{
    appearance Appearance {
        material  Material 	{
            diffuseColor 0.25098039215686274 0.25098039215686274 0.25098039215686274
            specularColor 0.12549019607843137 0.12549019607843137 0.12549019607843137
            ambientIntensity 0.2
            transparency 0
            shininess 0.5
        }
    }
    geometry IndexedFaceSet {
        ccw TRUE
        solid FALSE
        coord DEF co Coordinate {
            point [
                9.3602 5.6693 -2.107, 9.3602 5.7087 -2.1464, 9.2972 5.6693 -2.107, 9.2461 5.7087 -2.1464, 9.2854 5.6693 -2.107, 9.2854 5.6693 -2.107
            ]
        }
        coordIndex [
            0,1,2,-1,2,1,3,-1,2,3,4,-1,
        ]
    }
}
Shape{
    appearance Appearance {
        material  Material 	{
            diffuseColor 0.7529411764705882 0.7529411764705882 0.7529411764705882
            specularColor 0.3764705882352941 0.3764705882352941 0.3764705882352941
            ambientIntensity 0.2
            transparency 0
            shininess 0.5
        }
    }
    geometry IndexedFaceSet {
        ccw TRUE
        solid FALSE
        coord DEF co Coordinate {
            point [
                9.3799 5.6714 -2.1841, 9.3799 5.6604 -2.1374, 9.3799 5.6969 -2.107, 9.3799 5.6574 -2.1291, 9.3799 5.6527 -2.1217, 9.3799 5.6465 -2.1155, 9.3799 5.7079 -2.096, 9.3799 5.7105 -2.1032, 9.3799 5.7178 -2.1238, 9.3799 5.7289 -2.1706, 9.3799 5.9449 -2.1858, 9.3799 5.9449 -2.2448, 9.3799 5.748 -2.1858, 9.3799 5.748 -2.2448, 9.3799 5.7437 -2.1853, 9.3799 5.7395 -2.1838, 9.3799 5.639 -2.1109, 9.3799 5.6308 -2.108, 9.3799 5.622 -2.107, 9.3799 5.7303 -2.1747, 9.3799 5.7327 -2.1784, 9.3799 5.7358 -2.1815, 9.3799 5.6992 -2.2278, 9.3799 5.6867 -2.2155, 9.3799 5.6773 -2.2007, 9.3799 5.7306 -2.2429, 9.3799 5.714 -2.2371, 9.498 5.7289 -2.1706, 9.498 5.7178 -2.1238, 9.2854 5.6201 -2.107, 9.2854 5.6201 -2.048, 9.2972 5.6496 -2.107, 9.2972 5.6496 -2.048, 9.2972 5.6693 -2.107, 9.2972 5.6969 -2.048, 9.2972 5.7087 -2.0598, 9.2972 5.6969 -2.107, 9.2972 5.7087 -2.0952, 9.3799 5.7087 -2.0598, 9.3799 5.6969 -2.048, 9.3799 5.622 -2.048, 9.3799 5.6438 -2.0504, 9.3799 5.6645 -2.0576, 9.3799 5.6831 -2.0692, 9.3799 5.6987 -2.0847, 9.5807 5.5315 -2.107, 9.5925 5.561 -2.107, 9.5807 5.5315 -2.048, 9.5925 5.561 -2.048, 9.5807 5.4331 -2.107, 9.5807 5.4331 -2.048, 9.5925 5.4035 -2.107, 9.5925 5.4035 -2.048, 9.5807 5.3543 -2.107, 9.5925 5.3839 -2.107, 9.5807 5.3543 -2.048, 9.5925 5.3839 -2.048, 9.5807 5.315 -2.107, 9.5807 5.315 -2.048, 9.4902 5.1575 -2.107, 9.4902 5.1575 -2.048, 9.502 5.1575 -2.107, 9.502 5.1575 -2.048, 9.502 4.9278 -2.0164, 9.502 4.9278 -2.0766, 9.502 5.0521 -2.0414, 9.502 5.0404 -2.0993, 9.502 5.1181 -2.048, 9.502 5.1181 -2.107, 9.376 5.1181 -2.048, 9.376 5.0521 -2.0414, 9.376 5.1575 -2.048, 9.376 5.1575 -2.107, 9.376 5.1181 -2.107, 9.376 5.0404 -2.0993, 9.376 4.9278 -2.0164, 9.376 4.9278 -2.0766, 9.3878 5.1575 -2.107, 9.3878 5.1575 -2.048, 9.2972 5.315 -2.107, 9.2972 5.315 -2.048, 9.2972 5.3543 -2.107, 9.2972 5.3543 -2.048, 9.2854 5.3839 -2.048, 9.2854 5.3839 -2.107, 9.2854 5.3839 -2.107
            ]
        }
        coordIndex [
            0,1,2,-1,1,3,2,-1,2,3,4,-1,2,4,5,-1,6,7,2,-1,2,7,8,-1,2,8,9,-1,10,11,12,-1,12,11,13,-1,12,13,14,-1,14,13,15,-1,5,16,2,-1,2,16,17,-1,2,17,18,-1,19,20,13,-1,13,20,21,-1,13,21,15,-1,22,23,24,-1,9,19,2,-1,2,19,13,-1,2,13,0,-1,0,13,25,-1,0,25,24,-1,24,25,26,-1,24,26,22,-1,9,8,27,-1,27,8,28,-1,29,30,31,-1,31,30,32,-1,33,31,32,-1,32,34,35,-1,33,32,36,-1,36,32,35,-1,36,35,37,-1,38,35,39,-1,39,35,34,-1,39,40,41,-1,41,42,39,-1,39,42,43,-1,39,43,38,-1,38,43,44,-1,38,44,6,-1,45,46,47,-1,47,46,48,-1,49,45,50,-1,50,45,47,-1,51,49,52,-1,52,49,50,-1,53,54,55,-1,55,54,56,-1,57,53,58,-1,58,53,55,-1,59,57,60,-1,60,57,58,-1,61,59,62,-1,62,59,60,-1,63,64,65,-1,65,64,66,-1,65,66,67,-1,67,66,68,-1,67,68,62,-1,62,68,61,-1,67,69,65,-1,65,69,70,-1,71,72,69,-1,69,72,73,-1,69,73,70,-1,70,73,74,-1,70,74,75,-1,75,74,76,-1,77,72,78,-1,78,72,71,-1,79,77,80,-1,80,77,78,-1,81,79,82,-1,82,79,80,-1,83,84,82,-1,82,84,81,-1,
        ]
    }
}
Shape{
    appearance Appearance {
        material  Material 	{
            diffuseColor 0.25098039215686274 0.25098039215686274 0.25098039215686274
            specularColor 0.12549019607843137 0.12549019607843137 0.12549019607843137
            ambientIntensity 0.2
            transparency 0
            shininess 0.5
        }
    }
    geometry IndexedFaceSet {
        ccw TRUE
        solid FALSE
        coord DEF co Coordinate {
            point [
                9.2854 5.4035 -2.107, 9.2854 5.561 -2.107, 9.2854 5.4035 -2.048, 9.2854 5.561 -2.048, 9.2854 5.1181 -2.107, 9.2854 5.3839 -2.107, 9.2854 5.1181 -2.044, 9.2854 5.3839 -2.048, 9.2854 5.6201 -2.107, 9.2854 5.6693 -2.107, 9.2854 5.6201 -2.048, 9.2854 5.6693 -2.044, 9.2854 5.6693 -2.044
            ]
        }
        coordIndex [
            0,1,2,-1,2,1,3,-1,4,5,6,-1,6,5,7,-1,8,9,10,-1,10,9,11,-1,10,11,3,-1,3,11,6,-1,3,6,2,-1,2,6,7,-1,
        ]
    }
}
Shape{
    appearance Appearance {
        material  Material 	{
            diffuseColor 0.7529411764705882 0.7529411764705882 0.7529411764705882
            specularColor 0.3764705882352941 0.3764705882352941 0.3764705882352941
            ambientIntensity 0.2
            transparency 0
            shininess 0.5
        }
    }
    geometry IndexedFaceSet {
        ccw TRUE
        solid FALSE
        coord DEF co Coordinate {
            point [
                9.2854 5.4035 -2.107, 9.2854 5.4035 -2.048, 9.2972 5.4331 -2.107, 9.2972 5.4331 -2.048, 9.2972 5.5315 -2.107, 9.2972 5.5315 -2.048, 9.2854 5.561 -2.048, 9.2854 5.561 -2.107, 9.498 5.7105 -2.1032, 9.498 5.7079 -2.096, 9.498 5.6969 -2.107, 9.498 5.622 -2.107, 9.498 5.6308 -2.108, 9.498 5.7178 -2.1238, 9.498 5.9449 -2.2448, 9.498 5.9449 -2.1858, 9.498 5.748 -2.2448, 9.498 5.748 -2.1858, 9.498 5.7437 -2.1853, 9.498 5.7395 -2.1838, 9.498 5.7358 -2.1815, 9.498 5.7327 -2.1784, 9.498 5.7303 -2.1747, 9.498 5.7289 -2.1706, 9.498 5.639 -2.1109, 9.498 5.6465 -2.1155, 9.498 5.6527 -2.1217, 9.498 5.6773 -2.2007, 9.498 5.6867 -2.2155, 9.498 5.6992 -2.2278, 9.498 5.6574 -2.1291, 9.498 5.6604 -2.1374, 9.498 5.6714 -2.1841, 9.498 5.7306 -2.2429, 9.498 5.714 -2.2371, 9.498 5.714 -2.2371
            ]
        }
        coordIndex [
            0,1,2,-1,2,1,3,-1,4,2,5,-1,5,2,3,-1,6,7,5,-1,5,7,4,-1,8,9,10,-1,10,11,12,-1,8,10,13,-1,14,15,16,-1,16,15,17,-1,17,18,16,-1,16,18,19,-1,16,19,20,-1,20,21,16,-1,16,21,22,-1,16,22,10,-1,10,22,23,-1,10,23,13,-1,12,24,10,-1,10,24,25,-1,10,25,26,-1,27,28,29,-1,26,30,10,-1,10,30,31,-1,10,31,16,-1,16,31,32,-1,16,32,33,-1,33,32,27,-1,33,27,34,-1,34,27,29,-1,
        ]
    }
}
Shape{
    appearance Appearance {
        material  Material 	{
            diffuseColor 0.25098039215686274 0.25098039215686274 0.25098039215686274
            specularColor 0.12549019607843137 0.12549019607843137 0.12549019607843137
            ambientIntensity 0.2
            transparency 0
            shininess 0.5
        }
    }
    geometry IndexedFaceSet {
        ccw TRUE
        solid FALSE
        coord DEF co Coordinate {
            point [
                9.5807 5.6496 -2.107, 9.5925 5.6201 -2.107, 9.5807 5.6693 -2.107, 9.5925 5.6693 -2.107, 9.5925 5.6693 -2.107
            ]
        }
        coordIndex [
            0,1,2,-1,2,1,3,-1,
        ]
    }
}
Shape{
    appearance Appearance {
        material  Material 	{
            diffuseColor 0.7529411764705882 0.7529411764705882 0.7529411764705882
            specularColor 0.3764705882352941 0.3764705882352941 0.3764705882352941
            ambientIntensity 0.2
            transparency 0
            shininess 0.5
        }
    }
    geometry IndexedFaceSet {
        ccw TRUE
        solid FALSE
        coord DEF co Coordinate {
            point [
                9.5925 5.6201 -2.107, 9.5807 5.6496 -2.107, 9.5925 5.6201 -2.048, 9.5807 5.6496 -2.048, 9.5807 5.6496 -2.048
            ]
        }
        coordIndex [
            0,1,2,-1,2,1,3,-1,
        ]
    }
}
Shape{
    appearance Appearance {
        material  Material 	{
            diffuseColor 0.25098039215686274 0.25098039215686274 0.25098039215686274
            specularColor 0.12549019607843137 0.12549019607843137 0.12549019607843137
            ambientIntensity 0.2
            transparency 0
            shininess 0.5
        }
    }
    geometry IndexedFaceSet {
        ccw TRUE
        solid FALSE
        coord DEF co Coordinate {
            point [
                9.2972 5.6693 -2.107, 9.2972 5.6969 -2.107, 9.3602 5.6693 -2.107, 9.3799 5.6969 -2.107, 9.3602 5.5906 -2.107, 9.3799 5.622 -2.107, 9.5177 5.5906 -2.107, 9.498 5.622 -2.107, 9.5177 5.6693 -2.107, 9.498 5.6969 -2.107, 9.5807 5.6693 -2.107, 9.5807 5.6969 -2.107, 9.5807 5.6969 -2.107
            ]
        }
        coordIndex [
            0,1,2,-1,2,1,3,-1,2,3,4,-1,4,3,5,-1,4,5,6,-1,6,5,7,-1,6,7,8,-1,8,7,9,-1,8,9,10,-1,10,9,11,-1,
        ]
    }
}
Shape{
    appearance Appearance {
        material  Material 	{
            diffuseColor 0.7529411764705882 0.7529411764705882 0.7529411764705882
            specularColor 0.3764705882352941 0.3764705882352941 0.3764705882352941
            ambientIntensity 0.2
            transparency 0
            shininess 0.5
        }
    }
    geometry IndexedFaceSet {
        ccw TRUE
        solid FALSE
        coord DEF co Coordinate {
            point [
                9.3799 5.622 -2.048, 9.498 5.622 -2.048, 9.498 5.6438 -2.0504, 9.3799 5.6438 -2.0504, 9.498 5.6645 -2.0576, 9.3799 5.6645 -2.0576, 9.498 5.6831 -2.0692, 9.3799 5.6831 -2.0692, 9.498 5.6987 -2.0847, 9.3799 5.6987 -2.0847, 9.3799 5.7079 -2.096, 9.498 5.7079 -2.096, 9.3799 5.7105 -2.1032, 9.498 5.7105 -2.1032, 9.498 5.7178 -2.1238, 9.3799 5.7178 -2.1238, 9.376 5.1575 -2.048, 9.376 5.1181 -2.048, 9.3878 5.1575 -2.048, 9.502 5.1181 -2.048, 9.5925 5.561 -2.048, 9.5925 5.6201 -2.048, 9.5807 5.6496 -2.048, 9.3799 5.6969 -2.048, 9.2972 5.6969 -2.048, 9.2972 5.6496 -2.048, 9.2854 5.6201 -2.048, 9.2854 5.561 -2.048, 9.2972 5.5315 -2.048, 9.5807 5.5315 -2.048, 9.498 5.6969 -2.048, 9.5807 5.6969 -2.048, 9.5925 5.3839 -2.048, 9.2972 5.4331 -2.048, 9.5807 5.3543 -2.048, 9.2854 5.4035 -2.048, 9.2854 5.3839 -2.048, 9.2972 5.3543 -2.048, 9.2972 5.315 -2.048, 9.5807 5.315 -2.048, 9.4902 5.1575 -2.048, 9.502 5.1575 -2.048, 9.5807 5.4331 -2.048, 9.5925 5.4035 -2.048, 9.5807 5.6969 -2.107, 9.498 5.6969 -2.107, 9.5807 5.7087 -2.0952, 9.5807 5.6496 -2.107, 9.5807 5.6693 -2.107, 9.5807 5.7087 -2.0598, 9.498 5.7087 -2.0598, 9.498 5.7087 -2.0598
            ]
        }
        coordIndex [
            0,1,2,-1,0,2,3,-1,3,2,4,-1,3,4,5,-1,5,4,6,-1,5,6,7,-1,7,6,8,-1,7,8,9,-1,9,8,10,-1,10,8,11,-1,10,11,12,-1,11,13,12,-1,12,13,14,-1,12,14,15,-1,16,17,18,-1,18,17,19,-1,20,21,22,-1,23,24,0,-1,0,24,25,-1,25,26,0,-1,0,26,27,-1,0,27,28,-1,29,20,1,-1,1,20,22,-1,1,22,30,-1,30,22,31,-1,32,33,34,-1,34,33,35,-1,34,35,36,-1,36,37,34,-1,34,37,38,-1,34,38,39,-1,39,38,18,-1,39,18,40,-1,40,18,19,-1,40,19,41,-1,1,0,29,-1,29,0,28,-1,29,28,42,-1,42,28,33,-1,42,33,43,-1,43,33,32,-1,44,45,46,-1,46,45,11,-1,22,47,48,-1,49,31,46,-1,46,31,22,-1,46,22,44,-1,44,22,48,-1,49,50,31,-1,31,50,30,-1,6,4,30,-1,30,4,2,-1,30,2,1,-1,6,30,8,-1,8,30,50,-1,8,50,11,-1,46,11,49,-1,49,11,50,-1,
        ]
    }
}
Shape{
    appearance Appearance {
        material  Material 	{
            diffuseColor 0.25098039215686274 0.25098039215686274 0.25098039215686274
            specularColor 0.12549019607843137 0.12549019607843137 0.12549019607843137
            ambientIntensity 0.2
            transparency 0
            shininess 0.5
        }
    }
    geometry IndexedFaceSet {
        ccw TRUE
        solid FALSE
        coord DEF co Coordinate {
            point [
                14.1909 1.3183 -2.0952, 14.1909 0.8465 -2.0952, 14.1909 0.8465 -1.859, 14.1909 2.8346 -1.859, 14.1909 2.8346 -2.0559, 14.1909 2.2546 -2.0559, 14.1909 1.3584 -2.0911, 14.1909 2.2546 -1.9968, 14.1909 1.8313 -1.9968, 14.1909 1.7912 -2.0009, 14.1909 1.7912 -2.0009
            ]
        }
        coordIndex [
            0,1,2,-1,3,4,5,-1,0,2,6,-1,5,7,3,-1,3,7,8,-1,3,8,2,-1,2,8,9,-1,2,9,6,-1,
        ]
    }
}
Shape{
    appearance Appearance {
        material  Material 	{
            diffuseColor 1.0 1.0 1.0
            specularColor 0.8784313725490196 0.8784313725490196 0.8784313725490196
            ambientIntensity 0.2
            transparency 0
            shininess 0.5
        }
    }
    geometry IndexedFaceSet {
        ccw TRUE
        solid FALSE
        coord DEF co Coordinate {
            point [
                9.3826 4.1605 -1.8511, 9.3832 4.0846 -1.8511, 9.3868 4.1605 -1.8511, 9.3868 4.0846 -1.8511, 9.0453 4.3928 -1.733, 9.0453 4.3928 -1.8511, 9.0453 4.4488 -1.733, 9.0453 4.4716 -1.8511, 9.0453 4.4716 -1.7298, 9.0453 4.4716 -1.7298
            ]
        }
        coordIndex [
            0,1,2,-1,2,1,3,-1,4,5,6,-1,6,5,7,-1,6,7,8,-1,
        ]
    }
}
Shape{
    appearance Appearance {
        material  Material 	{
            diffuseColor 0.25098039215686274 0.25098039215686274 0.25098039215686274
            specularColor 0.12549019607843137 0.12549019607843137 0.12549019607843137
            ambientIntensity 0.2
            transparency 0
            shininess 0.5
        }
    }
    geometry IndexedFaceSet {
        ccw TRUE
        solid FALSE
        coord DEF co Coordinate {
            point [
                9.0453 4.7244 -1.8511, 9.15 4.7244 -1.8511, 13.376 4.7244 -1.8175, 13.1581 4.7244 -1.8511, 13.376 4.7244 -1.8511, 9.0449 4.7242 -1.6937, 13.376 4.7244 -1.5755, 9.0453 4.7244 -1.5755, 9.0453 4.7244 -1.5755
            ]
        }
        coordIndex [
            0,1,2,-1,2,1,3,-1,2,3,4,-1,0,2,5,-1,5,2,6,-1,5,6,7,-1,
        ]
    }
}
Shape{
    appearance Appearance {
        material  Material 	{
            diffuseColor 1.0 1.0 1.0
            specularColor 0.8784313725490196 0.8784313725490196 0.8784313725490196
            ambientIntensity 0.2
            transparency 0
            shininess 0.5
        }
    }
    geometry IndexedFaceSet {
        ccw TRUE
        solid FALSE
        coord DEF co Coordinate {
            point [
                13.3728 4.6312 -1.8511, 13.376 4.6338 -1.8511, 13.376 4.7244 -1.8511, 13.2145 4.6123 -1.8508, 13.2165 4.612 -1.8508, 13.1581 4.7244 -1.8511, 13.1581 4.685 -1.8511, 13.1585 4.678 -1.8511, 13.1586 4.6766 -1.8512, 13.16 4.6708 -1.8512, 13.1618 4.6634 -1.8512, 13.1627 4.6595 -1.8513, 13.1645 4.6562 -1.8512, 13.1682 4.6491 -1.8512, 13.1711 4.6435 -1.8512, 13.1781 4.6357 -1.8512, 13.1793 4.6344 -1.8512, 13.1838 4.6294 -1.8511, 13.1839 4.6292 -1.8511, 13.2375 4.6081 -1.851, 13.2383 4.6079 -1.851, 13.2432 4.607 -1.851, 13.1937 4.6219 -1.8511, 13.199 4.6195 -1.851, 13.2611 4.6066 -1.8511, 13.2772 4.6063 -1.8511, 13.2925 4.6064 -1.8511, 13.3382 4.6118 -1.8511, 13.33 4.6095 -1.8511, 13.3174 4.6083 -1.8511, 13.3435 4.6132 -1.8511, 13.3474 4.6151 -1.8511, 13.3558 4.6191 -1.8511, 13.2981 4.6064 -1.8511, 13.3139 4.6079 -1.8511, 13.3608 4.6215 -1.8511, 13.3706 4.6294 -1.8511, 13.376 4.685 -1.8175, 13.376 4.7244 -1.8175, 13.376 4.6352 -1.8489, 13.376 4.635 -1.8492, 13.376 4.6394 -1.8423, 13.376 4.6418 -1.8396, 13.376 4.6497 -1.8311, 13.376 4.6559 -1.8268, 13.376 4.6607 -1.8235, 13.376 4.6633 -1.8225, 13.376 4.6728 -1.8189, 13.376 4.6779 -1.8183, 9.0453 4.7244 -1.8511, 9.0453 4.7231 -1.8511, 9.15 4.7244 -1.8511, 9.1223 4.6719 -1.8511, 9.0453 4.4716 -1.8511, 9.0453 4.3928 -1.8511, 9.1309 4.5473 -1.8511, 9.17 4.5031 -1.8511, 9.1396 4.5564 -1.8511, 9.1853 4.5189 -1.8511, 9.1502 4.5731 -1.8511, 9.2037 4.5483 -1.8511, 9.1562 4.592 -1.8511, 9.2142 4.5812 -1.8511, 9.1573 4.6117 -1.8511, 9.2162 4.6158 -1.8511, 9.1535 4.6311 -1.8511, 9.2095 4.6497 -1.8511, 9.1449 4.6489 -1.8511, 9.1946 4.6809 -1.8511, 9.1322 4.6641 -1.8511, 9.1723 4.7074 -1.8511, 9.155 4.7211 -1.8511, 9.0449 4.7242 -1.6937, 12.4138 4.1605 -1.8511, 12.4147 4.0846 -1.8511, 12.4183 4.1605 -1.8511, 12.4183 4.0846 -1.8511, 11.9804 4.2786 -1.8511, 11.9814 4.2028 -1.8511, 12.0943 4.2786 -1.8511, 12.0934 4.2028 -1.8511, 11.5522 4.1605 -1.8511, 11.5477 4.1605 -1.8511, 11.5522 4.0846 -1.8511, 11.5486 4.0846 -1.8511, 11.2278 4.0424 -1.8511, 11.1146 4.0424 -1.8511, 11.2276 4.0336 -1.8511, 11.1149 4.0346 -1.8511, 10.686 4.1605 -1.8511, 10.6815 4.1605 -1.8511, 10.686 4.0846 -1.8511, 10.6824 4.0846 -1.8511, 10.2493 3.9675 -1.8511, 10.2494 3.9665 -1.8511, 10.3609 3.9665 -1.8511, 9.8199 4.1605 -1.8511, 9.8154 4.1605 -1.8511, 9.8199 4.0846 -1.8511, 9.8163 4.0846 -1.8511, 13.1594 0.5586 -1.8511, 13.1594 0.3993 -1.8511, 13.3563 0.5586 -1.8511, 13.3563 0.3993 -1.8511, 13.376 1.6929 -1.674, 13.376 1.6929 -1.8511, 13.376 1.4764 -1.8511, 13.376 3.1496 -1.6425, 13.376 3.1496 -1.674, 13.376 3.1102 -1.6031, 13.376 1.4764 -1.6031, 13.1988 1.4764 -1.8511, 13.1461 1.4808 -1.8511, 12.9232 3.1496 -1.8511, 12.8839 3.1102 -1.8511, 12.8839 1.7913 -1.8511, 13.0286 1.6929 -1.8511, 13.0286 3.1496 -1.8511, 12.8883 1.7386 -1.8511, 12.9106 1.6643 -1.8511, 12.9504 1.5977 -1.8511, 13.0052 1.5429 -1.8511, 13.0718 1.5031 -1.8511, 11.5522 4.1605 -1.8137, 11.6565 4.1605 -1.8511, 11.6565 4.1605 -1.8137, 11.5522 3.9009 -1.8011, 11.6565 3.9009 -1.8011, 11.6565 4.0846 -1.8511, 11.5522 3.7654 -1.8511, 11.6565 3.7654 -1.8511, 11.5522 3.9009 -1.7532, 11.5522 3.6591 -1.8511, 11.6565 3.9009 -1.7532, 11.6565 3.6591 -1.8511, 11.5522 3.6647 -1.8511, 11.6565 3.6647 -1.8511, 11.6574 3.7654 -1.8511, 11.6574 3.7654 -1.8511
            ]
        }
        coordIndex [
            0,1,2,-1,3,4,2,-1,2,5,6,-1,6,7,2,-1,2,7,8,-1,2,8,9,-1,9,10,2,-1,2,10,11,-1,2,11,12,-1,12,13,2,-1,2,13,14,-1,2,14,15,-1,15,16,2,-1,2,16,17,-1,2,17,18,-1,4,19,2,-1,2,19,20,-1,2,20,21,-1,18,22,2,-1,2,22,23,-1,2,23,3,-1,21,24,2,-1,2,24,25,-1,2,25,26,-1,27,2,28,-1,28,2,29,-1,27,30,2,-1,2,30,31,-1,2,31,32,-1,26,33,2,-1,2,33,34,-1,2,34,29,-1,32,35,2,-1,2,35,36,-1,2,36,0,-1,37,38,2,-1,39,2,40,-1,40,2,1,-1,39,41,2,-1,2,41,42,-1,2,42,43,-1,43,44,2,-1,2,44,45,-1,2,45,46,-1,46,47,2,-1,2,47,48,-1,2,48,37,-1,49,50,51,-1,51,50,52,-1,53,54,55,-1,55,54,56,-1,55,56,57,-1,57,56,58,-1,57,58,59,-1,59,58,60,-1,59,60,61,-1,61,60,62,-1,61,62,63,-1,63,62,64,-1,63,64,65,-1,65,64,66,-1,65,66,67,-1,67,66,68,-1,67,68,69,-1,69,68,70,-1,69,70,52,-1,52,70,71,-1,52,71,51,-1,49,72,50,-1,73,74,75,-1,75,74,76,-1,77,78,79,-1,79,78,80,-1,81,82,83,-1,83,82,84,-1,85,86,87,-1,87,86,88,-1,89,90,91,-1,91,90,92,-1,93,94,95,-1,96,97,98,-1,98,97,99,-1,100,101,102,-1,102,101,103,-1,104,105,106,-1,107,108,109,-1,109,108,104,-1,109,104,110,-1,110,104,106,-1,111,106,105,-1,111,105,112,-1,113,114,115,-1,116,117,113,-1,113,115,116,-1,116,115,118,-1,116,118,119,-1,119,120,116,-1,116,120,121,-1,116,121,105,-1,105,121,122,-1,105,122,112,-1,81,123,124,-1,124,123,125,-1,126,83,127,-1,127,83,128,-1,129,126,130,-1,130,126,127,-1,131,132,133,-1,133,132,134,-1,123,131,125,-1,125,131,133,-1,126,131,83,-1,83,131,123,-1,83,123,81,-1,126,129,131,-1,131,129,135,-1,131,135,132,-1,136,130,127,-1,134,136,133,-1,133,136,127,-1,133,127,125,-1,125,127,128,-1,125,128,124,-1,130,136,137,-1,
        ]
    }
}
Shape{
    appearance Appearance {
        material  Material 	{
            diffuseColor 0.7529411764705882 0.7529411764705882 0.7529411764705882
            specularColor 0.3764705882352941 0.3764705882352941 0.3764705882352941
            ambientIntensity 0.2
            transparency 0
            shininess 0.5
        }
    }
    geometry IndexedFaceSet {
        ccw TRUE
        solid FALSE
        coord DEF co Coordinate {
            point [
                11.5535 3.5769 -1.906, 11.5529 3.5824 -1.9024, 11.5526 3.6152 -1.9515, 11.5532 3.6097 -1.9551, 11.5561 3.602 -1.9603, 11.5563 3.5692 -1.9112, 11.5611 3.5951 -1.9649, 11.5614 3.5623 -1.9158, 11.568 3.5895 -1.9687, 11.5683 3.5567 -1.9196, 11.5764 3.5854 -1.9715, 11.5767 3.5526 -1.9224, 11.5857 3.5832 -1.973, 11.586 3.5504 -1.9239, 11.592 3.5827 -1.9733, 11.5922 3.5499 -1.9241, 11.6167 3.5827 -1.9733, 11.6164 3.5499 -1.9241, 11.6233 3.5832 -1.973, 11.623 3.5503 -1.9237, 11.6325 3.5855 -1.9714, 11.6322 3.5526 -1.9222, 11.6408 3.5896 -1.9687, 11.6405 3.5567 -1.9194, 11.6477 3.5952 -1.9649, 11.6474 3.5623 -1.9156, 11.6526 3.6021 -1.9602, 11.6524 3.5692 -1.911, 11.6555 3.6097 -1.9551, 11.6552 3.5768 -1.9058, 11.6561 3.6152 -1.9515, 11.6558 3.5823 -1.9023, 11.5513 3.7654 -1.8511, 11.5522 3.7654 -1.8511, 11.6565 3.7654 -1.8511, 11.6574 3.7654 -1.8511, 11.5522 3.6591 -1.8511, 11.5522 3.6647 -1.8511, 11.6565 3.6591 -1.8511, 11.6565 3.6647 -1.8511, 11.6565 3.6647 -1.8511
            ]
        }
        coordIndex [
            0,1,2,-1,2,3,0,-1,0,3,4,-1,0,4,5,-1,5,4,6,-1,5,6,7,-1,7,6,8,-1,7,8,9,-1,9,8,10,-1,9,10,11,-1,11,10,12,-1,11,12,13,-1,13,12,14,-1,13,14,15,-1,16,17,14,-1,14,17,15,-1,17,16,18,-1,17,18,19,-1,19,18,20,-1,19,20,21,-1,21,20,22,-1,21,22,23,-1,23,22,24,-1,23,24,25,-1,25,24,26,-1,25,26,27,-1,27,26,28,-1,27,28,29,-1,29,28,30,-1,29,30,31,-1,2,32,33,-1,28,33,30,-1,30,33,34,-1,30,34,35,-1,4,3,12,-1,12,3,2,-1,12,2,14,-1,14,2,33,-1,14,33,16,-1,28,26,33,-1,33,26,24,-1,33,24,22,-1,10,8,12,-1,12,8,6,-1,12,6,4,-1,22,20,33,-1,33,20,18,-1,33,18,16,-1,1,36,2,-1,2,36,37,-1,2,37,32,-1,31,38,36,-1,15,36,1,-1,15,1,13,-1,13,1,0,-1,13,0,5,-1,36,15,31,-1,31,15,17,-1,31,17,29,-1,29,17,19,-1,29,19,27,-1,5,7,13,-1,13,7,9,-1,13,9,11,-1,21,23,19,-1,19,23,25,-1,19,25,27,-1,38,31,39,-1,39,31,30,-1,39,30,35,-1,
        ]
    }
}
Shape{
    appearance Appearance {
        material  Material 	{
            diffuseColor 1.0 1.0 1.0
            specularColor 0.8784313725490196 0.8784313725490196 0.8784313725490196
            ambientIntensity 0.2
            transparency 0
            shininess 0.5
        }
    }
    geometry IndexedFaceSet {
        ccw TRUE
        solid FALSE
        coord DEF co Coordinate {
            point [
                11.5522 3.7654 -1.8511, 11.5513 3.7654 -1.8511, 11.5522 3.6647 -1.8511, 10.686 4.1605 -1.8511, 10.686 4.1605 -1.8137, 10.7904 4.1605 -1.8511, 10.7904 4.1605 -1.8137, 10.686 3.9009 -1.8011, 10.686 4.0846 -1.8511, 10.7904 3.9009 -1.8011, 10.7904 4.0846 -1.8511, 10.686 3.7654 -1.8511, 10.7904 3.7654 -1.8511, 10.686 3.9009 -1.7532, 10.686 3.6591 -1.8511, 10.7904 3.9009 -1.7532, 10.7903 3.6591 -1.8511, 10.686 3.6647 -1.8511, 10.7904 3.6647 -1.8511, 10.7912 3.7654 -1.8511, 10.7912 3.7654 -1.8511
            ]
        }
        coordIndex [
            0,1,2,-1,3,4,5,-1,5,4,6,-1,7,8,9,-1,9,8,10,-1,11,7,12,-1,12,7,9,-1,13,14,15,-1,15,14,16,-1,4,13,6,-1,6,13,15,-1,7,13,8,-1,8,13,4,-1,8,4,3,-1,7,11,13,-1,13,11,17,-1,13,17,14,-1,18,12,9,-1,16,18,15,-1,15,18,9,-1,15,9,6,-1,6,9,10,-1,6,10,5,-1,12,18,19,-1,
        ]
    }
}
Shape{
    appearance Appearance {
        material  Material 	{
            diffuseColor 0.7529411764705882 0.7529411764705882 0.7529411764705882
            specularColor 0.3764705882352941 0.3764705882352941 0.3764705882352941
            ambientIntensity 0.2
            transparency 0
            shininess 0.5
        }
    }
    geometry IndexedFaceSet {
        ccw TRUE
        solid FALSE
        coord DEF co Coordinate {
            point [
                10.6873 3.5769 -1.906, 10.6867 3.5824 -1.9024, 10.6864 3.6152 -1.9515, 10.6871 3.6097 -1.9551, 10.6899 3.602 -1.9603, 10.6902 3.5692 -1.9112, 10.695 3.5951 -1.9649, 10.6952 3.5623 -1.9158, 10.7019 3.5895 -1.9687, 10.7022 3.5567 -1.9196, 10.7103 3.5854 -1.9715, 10.7105 3.5526 -1.9224, 10.7196 3.5832 -1.973, 10.7199 3.5504 -1.9239, 10.7258 3.5827 -1.9733, 10.7261 3.5499 -1.9241, 10.7506 3.5827 -1.9733, 10.7503 3.5499 -1.9241, 10.7571 3.5832 -1.973, 10.7568 3.5503 -1.9237, 10.7664 3.5855 -1.9714, 10.7661 3.5526 -1.9222, 10.7747 3.5896 -1.9687, 10.7744 3.5567 -1.9194, 10.7815 3.5952 -1.9649, 10.7812 3.5623 -1.9156, 10.7865 3.6021 -1.9602, 10.7862 3.5692 -1.911, 10.7893 3.6097 -1.9551, 10.7891 3.5768 -1.9058, 10.7899 3.6152 -1.9515, 10.7896 3.5823 -1.9023, 10.6852 3.7654 -1.8511, 10.686 3.7654 -1.8511, 10.7904 3.7654 -1.8511, 10.7912 3.7654 -1.8511, 10.686 3.6591 -1.8511, 10.686 3.6647 -1.8511, 10.7903 3.6591 -1.8511, 10.7904 3.6647 -1.8511, 10.7904 3.6647 -1.8511
            ]
        }
        coordIndex [
            0,1,2,-1,2,3,0,-1,0,3,4,-1,0,4,5,-1,5,4,6,-1,5,6,7,-1,7,6,8,-1,7,8,9,-1,9,8,10,-1,9,10,11,-1,11,10,12,-1,11,12,13,-1,13,12,14,-1,13,14,15,-1,16,17,14,-1,14,17,15,-1,17,16,18,-1,17,18,19,-1,19,18,20,-1,19,20,21,-1,21,20,22,-1,21,22,23,-1,23,22,24,-1,23,24,25,-1,25,24,26,-1,25,26,27,-1,27,26,28,-1,27,28,29,-1,29,28,30,-1,29,30,31,-1,2,32,33,-1,28,33,30,-1,30,33,34,-1,30,34,35,-1,4,3,12,-1,12,3,2,-1,12,2,14,-1,14,2,33,-1,14,33,16,-1,28,26,33,-1,33,26,24,-1,33,24,22,-1,10,8,12,-1,12,8,6,-1,12,6,4,-1,22,20,33,-1,33,20,18,-1,33,18,16,-1,1,36,2,-1,2,36,37,-1,2,37,32,-1,31,38,36,-1,15,36,1,-1,15,1,13,-1,13,1,0,-1,13,0,5,-1,36,15,31,-1,31,15,17,-1,31,17,29,-1,29,17,19,-1,29,19,27,-1,5,7,13,-1,13,7,9,-1,13,9,11,-1,21,23,19,-1,19,23,25,-1,19,25,27,-1,38,31,39,-1,39,31,30,-1,39,30,35,-1,
        ]
    }
}
Shape{
    appearance Appearance {
        material  Material 	{
            diffuseColor 1.0 1.0 1.0
            specularColor 0.8784313725490196 0.8784313725490196 0.8784313725490196
            ambientIntensity 0.2
            transparency 0
            shininess 0.5
        }
    }
    geometry IndexedFaceSet {
        ccw TRUE
        solid FALSE
        coord DEF co Coordinate {
            point [
                10.686 3.7654 -1.8511, 10.6852 3.7654 -1.8511, 10.686 3.6647 -1.8511, 9.8199 4.1605 -1.8511, 9.8199 4.1605 -1.8137, 9.9242 4.1605 -1.8511, 9.9242 4.1605 -1.8137, 9.8199 3.9009 -1.8011, 9.8199 4.0846 -1.8511, 9.9242 3.9009 -1.8011, 9.9242 4.0846 -1.8511, 9.8199 3.7654 -1.8511, 9.9242 3.7654 -1.8511, 9.8199 3.9009 -1.7532, 9.8199 3.6591 -1.8511, 9.9242 3.9009 -1.7532, 9.9242 3.6591 -1.8511, 9.8199 3.6647 -1.8511, 9.9242 3.6647 -1.8511, 9.9251 3.7654 -1.8511, 9.9251 3.7654 -1.8511
            ]
        }
        coordIndex [
            0,1,2,-1,3,4,5,-1,5,4,6,-1,7,8,9,-1,9,8,10,-1,11,7,12,-1,12,7,9,-1,13,14,15,-1,15,14,16,-1,4,13,6,-1,6,13,15,-1,7,13,8,-1,8,13,4,-1,8,4,3,-1,7,11,13,-1,13,11,17,-1,13,17,14,-1,18,12,9,-1,16,18,15,-1,15,18,9,-1,15,9,6,-1,6,9,10,-1,6,10,5,-1,12,18,19,-1,
        ]
    }
}
Shape{
    appearance Appearance {
        material  Material 	{
            diffuseColor 0.7529411764705882 0.7529411764705882 0.7529411764705882
            specularColor 0.3764705882352941 0.3764705882352941 0.3764705882352941
            ambientIntensity 0.2
            transparency 0
            shininess 0.5
        }
    }
    geometry IndexedFaceSet {
        ccw TRUE
        solid FALSE
        coord DEF co Coordinate {
            point [
                9.8212 3.5769 -1.906, 9.8206 3.5824 -1.9024, 9.8203 3.6152 -1.9515, 9.8209 3.6097 -1.9551, 9.8238 3.602 -1.9603, 9.8241 3.5692 -1.9112, 9.8288 3.5951 -1.9649, 9.8291 3.5623 -1.9158, 9.8357 3.5895 -1.9687, 9.836 3.5567 -1.9196, 9.8441 3.5854 -1.9715, 9.8444 3.5526 -1.9224, 9.8534 3.5832 -1.973, 9.8537 3.5504 -1.9239, 9.8597 3.5827 -1.9733, 9.86 3.5499 -1.9241, 9.8844 3.5827 -1.9733, 9.8841 3.5499 -1.9241, 9.891 3.5832 -1.973, 9.8907 3.5503 -1.9237, 9.9002 3.5855 -1.9714, 9.8999 3.5526 -1.9222, 9.9085 3.5896 -1.9687, 9.9082 3.5567 -1.9194, 9.9154 3.5952 -1.9649, 9.9151 3.5623 -1.9156, 9.9204 3.6021 -1.9602, 9.9201 3.5692 -1.911, 9.9232 3.6097 -1.9551, 9.9229 3.5768 -1.9058, 9.9238 3.6152 -1.9515, 9.9235 3.5823 -1.9023, 9.819 3.7654 -1.8511, 9.8199 3.7654 -1.8511, 9.9242 3.7654 -1.8511, 9.9251 3.7654 -1.8511, 9.8199 3.6591 -1.8511, 9.8199 3.6647 -1.8511, 9.9242 3.6591 -1.8511, 9.9242 3.6647 -1.8511, 9.9242 3.6647 -1.8511
            ]
        }
        coordIndex [
            0,1,2,-1,2,3,0,-1,0,3,4,-1,0,4,5,-1,5,4,6,-1,5,6,7,-1,7,6,8,-1,7,8,9,-1,9,8,10,-1,9,10,11,-1,11,10,12,-1,11,12,13,-1,13,12,14,-1,13,14,15,-1,16,17,14,-1,14,17,15,-1,17,16,18,-1,17,18,19,-1,19,18,20,-1,19,20,21,-1,21,20,22,-1,21,22,23,-1,23,22,24,-1,23,24,25,-1,25,24,26,-1,25,26,27,-1,27,26,28,-1,27,28,29,-1,29,28,30,-1,29,30,31,-1,2,32,33,-1,28,33,30,-1,30,33,34,-1,30,34,35,-1,4,3,12,-1,12,3,2,-1,12,2,14,-1,14,2,33,-1,14,33,16,-1,28,26,33,-1,33,26,24,-1,33,24,22,-1,10,8,12,-1,12,8,6,-1,12,6,4,-1,22,20,33,-1,33,20,18,-1,33,18,16,-1,1,36,2,-1,2,36,37,-1,2,37,32,-1,31,38,36,-1,15,36,1,-1,15,1,13,-1,13,1,0,-1,13,0,5,-1,36,15,31,-1,31,15,17,-1,31,17,29,-1,29,17,19,-1,29,19,27,-1,5,7,13,-1,13,7,9,-1,13,9,11,-1,21,23,19,-1,19,23,25,-1,19,25,27,-1,38,31,39,-1,39,31,30,-1,39,30,35,-1,
        ]
    }
}
Shape{
    appearance Appearance {
        material  Material 	{
            diffuseColor 1.0 1.0 1.0
            specularColor 0.8784313725490196 0.8784313725490196 0.8784313725490196
            ambientIntensity 0.2
            transparency 0
            shininess 0.5
        }
    }
    geometry IndexedFaceSet {
        ccw TRUE
        solid FALSE
        coord DEF co Coordinate {
            point [
                9.8199 3.7654 -1.8511, 9.819 3.7654 -1.8511, 9.8199 3.6647 -1.8511, 9.8199 3.6647 -1.8511
            ]
        }
        coordIndex [
            0,1,2,-1,
        ]
    }
}
Shape{
    appearance Appearance {
        material  Material 	{
            diffuseColor 0.7529411764705882 0.7529411764705882 0.7529411764705882
            specularColor 0.3764705882352941 0.3764705882352941 0.3764705882352941
            ambientIntensity 0.2
            transparency 0
            shininess 0.5
        }
    }
    geometry IndexedFaceSet {
        ccw TRUE
        solid FALSE
        coord DEF co Coordinate {
            point [
                13.25 -0.0004 -1.5755, 13.25 -0.0004 -1.5165, 13.25 0.0 -1.5755, 13.25 -0.0 -1.5165, 14.3681 0.0 -1.5165, 14.4272 -0.0001 -2.0677, 14.4862 -0.0001 -2.0677, 14.4272 0.0 -1.6346, 14.4862 -0.0001 -1.6346, 14.426 -0.0003 -1.6247, 14.4838 -0.0003 -1.6149, 14.4253 -0.0004 -1.6195, 14.3681 -0.0001 -1.5755, 14.378 -0.0003 -1.5767, 14.3878 -0.0003 -1.5187, 14.3834 -0.0004 -1.5774, 14.3945 -0.0004 -1.5194, 14.4155 -0.0004 -1.5271, 14.3919 -0.0004 -1.5807, 14.422 -0.0004 -1.5295, 14.4068 -0.0004 -1.59, 14.4403 -0.0001 -1.542, 14.4043 -0.0004 -1.5882, 14.3954 -0.0004 -1.582, 14.4826 -0.0004 -1.6057, 14.4779 -0.0001 -1.5911, 14.4219 -0.0004 -1.6109, 14.476 -0.0001 -1.587, 14.42 -0.0004 -1.6061, 14.4716 -0.0001 -1.5776, 14.4145 -0.0001 -1.5984, 14.4606 -0.0003 -1.5625, 14.4126 0.0 -1.5958, 14.4545 -0.0004 -1.5541, 14.4087 -0.0001 -1.5917, 14.4516 -0.0001 -1.5511, 14.446 0.0 -1.5458, 11.9508 0.2755 -1.5165, 11.9508 0.2752 -1.5755, 11.9508 0.2756 -1.5755, 8.6831 0.2755 -2.0677, 8.7421 0.2755 -2.0677, 8.6831 0.2756 -1.6346, 8.7421 0.2755 -1.6346, 8.6853 0.2753 -1.6149, 8.7433 0.2753 -1.6247, 8.686 0.2752 -1.6082, 8.8012 0.2756 -1.5755, 8.8012 0.2755 -1.5165, 8.7913 0.2753 -1.5767, 8.7815 0.2753 -1.5189, 8.7861 0.2752 -1.5774, 8.7565 0.2752 -1.5959, 8.7086 0.2755 -1.5624, 8.7548 0.2752 -1.5984, 8.6961 0.2752 -1.5807, 8.7486 0.2752 -1.6073, 8.6937 0.2752 -1.5872, 8.7473 0.2752 -1.6108, 8.744 0.2752 -1.6193, 8.7723 0.2752 -1.5201, 8.7577 0.2755 -1.5248, 8.7775 0.2752 -1.5808, 8.7536 0.2755 -1.5267, 8.7727 0.2752 -1.5827, 8.7442 0.2755 -1.5311, 8.765 0.2755 -1.5882, 8.7291 0.2753 -1.5421, 8.7624 0.2756 -1.5901, 8.7207 0.2752 -1.5482, 8.7583 0.2755 -1.594, 8.7177 0.2755 -1.5511, 8.7124 0.2756 -1.5567, 14.4862 5.1182 -1.6346, 14.4862 5.1182 -2.0677, 14.4272 5.1182 -2.0677, 14.0531 5.1182 -1.5755, 14.0531 5.1182 -1.5165, 14.3681 5.1182 -1.5755, 14.3681 5.1182 -1.5165, 14.378 5.1184 -1.5766, 14.3878 5.1184 -1.5189, 14.3813 5.1185 -1.5769, 14.4272 5.1181 -1.6346, 14.426 5.1184 -1.6247, 14.484 5.1184 -1.6149, 14.4253 5.1185 -1.6192, 14.4833 5.1185 -1.6082, 14.4221 5.1185 -1.6108, 14.4756 5.1185 -1.5872, 14.4207 5.1185 -1.6072, 14.4732 5.1185 -1.5807, 14.4143 5.1183 -1.5986, 14.4607 5.1183 -1.5624, 14.4106 5.1181 -1.5936, 14.4569 5.1182 -1.5567, 14.397 5.1185 -1.5201, 14.4116 5.1181 -1.5248, 14.3919 5.1185 -1.5807, 14.4157 5.1181 -1.5267, 14.3947 5.1185 -1.5817, 14.4251 5.1181 -1.5311, 14.4044 5.1182 -1.5881, 14.4402 5.1184 -1.5421, 14.4052 5.1182 -1.5886, 14.4486 5.1185 -1.5482, 14.4516 5.1182 -1.5511, 14.4516 5.1182 -1.5511
            ]
        }
        coordIndex [
            0,1,2,-1,2,1,3,-1,4,1,0,-1,5,6,7,-1,7,6,8,-1,7,8,9,-1,9,8,10,-1,9,10,11,-1,0,12,4,-1,4,12,13,-1,4,13,14,-1,14,13,15,-1,14,15,16,-1,16,15,17,-1,17,15,18,-1,17,18,19,-1,20,21,22,-1,22,21,19,-1,22,19,23,-1,23,19,18,-1,10,24,11,-1,11,24,25,-1,11,25,26,-1,26,25,27,-1,26,27,28,-1,28,27,29,-1,28,29,30,-1,30,29,31,-1,30,31,32,-1,32,31,33,-1,32,33,34,-1,34,33,35,-1,34,35,20,-1,20,35,36,-1,20,36,21,-1,37,38,39,-1,40,41,42,-1,42,41,43,-1,42,43,44,-1,44,43,45,-1,44,45,46,-1,38,37,47,-1,47,37,48,-1,47,48,49,-1,49,48,50,-1,49,50,51,-1,52,53,54,-1,54,53,55,-1,54,55,56,-1,56,55,57,-1,56,57,58,-1,58,57,46,-1,58,46,59,-1,59,46,45,-1,50,60,51,-1,51,60,61,-1,51,61,62,-1,62,61,63,-1,62,63,64,-1,64,63,65,-1,64,65,66,-1,66,65,67,-1,66,67,68,-1,68,67,69,-1,68,69,70,-1,70,69,71,-1,70,71,52,-1,52,71,72,-1,52,72,53,-1,73,74,75,-1,76,77,78,-1,78,77,79,-1,78,79,80,-1,80,79,81,-1,80,81,82,-1,75,83,73,-1,73,83,84,-1,73,84,85,-1,85,84,86,-1,85,86,87,-1,87,86,88,-1,87,88,89,-1,89,88,90,-1,89,90,91,-1,91,90,92,-1,91,92,93,-1,93,92,94,-1,93,94,95,-1,81,96,82,-1,82,96,97,-1,82,97,98,-1,98,97,99,-1,98,99,100,-1,100,99,101,-1,100,101,102,-1,102,101,103,-1,102,103,104,-1,104,103,105,-1,104,105,94,-1,94,105,106,-1,94,106,95,-1,
        ]
    }
}
Shape{
    appearance Appearance {
        material  Material 	{
            diffuseColor 0.0 0.0 0.0
            specularColor 0.0 0.0 0.0
            ambientIntensity 0.2
            transparency 0
            shininess 0.5
        }
    }
    geometry IndexedFaceSet {
        ccw TRUE
        solid FALSE
        coord DEF co Coordinate {
            point [
                11.7104 4.9979 -1.5125, 11.7104 4.9766 -1.5125, 11.7104 4.9979 -1.5165, 11.7104 4.9766 -1.5165, 11.636 4.9979 -1.5125, 11.636 4.9979 -1.5165, 11.636 5.1634 -1.5125, 11.636 5.1634 -1.5165, 11.6119 5.1634 -1.5125, 11.6119 5.1634 -1.5165, 11.6119 4.9766 -1.5125, 11.6119 4.9766 -1.5165, 11.8062 4.9734 -1.5125, 11.8062 4.9734 -1.5165, 11.8347 4.9761 -1.5125, 11.8227 4.975 -1.5165, 11.8347 4.9761 -1.5165, 11.8547 4.9827 -1.5165, 11.8547 4.9827 -1.5125, 11.8579 4.9843 -1.5165, 11.8579 4.9843 -1.5125, 11.8579 5.0074 -1.5125, 11.8579 5.0074 -1.5165, 11.8396 4.9992 -1.5165, 11.8396 4.9992 -1.5125, 11.8185 4.9952 -1.5165, 11.8185 4.9952 -1.5125, 11.8097 4.9949 -1.5165, 11.8097 4.9949 -1.5125, 11.7909 4.9972 -1.5165, 11.7909 4.9972 -1.5125, 11.7776 5.0023 -1.5165, 11.7776 5.0023 -1.5125, 11.7653 5.0109 -1.5165, 11.7653 5.0109 -1.5125, 11.7617 5.0146 -1.5165, 11.7617 5.0146 -1.5125, 11.7526 5.0272 -1.5165, 11.7526 5.0272 -1.5125, 11.7465 5.0423 -1.5165, 11.7465 5.0423 -1.5125, 11.7435 5.061 -1.5165, 11.7435 5.061 -1.5125, 11.7433 5.0679 -1.5165, 11.7433 5.0679 -1.5125, 11.7465 5.0938 -1.5165, 11.7465 5.0938 -1.5125, 11.7528 5.1098 -1.5165, 11.7528 5.1098 -1.5125, 11.763 5.124 -1.5165, 11.763 5.124 -1.5125, 11.7757 5.1345 -1.5165, 11.7757 5.1345 -1.5125, 11.7904 5.1413 -1.5165, 11.7904 5.1413 -1.5125, 11.8066 5.1445 -1.5165, 11.8066 5.1445 -1.5125, 11.8139 5.1448 -1.5165, 11.8139 5.1448 -1.5125, 11.8369 5.142 -1.5165, 11.8369 5.142 -1.5125, 11.8558 5.1348 -1.5165, 11.8558 5.1348 -1.5125, 11.8579 5.1337 -1.5165, 11.8579 5.1337 -1.5125, 11.8579 5.1589 -1.5125, 11.8579 5.1589 -1.5165, 11.8136 5.1665 -1.5165, 11.8136 5.1665 -1.5125, 11.8139 5.1665 -1.5125, 11.8383 5.1646 -1.5165, 11.8383 5.1646 -1.5125, 11.8335 5.165 -1.5165, 11.8139 5.1665 -1.5165, 11.8008 5.165 -1.5165, 11.7865 5.1632 -1.5125, 11.7865 5.1632 -1.5165, 11.767 5.1556 -1.5165, 11.767 5.1556 -1.5125, 11.7495 5.1433 -1.5165, 11.7495 5.1433 -1.5125, 11.745 5.139 -1.5165, 11.745 5.139 -1.5125, 11.7315 5.1213 -1.5165, 11.7264 5.1094 -1.5165, 11.7226 5.1006 -1.5125, 11.7315 5.1213 -1.5125, 11.7226 5.1006 -1.5165, 11.7184 5.0762 -1.5165, 11.7184 5.0762 -1.5125, 11.718 5.0664 -1.5165, 11.718 5.0664 -1.5125, 11.7218 5.0358 -1.5165, 11.7264 5.0241 -1.5165, 11.7294 5.0163 -1.5125, 11.7218 5.0358 -1.5125, 11.7294 5.0163 -1.5165, 11.742 4.9989 -1.5165, 11.742 4.9989 -1.5125, 11.7747 4.9781 -1.5165, 11.757 4.9864 -1.5125, 11.757 4.9864 -1.5165, 11.7898 4.975 -1.5165, 11.7949 4.9739 -1.5125, 11.7747 4.9781 -1.5125, 11.7949 4.9739 -1.5165, 11.9958 4.9979 -1.5125, 11.9958 4.9766 -1.5125, 11.9958 4.9979 -1.5165, 11.9958 4.9766 -1.5165, 11.9194 4.9979 -1.5165, 11.9194 4.9979 -1.5125, 11.9699 4.9979 -1.5165, 11.9194 5.0607 -1.5125, 11.9194 5.0607 -1.5165, 11.9862 5.0607 -1.5165, 11.9862 5.0607 -1.5125, 11.9699 5.0607 -1.5165, 11.9862 5.0821 -1.5125, 11.9862 5.0821 -1.5165, 11.9194 5.0821 -1.5165, 11.9194 5.0821 -1.5125, 11.9699 5.0821 -1.5165, 11.9194 5.1419 -1.5125, 11.9194 5.1419 -1.5165, 11.9915 5.1419 -1.5165, 11.9915 5.1419 -1.5125, 11.9699 5.1419 -1.5165, 11.9915 5.1634 -1.5125, 11.9915 5.1634 -1.5165, 11.8953 5.1634 -1.5165, 11.8953 5.1634 -1.5125, 11.9699 5.1634 -1.5165, 11.8953 4.9766 -1.5125, 11.8953 4.9766 -1.5165, 11.9699 4.9766 -1.5165, 12.155 5.0027 -1.5125, 12.1358 5.0154 -1.5125, 12.1357 4.9888 -1.5125, 12.1238 5.007 -1.5125, 12.1144 4.9805 -1.5125, 12.1085 5.001 -1.5125, 12.0825 4.9766 -1.5125, 12.0823 4.9979 -1.5125, 12.0311 4.9766 -1.5125, 12.0552 4.9979 -1.5125, 12.0311 5.1634 -1.5125, 12.0552 5.1419 -1.5125, 12.0844 5.1634 -1.5125, 12.0834 5.1419 -1.5125, 12.1129 5.1602 -1.5125, 12.1075 5.1392 -1.5125, 12.1354 5.152 -1.5125, 12.1237 5.1334 -1.5125, 12.155 5.1386 -1.5125, 12.1373 5.1243 -1.5125, 12.1615 5.1323 -1.5125, 12.1424 5.1193 -1.5125, 12.1731 5.1161 -1.5125, 12.1497 5.1089 -1.5125, 12.18 5.0983 -1.5125, 12.155 5.0953 -1.5125, 12.1832 5.0724 -1.5125, 12.1578 5.0717 -1.5125, 12.1826 5.0605 -1.5125, 12.1572 5.0599 -1.5125, 12.1781 5.0386 -1.5125, 12.1536 5.0428 -1.5125, 12.1689 5.0193 -1.5125, 12.1472 5.0289 -1.5125, 12.1379 5.0173 -1.5125, 12.0825 4.9766 -1.5165, 12.0311 4.9766 -1.5165, 12.155 5.0027 -1.5165, 12.1144 4.9805 -1.5165, 12.1167 4.9814 -1.5165, 12.1357 4.9888 -1.5165, 12.1689 5.0193 -1.5165, 12.1781 5.0386 -1.5165, 12.1826 5.0605 -1.5165, 12.1832 5.0724 -1.5165, 12.18 5.0983 -1.5165, 12.1731 5.1161 -1.5165, 12.1615 5.1323 -1.5165, 12.155 5.1386 -1.5165, 12.1354 5.152 -1.5165, 12.1167 5.1589 -1.5165, 12.1129 5.1602 -1.5165, 12.0844 5.1634 -1.5165, 12.0311 5.1634 -1.5165, 12.0834 5.1419 -1.5165, 12.0552 5.1419 -1.5165, 12.0552 4.9979 -1.5165, 12.0823 4.9979 -1.5165, 12.1379 5.0173 -1.5165, 12.1358 5.0154 -1.5165, 12.1238 5.007 -1.5165, 12.1085 5.001 -1.5165, 12.1578 5.0717 -1.5165, 12.1572 5.0599 -1.5165, 12.1536 5.0428 -1.5165, 12.1472 5.0289 -1.5165, 12.1373 5.1243 -1.5165, 12.1424 5.1193 -1.5165, 12.1497 5.1089 -1.5165, 12.155 5.0953 -1.5165, 12.1075 5.1392 -1.5165, 12.1237 5.1334 -1.5165, 12.1237 5.1334 -1.5165
            ]
        }
        coordIndex [
            0,1,2,-1,2,1,3,-1,4,0,5,-1,5,0,2,-1,6,4,7,-1,7,4,5,-1,8,6,9,-1,9,6,7,-1,10,8,11,-1,11,8,9,-1,1,10,3,-1,3,10,11,-1,6,8,4,-1,4,8,10,-1,4,10,0,-1,0,10,1,-1,12,13,14,-1,14,13,15,-1,15,16,14,-1,14,16,17,-1,14,17,18,-1,18,17,19,-1,18,19,20,-1,21,20,22,-1,22,20,19,-1,21,22,23,-1,21,23,24,-1,24,23,25,-1,24,25,26,-1,26,25,27,-1,26,27,28,-1,28,27,29,-1,28,29,30,-1,30,29,31,-1,30,31,32,-1,32,31,33,-1,32,33,34,-1,34,33,35,-1,34,35,36,-1,36,35,37,-1,36,37,38,-1,38,37,39,-1,38,39,40,-1,40,39,41,-1,40,41,42,-1,42,41,43,-1,42,43,44,-1,44,43,45,-1,44,45,46,-1,46,45,47,-1,46,47,48,-1,48,47,49,-1,48,49,50,-1,50,49,51,-1,50,51,52,-1,52,51,53,-1,52,53,54,-1,54,53,55,-1,54,55,56,-1,56,55,57,-1,56,57,58,-1,58,57,59,-1,58,59,60,-1,60,59,61,-1,60,61,62,-1,62,61,63,-1,62,63,64,-1,65,64,66,-1,66,64,63,-1,67,68,69,-1,65,66,70,-1,65,70,71,-1,71,70,72,-1,71,72,69,-1,69,72,73,-1,69,73,67,-1,68,67,74,-1,68,74,75,-1,74,76,75,-1,75,76,77,-1,75,77,78,-1,78,77,79,-1,78,79,80,-1,80,79,81,-1,80,81,82,-1,82,81,83,-1,84,85,83,-1,83,85,86,-1,83,86,82,-1,84,87,85,-1,85,87,88,-1,85,88,89,-1,89,88,90,-1,89,90,91,-1,91,90,92,-1,93,94,92,-1,92,94,95,-1,92,95,91,-1,93,96,94,-1,94,96,97,-1,94,97,98,-1,99,100,101,-1,101,100,98,-1,101,98,97,-1,102,103,99,-1,99,103,104,-1,99,104,100,-1,102,105,103,-1,103,105,13,-1,103,13,12,-1,62,64,65,-1,52,80,50,-1,50,80,82,-1,50,82,48,-1,48,82,86,-1,48,86,46,-1,62,65,60,-1,60,65,71,-1,60,71,58,-1,58,71,69,-1,58,69,56,-1,56,69,68,-1,56,68,54,-1,54,68,75,-1,54,75,52,-1,52,75,78,-1,52,78,80,-1,91,44,89,-1,89,44,46,-1,89,46,85,-1,85,46,86,-1,20,21,18,-1,18,21,24,-1,18,24,14,-1,14,24,26,-1,14,26,12,-1,12,26,28,-1,12,28,103,-1,103,28,30,-1,103,30,104,-1,104,30,32,-1,104,32,100,-1,100,32,34,-1,100,34,98,-1,98,34,36,-1,98,36,94,-1,94,36,38,-1,94,38,95,-1,95,38,40,-1,95,40,91,-1,91,40,42,-1,91,42,44,-1,106,107,108,-1,108,107,109,-1,110,111,112,-1,112,111,106,-1,112,106,108,-1,113,111,114,-1,114,111,110,-1,115,116,117,-1,117,116,113,-1,117,113,114,-1,118,116,119,-1,119,116,115,-1,120,121,122,-1,122,121,118,-1,122,118,119,-1,123,121,124,-1,124,121,120,-1,125,126,127,-1,127,126,123,-1,127,123,124,-1,128,126,129,-1,129,126,125,-1,130,131,132,-1,132,131,128,-1,132,128,129,-1,133,131,134,-1,134,131,130,-1,109,107,135,-1,135,107,133,-1,135,133,134,-1,133,107,106,-1,106,111,133,-1,133,111,113,-1,133,113,131,-1,126,128,123,-1,123,128,131,-1,123,131,121,-1,121,131,113,-1,121,113,118,-1,118,113,116,-1,136,137,138,-1,138,137,139,-1,138,139,140,-1,140,139,141,-1,140,141,142,-1,142,141,143,-1,142,143,144,-1,144,143,145,-1,144,145,146,-1,146,145,147,-1,146,147,148,-1,148,147,149,-1,148,149,150,-1,150,149,151,-1,150,151,152,-1,152,151,153,-1,152,153,154,-1,154,153,155,-1,154,155,156,-1,156,155,157,-1,156,157,158,-1,158,157,159,-1,158,159,160,-1,160,159,161,-1,160,161,162,-1,162,161,163,-1,162,163,164,-1,164,163,165,-1,164,165,166,-1,166,165,167,-1,166,167,168,-1,168,167,169,-1,168,169,136,-1,136,169,170,-1,136,170,137,-1,142,144,171,-1,171,144,172,-1,173,136,138,-1,142,171,174,-1,142,174,140,-1,140,174,175,-1,140,175,138,-1,138,175,176,-1,138,176,173,-1,136,173,177,-1,136,177,168,-1,168,177,178,-1,168,178,166,-1,166,178,179,-1,166,179,164,-1,164,179,180,-1,164,180,162,-1,162,180,181,-1,162,181,160,-1,160,181,182,-1,160,182,158,-1,158,182,183,-1,158,183,156,-1,156,183,184,-1,156,184,154,-1,154,184,185,-1,186,150,185,-1,185,150,152,-1,185,152,154,-1,186,187,150,-1,150,187,188,-1,150,188,148,-1,146,148,189,-1,189,148,188,-1,144,146,172,-1,172,146,189,-1,149,147,190,-1,190,147,191,-1,147,145,191,-1,191,145,192,-1,145,143,192,-1,192,143,193,-1,170,194,195,-1,170,195,137,-1,137,195,196,-1,137,196,139,-1,139,196,197,-1,139,197,141,-1,141,197,193,-1,141,193,143,-1,163,198,199,-1,163,199,165,-1,165,199,200,-1,165,200,167,-1,167,200,201,-1,167,201,169,-1,169,201,194,-1,169,194,170,-1,155,202,203,-1,155,203,157,-1,157,203,204,-1,157,204,159,-1,159,204,205,-1,159,205,161,-1,161,205,198,-1,161,198,163,-1,149,190,206,-1,149,206,151,-1,151,206,207,-1,151,207,153,-1,153,207,202,-1,153,202,155,-1,
        ]
    }
}
Shape{
    appearance Appearance {
        material  Material 	{
            diffuseColor 0.7529411764705882 0.7529411764705882 0.7529411764705882
            specularColor 0.3764705882352941 0.3764705882352941 0.3764705882352941
            ambientIntensity 0.2
            transparency 0
            shininess 0.5
        }
    }
    geometry IndexedFaceSet {
        ccw TRUE
        solid FALSE
        coord DEF co Coordinate {
            point [
                12.1358 5.0154 -1.5165, 12.1379 5.0173 -1.5165, 12.0834 5.1419 -1.5165, 12.0552 5.1419 -1.5165, 12.0552 4.9979 -1.5165, 12.0823 4.9979 -1.5165, 12.1085 5.001 -1.5165, 12.1238 5.007 -1.5165, 12.1472 5.0289 -1.5165, 12.1536 5.0428 -1.5165, 12.1572 5.0599 -1.5165, 12.1578 5.0717 -1.5165, 12.155 5.0953 -1.5165, 12.1497 5.1089 -1.5165, 12.1424 5.1193 -1.5165, 12.1373 5.1243 -1.5165, 12.1075 5.1392 -1.5165, 12.1237 5.1334 -1.5165, 12.1237 5.1334 -1.5165
            ]
        }
        coordIndex [
            0,1,2,-1,3,4,2,-1,2,4,5,-1,5,6,2,-1,2,6,7,-1,2,7,0,-1,1,8,2,-1,2,8,9,-1,2,9,10,-1,10,11,2,-1,2,11,12,-1,2,12,13,-1,13,14,2,-1,2,14,15,-1,2,15,16,-1,16,15,17,-1,
        ]
    }
}
Shape{
    appearance Appearance {
        material  Material 	{
            diffuseColor 0.0 0.0 0.0
            specularColor 0.0 0.0 0.0
            ambientIntensity 0.2
            transparency 0
            shininess 0.5
        }
    }
    geometry IndexedFaceSet {
        ccw TRUE
        solid FALSE
        coord DEF co Coordinate {
            point [
                12.2458 5.0488 -1.5125, 12.2382 5.0277 -1.5125, 12.3085 5.0488 -1.5125, 12.316 5.0277 -1.5125, 12.2737 5.1264 -1.5125, 12.2647 5.1634 -1.5125, 12.1936 4.9766 -1.5125, 12.2202 4.9766 -1.5125, 12.2754 5.132 -1.5125, 12.2768 5.1395 -1.5125, 12.2905 5.1634 -1.5125, 12.2774 5.1395 -1.5125, 12.2789 5.1316 -1.5125, 12.2803 5.1264 -1.5125, 12.3617 4.9766 -1.5125, 12.335 4.9766 -1.5125, 12.2905 5.1634 -1.5165, 12.3617 4.9766 -1.5165, 12.2647 5.1634 -1.5165, 12.1936 4.9766 -1.5165, 12.2474 5.1179 -1.5165, 12.2202 4.9766 -1.5165, 12.2382 5.0277 -1.5165, 12.316 5.0277 -1.5165, 12.2474 5.0277 -1.5165, 12.335 4.9766 -1.5165, 12.2458 5.0488 -1.5165, 12.3085 5.0488 -1.5165, 12.2803 5.1264 -1.5165, 12.2774 5.1395 -1.5165, 12.2789 5.1316 -1.5165, 12.2768 5.1395 -1.5165, 12.2737 5.1264 -1.5165, 12.2754 5.132 -1.5165, 12.2754 5.132 -1.5165
            ]
        }
        coordIndex [
            0,1,2,-1,2,1,3,-1,4,5,0,-1,0,5,6,-1,0,6,1,-1,1,6,7,-1,4,8,5,-1,5,8,9,-1,5,9,10,-1,10,9,11,-1,10,11,12,-1,12,13,10,-1,10,13,2,-1,10,2,14,-1,14,2,3,-1,14,3,15,-1,10,14,16,-1,16,14,17,-1,5,10,18,-1,18,10,16,-1,19,6,20,-1,20,6,5,-1,20,5,18,-1,7,6,21,-1,21,6,19,-1,1,7,22,-1,22,7,21,-1,23,3,24,-1,24,3,1,-1,24,1,22,-1,15,3,25,-1,25,3,23,-1,14,15,17,-1,17,15,25,-1,0,2,26,-1,26,2,27,-1,2,13,27,-1,27,13,28,-1,11,29,30,-1,11,30,12,-1,12,30,28,-1,12,28,13,-1,11,9,29,-1,29,9,31,-1,4,32,33,-1,4,33,8,-1,8,33,31,-1,8,31,9,-1,4,0,32,-1,32,0,26,-1,
        ]
    }
}
Shape{
    appearance Appearance {
        material  Material 	{
            diffuseColor 0.7529411764705882 0.7529411764705882 0.7529411764705882
            specularColor 0.3764705882352941 0.3764705882352941 0.3764705882352941
            ambientIntensity 0.2
            transparency 0
            shininess 0.5
        }
    }
    geometry IndexedFaceSet {
        ccw TRUE
        solid FALSE
        coord DEF co Coordinate {
            point [
                12.2774 5.1395 -1.5165, 12.2768 5.1395 -1.5165, 12.2789 5.1316 -1.5165, 12.2754 5.132 -1.5165, 12.2803 5.1264 -1.5165, 12.2737 5.1264 -1.5165, 12.3085 5.0488 -1.5165, 12.2458 5.0488 -1.5165, 12.2458 5.0488 -1.5165
            ]
        }
        coordIndex [
            0,1,2,-1,2,1,3,-1,2,3,4,-1,4,3,5,-1,4,5,6,-1,6,5,7,-1,
        ]
    }
}
Shape{
    appearance Appearance {
        material  Material 	{
            diffuseColor 0.0 0.0 0.0
            specularColor 0.0 0.0 0.0
            ambientIntensity 0.2
            transparency 0
            shininess 0.5
        }
    }
    geometry IndexedFaceSet {
        ccw TRUE
        solid FALSE
        coord DEF co Coordinate {
            point [
                11.7123 4.7015 -1.5125, 11.7123 4.6802 -1.5125, 11.7123 4.7015 -1.5165, 11.7123 4.6802 -1.5165, 11.636 4.7015 -1.5125, 11.636 4.7015 -1.5165, 11.636 4.7643 -1.5125, 11.636 4.7643 -1.5165, 11.7028 4.7643 -1.5125, 11.7028 4.7643 -1.5165, 11.7028 4.7857 -1.5125, 11.7028 4.7857 -1.5165, 11.636 4.7857 -1.5125, 11.636 4.7857 -1.5165, 11.636 4.8455 -1.5125, 11.636 4.8455 -1.5165, 11.7081 4.8455 -1.5125, 11.7081 4.8455 -1.5165, 11.7081 4.867 -1.5125, 11.7081 4.867 -1.5165, 11.6119 4.867 -1.5125, 11.6119 4.867 -1.5165, 11.6119 4.6802 -1.5125, 11.6119 4.6802 -1.5165, 11.8186 4.6802 -1.5125, 11.842 4.6802 -1.5125, 11.8186 4.7008 -1.5125, 11.842 4.766 -1.5125, 11.8186 4.765 -1.5125, 11.7675 4.7369 -1.5125, 11.7729 4.7395 -1.5125, 11.7873 4.7429 -1.5125, 11.8186 4.7471 -1.5125, 11.8186 4.7343 -1.5125, 11.8178 4.7752 -1.5125, 11.8396 4.7858 -1.5125, 11.8154 4.7836 -1.5125, 11.8358 4.7958 -1.5125, 11.8126 4.7884 -1.5125, 11.8308 4.803 -1.5125, 11.8091 4.7922 -1.5125, 11.7478 4.8042 -1.5125, 11.7478 4.7815 -1.5125, 11.7525 4.807 -1.5125, 11.764 4.7917 -1.5125, 11.7699 4.8138 -1.5125, 11.7786 4.7964 -1.5125, 11.7937 4.8167 -1.5125, 11.7915 4.7977 -1.5125, 11.7938 4.8167 -1.5125, 11.7995 4.7968 -1.5125, 11.8102 4.8149 -1.5125, 11.8049 4.7949 -1.5125, 11.8195 4.8116 -1.5125, 11.8269 4.8068 -1.5125, 11.8185 4.7328 -1.5125, 11.817 4.7223 -1.5125, 11.8136 4.714 -1.5125, 11.8179 4.7008 -1.5125, 11.8085 4.7071 -1.5125, 11.8144 4.6953 -1.5125, 11.8056 4.7043 -1.5125, 11.807 4.6874 -1.5125, 11.799 4.6998 -1.5125, 11.7985 4.6817 -1.5125, 11.7919 4.6972 -1.5125, 11.789 4.6783 -1.5125, 11.7831 4.6962 -1.5125, 11.7771 4.677 -1.5125, 11.7752 4.6971 -1.5125, 11.7631 4.6786 -1.5125, 11.7699 4.699 -1.5125, 11.7541 4.682 -1.5125, 11.7653 4.7022 -1.5125, 11.7462 4.6875 -1.5125, 11.7633 4.7042 -1.5125, 11.779 4.7594 -1.5125, 11.7596 4.7544 -1.5125, 11.7647 4.7347 -1.5125, 11.7502 4.7492 -1.5125, 11.7619 4.7312 -1.5125, 11.7434 4.7428 -1.5125, 11.7598 4.7269 -1.5125, 11.7386 4.7352 -1.5125, 11.7587 4.7215 -1.5125, 11.7358 4.7266 -1.5125, 11.7585 4.7178 -1.5125, 11.7347 4.7159 -1.5125, 11.7591 4.7124 -1.5125, 11.736 4.7047 -1.5125, 11.7606 4.7082 -1.5125, 11.739 4.6969 -1.5125, 11.7439 4.6898 -1.5125, 11.7937 4.8167 -1.5165, 11.7699 4.8138 -1.5165, 11.7525 4.807 -1.5165, 11.7478 4.8042 -1.5165, 11.7478 4.7815 -1.5165, 11.764 4.7917 -1.5165, 11.7786 4.7964 -1.5165, 11.7915 4.7977 -1.5165, 11.7995 4.7968 -1.5165, 11.8049 4.7949 -1.5165, 11.8091 4.7922 -1.5165, 11.8126 4.7884 -1.5165, 11.8154 4.7836 -1.5165, 11.8178 4.7752 -1.5165, 11.8186 4.765 -1.5165, 11.779 4.7594 -1.5165, 11.7596 4.7544 -1.5165, 11.7502 4.7492 -1.5165, 11.7434 4.7428 -1.5165, 11.7386 4.7352 -1.5165, 11.7358 4.7266 -1.5165, 11.7347 4.7159 -1.5165, 11.736 4.7047 -1.5165, 11.739 4.6969 -1.5165, 11.7439 4.6898 -1.5165, 11.7462 4.6875 -1.5165, 11.7771 4.677 -1.5165, 11.7635 4.6786 -1.5165, 11.7631 4.6786 -1.5165, 11.7541 4.682 -1.5165, 11.789 4.6783 -1.5165, 11.7897 4.6786 -1.5165, 11.7985 4.6817 -1.5165, 11.807 4.6874 -1.5165, 11.8144 4.6953 -1.5165, 11.8179 4.7008 -1.5165, 11.8186 4.7008 -1.5165, 11.8186 4.6802 -1.5165, 11.842 4.6802 -1.5165, 11.842 4.766 -1.5165, 11.8396 4.7858 -1.5165, 11.8358 4.7958 -1.5165, 11.8308 4.803 -1.5165, 11.8269 4.8068 -1.5165, 11.8195 4.8116 -1.5165, 11.8102 4.8149 -1.5165, 11.7938 4.8167 -1.5165, 11.7647 4.7347 -1.5165, 11.7675 4.7369 -1.5165, 11.7729 4.7395 -1.5165, 11.7873 4.7429 -1.5165, 11.7585 4.7178 -1.5165, 11.7587 4.7215 -1.5165, 11.7598 4.7269 -1.5165, 11.7619 4.7312 -1.5165, 11.7653 4.7022 -1.5165, 11.7633 4.7042 -1.5165, 11.7606 4.7082 -1.5165, 11.7591 4.7124 -1.5165, 11.7831 4.6962 -1.5165, 11.7752 4.6971 -1.5165, 11.7699 4.699 -1.5165, 11.8085 4.7071 -1.5165, 11.8056 4.7043 -1.5165, 11.799 4.6998 -1.5165, 11.7919 4.6972 -1.5165, 11.8186 4.7343 -1.5165, 11.8185 4.7328 -1.5165, 11.817 4.7223 -1.5165, 11.8136 4.714 -1.5165, 11.8186 4.7471 -1.5165, 11.8186 4.7471 -1.5165
            ]
        }
        coordIndex [
            0,1,2,-1,2,1,3,-1,4,0,5,-1,5,0,2,-1,6,4,7,-1,7,4,5,-1,8,6,9,-1,9,6,7,-1,10,8,11,-1,11,8,9,-1,12,10,13,-1,13,10,11,-1,14,12,15,-1,15,12,13,-1,16,14,17,-1,17,14,15,-1,18,16,19,-1,19,16,17,-1,20,18,21,-1,21,18,19,-1,22,20,23,-1,23,20,21,-1,1,22,3,-1,3,22,23,-1,22,1,0,-1,0,4,22,-1,22,4,6,-1,22,6,20,-1,16,18,14,-1,14,18,20,-1,14,20,12,-1,12,20,6,-1,12,6,10,-1,10,6,8,-1,24,25,26,-1,26,25,27,-1,28,29,30,-1,31,32,27,-1,27,32,33,-1,30,31,28,-1,28,31,27,-1,28,27,34,-1,34,27,35,-1,34,35,36,-1,36,35,37,-1,36,37,38,-1,38,37,39,-1,38,39,40,-1,41,42,43,-1,43,42,44,-1,43,44,45,-1,45,44,46,-1,45,46,47,-1,47,46,48,-1,47,48,49,-1,49,48,50,-1,49,50,51,-1,51,50,52,-1,51,52,53,-1,53,52,40,-1,53,40,54,-1,54,40,39,-1,33,55,27,-1,27,55,56,-1,27,56,26,-1,26,56,57,-1,26,57,58,-1,58,57,59,-1,58,59,60,-1,60,59,61,-1,60,61,62,-1,62,61,63,-1,62,63,64,-1,64,63,65,-1,64,65,66,-1,66,65,67,-1,66,67,68,-1,68,67,69,-1,68,69,70,-1,70,69,71,-1,70,71,72,-1,72,71,73,-1,72,73,74,-1,74,73,75,-1,28,76,29,-1,29,76,77,-1,29,77,78,-1,78,77,79,-1,78,79,80,-1,80,79,81,-1,80,81,82,-1,82,81,83,-1,82,83,84,-1,84,83,85,-1,84,85,86,-1,86,85,87,-1,86,87,88,-1,88,87,89,-1,88,89,90,-1,90,89,91,-1,90,91,75,-1,75,91,92,-1,75,92,74,-1,47,93,94,-1,47,94,45,-1,45,94,95,-1,45,95,43,-1,43,95,96,-1,43,96,41,-1,42,41,97,-1,97,41,96,-1,42,97,98,-1,42,98,44,-1,44,98,99,-1,44,99,46,-1,46,99,100,-1,46,100,48,-1,48,100,101,-1,48,101,50,-1,50,101,102,-1,50,102,52,-1,52,102,103,-1,52,103,40,-1,40,103,104,-1,40,104,38,-1,38,104,105,-1,38,105,36,-1,36,105,106,-1,36,106,34,-1,34,106,107,-1,34,107,28,-1,76,28,108,-1,108,28,107,-1,76,108,109,-1,76,109,77,-1,77,109,110,-1,77,110,79,-1,79,110,111,-1,79,111,81,-1,81,111,112,-1,81,112,83,-1,83,112,113,-1,83,113,85,-1,85,113,114,-1,85,114,87,-1,87,114,115,-1,87,115,89,-1,89,115,116,-1,89,116,91,-1,91,116,117,-1,91,117,92,-1,92,117,118,-1,92,118,74,-1,119,68,120,-1,120,68,70,-1,120,70,121,-1,121,70,72,-1,121,72,122,-1,122,72,74,-1,122,74,118,-1,68,119,123,-1,68,123,66,-1,66,123,124,-1,66,124,64,-1,124,125,64,-1,64,125,126,-1,64,126,62,-1,62,126,127,-1,62,127,60,-1,60,127,128,-1,60,128,58,-1,26,58,129,-1,129,58,128,-1,24,26,130,-1,130,26,129,-1,25,24,131,-1,131,24,130,-1,27,25,132,-1,132,25,131,-1,27,132,133,-1,27,133,35,-1,35,133,134,-1,35,134,37,-1,37,134,135,-1,37,135,39,-1,39,135,136,-1,39,136,54,-1,54,136,137,-1,54,137,53,-1,53,137,138,-1,53,138,51,-1,51,138,139,-1,51,139,49,-1,49,139,93,-1,49,93,47,-1,78,140,141,-1,78,141,29,-1,29,141,142,-1,29,142,30,-1,30,142,143,-1,30,143,31,-1,86,144,145,-1,86,145,84,-1,84,145,146,-1,84,146,82,-1,82,146,147,-1,82,147,80,-1,80,147,140,-1,80,140,78,-1,73,148,149,-1,73,149,75,-1,75,149,150,-1,75,150,90,-1,90,150,151,-1,90,151,88,-1,88,151,144,-1,88,144,86,-1,67,152,153,-1,67,153,69,-1,69,153,154,-1,69,154,71,-1,71,154,148,-1,71,148,73,-1,59,155,156,-1,59,156,61,-1,61,156,157,-1,61,157,63,-1,63,157,158,-1,63,158,65,-1,65,158,152,-1,65,152,67,-1,33,159,160,-1,33,160,55,-1,55,160,161,-1,55,161,56,-1,56,161,162,-1,56,162,57,-1,57,162,155,-1,57,155,59,-1,33,32,159,-1,159,32,163,-1,32,31,163,-1,163,31,143,-1,
        ]
    }
}
Shape{
    appearance Appearance {
        material  Material 	{
            diffuseColor 0.7529411764705882 0.7529411764705882 0.7529411764705882
            specularColor 0.3764705882352941 0.3764705882352941 0.3764705882352941
            ambientIntensity 0.2
            transparency 0
            shininess 0.5
        }
    }
    geometry IndexedFaceSet {
        ccw TRUE
        solid FALSE
        coord DEF co Coordinate {
            point [
                11.8185 4.7328 -1.5165, 11.8186 4.7343 -1.5165, 11.7647 4.7347 -1.5165, 11.8186 4.7471 -1.5165, 11.7873 4.7429 -1.5165, 11.7729 4.7395 -1.5165, 11.7675 4.7369 -1.5165, 11.817 4.7223 -1.5165, 11.7619 4.7312 -1.5165, 11.8136 4.714 -1.5165, 11.7633 4.7042 -1.5165, 11.7653 4.7022 -1.5165, 11.8056 4.7043 -1.5165, 11.7606 4.7082 -1.5165, 11.799 4.6998 -1.5165, 11.7919 4.6972 -1.5165, 11.7831 4.6962 -1.5165, 11.7598 4.7269 -1.5165, 11.7587 4.7215 -1.5165, 11.8085 4.7071 -1.5165, 11.7585 4.7178 -1.5165, 11.7591 4.7124 -1.5165, 11.7699 4.699 -1.5165, 11.7752 4.6971 -1.5165, 11.7752 4.6971 -1.5165
            ]
        }
        coordIndex [
            0,1,2,-1,1,3,4,-1,4,5,1,-1,1,5,6,-1,1,6,2,-1,0,2,7,-1,7,2,8,-1,7,8,9,-1,10,11,12,-1,10,12,13,-1,14,12,15,-1,15,12,16,-1,8,17,9,-1,9,17,18,-1,9,18,19,-1,19,18,20,-1,19,20,12,-1,12,20,21,-1,12,21,13,-1,11,22,12,-1,12,22,23,-1,12,23,16,-1,
        ]
    }
}
Shape{
    appearance Appearance {
        material  Material 	{
            diffuseColor 0.0 0.0 0.0
            specularColor 0.0 0.0 0.0
            ambientIntensity 0.2
            transparency 0
            shininess 0.5
        }
    }
    geometry IndexedFaceSet {
        ccw TRUE
        solid FALSE
        coord DEF co Coordinate {
            point [
                11.9122 4.6961 -1.5125, 11.9122 4.6961 -1.5165, 11.8967 4.698 -1.5165, 11.8845 4.7028 -1.5165, 11.8821 4.7037 -1.5125, 11.8967 4.698 -1.5125, 11.8821 4.7037 -1.5165, 11.8737 4.709 -1.5165, 11.8737 4.709 -1.5125, 11.8737 4.6848 -1.5125, 11.8737 4.6848 -1.5165, 11.8901 4.6791 -1.5125, 11.8845 4.681 -1.5165, 11.9099 4.677 -1.5165, 11.9099 4.677 -1.5125, 11.8947 4.6786 -1.5165, 11.8901 4.6791 -1.5165, 11.9311 4.6796 -1.5125, 11.9231 4.6786 -1.5165, 11.9311 4.6796 -1.5165, 11.9434 4.6843 -1.5165, 11.9434 4.6843 -1.5125, 11.9487 4.6876 -1.5165, 11.9487 4.6876 -1.5125, 11.9555 4.6935 -1.5165, 11.9555 4.6935 -1.5125, 11.9598 4.6997 -1.5165, 11.9598 4.6997 -1.5125, 11.9627 4.7071 -1.5165, 11.9627 4.7071 -1.5125, 11.9638 4.7165 -1.5165, 11.9638 4.7165 -1.5125, 11.9628 4.7252 -1.5165, 11.9628 4.7252 -1.5125, 11.9603 4.7321 -1.5165, 11.9603 4.7321 -1.5125, 11.956 4.7385 -1.5165, 11.956 4.7385 -1.5125, 11.9504 4.7435 -1.5165, 11.9504 4.7435 -1.5125, 11.9348 4.7522 -1.5165, 11.9348 4.7522 -1.5125, 11.9258 4.7558 -1.5165, 11.9258 4.7558 -1.5125, 11.9113 4.7621 -1.5165, 11.9113 4.7621 -1.5125, 11.903 4.7673 -1.5165, 11.903 4.7673 -1.5125, 11.9008 4.7698 -1.5165, 11.9008 4.7698 -1.5125, 11.8991 4.7729 -1.5165, 11.8991 4.7729 -1.5125, 11.8981 4.7766 -1.5165, 11.8981 4.7766 -1.5125, 11.8979 4.7797 -1.5165, 11.8979 4.7797 -1.5125, 11.8984 4.7834 -1.5165, 11.8984 4.7834 -1.5125, 11.8995 4.7866 -1.5165, 11.8995 4.7866 -1.5125, 11.9015 4.7896 -1.5165, 11.9015 4.7896 -1.5125, 11.905 4.7927 -1.5165, 11.905 4.7927 -1.5125, 11.9103 4.7955 -1.5165, 11.9103 4.7955 -1.5125, 11.9166 4.7971 -1.5165, 11.9166 4.7971 -1.5125, 11.9235 4.7977 -1.5165, 11.9235 4.7977 -1.5125, 11.9398 4.7957 -1.5165, 11.9398 4.7957 -1.5125, 11.9531 4.7905 -1.5165, 11.9531 4.7905 -1.5125, 11.9574 4.788 -1.5165, 11.9574 4.788 -1.5125, 11.9574 4.8107 -1.5125, 11.9574 4.8107 -1.5165, 11.9422 4.8152 -1.5165, 11.9422 4.8152 -1.5125, 11.9258 4.8167 -1.5165, 11.9258 4.8167 -1.5125, 11.907 4.8144 -1.5165, 11.907 4.8144 -1.5125, 11.8945 4.8096 -1.5165, 11.8945 4.8096 -1.5125, 11.8888 4.8061 -1.5165, 11.8888 4.8061 -1.5125, 11.8818 4.7998 -1.5125, 11.8845 4.8022 -1.5165, 11.8818 4.7998 -1.5165, 11.8775 4.7934 -1.5165, 11.8775 4.7934 -1.5125, 11.8747 4.7859 -1.5165, 11.8747 4.7859 -1.5125, 11.8738 4.7776 -1.5165, 11.8738 4.7776 -1.5125, 11.8748 4.7685 -1.5165, 11.8748 4.7685 -1.5125, 11.8774 4.7613 -1.5165, 11.8774 4.7613 -1.5125, 11.8805 4.7565 -1.5165, 11.8805 4.7565 -1.5125, 11.9093 4.7388 -1.5165, 11.9093 4.7388 -1.5125, 11.8953 4.7452 -1.5125, 11.8843 4.7525 -1.5165, 11.8843 4.7525 -1.5125, 11.8845 4.7523 -1.5165, 11.8953 4.7452 -1.5165, 11.9246 4.7324 -1.5165, 11.9246 4.7324 -1.5125, 11.9338 4.7269 -1.5165, 11.9338 4.7269 -1.5125, 11.9367 4.7238 -1.5165, 11.9367 4.7238 -1.5125, 11.9385 4.7207 -1.5165, 11.9385 4.7207 -1.5125, 11.9395 4.7171 -1.5165, 11.9395 4.7171 -1.5125, 11.9398 4.7142 -1.5165, 11.9398 4.7142 -1.5125, 11.9393 4.7097 -1.5165, 11.9393 4.7097 -1.5125, 11.9381 4.7064 -1.5165, 11.9381 4.7064 -1.5125, 11.9361 4.7034 -1.5165, 11.9361 4.7034 -1.5125, 11.9334 4.701 -1.5165, 11.9334 4.701 -1.5125, 11.9312 4.6997 -1.5165, 11.9312 4.6997 -1.5125, 11.9252 4.6975 -1.5165, 11.9252 4.6975 -1.5125, 11.9132 4.6961 -1.5165, 11.9132 4.6961 -1.5125, 12.0798 4.8136 -1.5125, 12.1041 4.8136 -1.5125, 12.0798 4.8136 -1.5165, 12.1041 4.8136 -1.5165, 12.0434 4.7131 -1.5125, 12.0434 4.7131 -1.5165, 12.0416 4.7069 -1.5165, 12.0416 4.7069 -1.5125, 12.0405 4.7023 -1.5165, 12.0405 4.7023 -1.5125, 12.0399 4.7023 -1.5125, 12.0399 4.7023 -1.5165, 12.037 4.7133 -1.5125, 12.037 4.7133 -1.5165, 12.0021 4.8136 -1.5165, 12.0021 4.8136 -1.5125, 12.0134 4.7811 -1.5165, 11.976 4.8136 -1.5125, 11.976 4.8136 -1.5165, 12.0283 4.6805 -1.5165, 12.0283 4.6805 -1.5125, 12.0134 4.7183 -1.5165, 12.018 4.6562 -1.5165, 12.018 4.6562 -1.5125, 12.0275 4.6786 -1.5165, 12.0134 4.6478 -1.5165, 12.0133 4.6475 -1.5125, 12.0133 4.6475 -1.5165, 12.0089 4.6427 -1.5165, 12.0089 4.6427 -1.5125, 12.0054 4.6403 -1.5165, 12.0054 4.6403 -1.5125, 12.0004 4.6382 -1.5165, 12.0004 4.6382 -1.5125, 11.9948 4.6374 -1.5165, 11.9948 4.6374 -1.5125, 11.9941 4.6374 -1.5165, 11.9941 4.6374 -1.5125, 11.9856 4.6385 -1.5165, 11.9856 4.6385 -1.5125, 11.9808 4.6401 -1.5165, 11.9808 4.6401 -1.5125, 11.9808 4.6192 -1.5125, 11.9808 4.6192 -1.5165, 11.9907 4.6175 -1.5165, 11.9907 4.6175 -1.5125, 11.9959 4.6173 -1.5165, 11.9959 4.6173 -1.5125, 12.0061 4.6186 -1.5165, 12.0061 4.6186 -1.5125, 12.0134 4.6216 -1.5165, 12.0152 4.6223 -1.5125, 12.0152 4.6223 -1.5165, 12.0231 4.628 -1.5165, 12.0231 4.628 -1.5125, 12.0328 4.6392 -1.5165, 12.0328 4.6392 -1.5125, 12.0435 4.66 -1.5165, 12.0435 4.66 -1.5125, 12.0508 4.6786 -1.5165, 12.2298 4.7015 -1.5125, 12.2298 4.6802 -1.5125, 12.2298 4.7015 -1.5165, 12.2298 4.6802 -1.5165, 12.1534 4.7015 -1.5165, 12.1534 4.7015 -1.5125, 12.1884 4.7015 -1.5165, 12.1534 4.7643 -1.5125, 12.1534 4.7643 -1.5165, 12.2202 4.7643 -1.5165, 12.2202 4.7643 -1.5125, 12.1884 4.7643 -1.5165, 12.2202 4.7857 -1.5125, 12.2202 4.7857 -1.5165, 12.1534 4.7857 -1.5165, 12.1534 4.7857 -1.5125, 12.1884 4.7857 -1.5165, 12.1534 4.8455 -1.5125, 12.1534 4.8455 -1.5165, 12.2255 4.8455 -1.5165, 12.2255 4.8455 -1.5125, 12.1884 4.8455 -1.5165, 12.2255 4.867 -1.5125, 12.2255 4.867 -1.5165, 12.1293 4.867 -1.5165, 12.1293 4.867 -1.5125, 12.1884 4.867 -1.5165, 12.1293 4.6802 -1.5125, 12.1293 4.6802 -1.5165, 12.1884 4.6802 -1.5165, 12.3811 4.7325 -1.5125, 12.3718 4.721 -1.5125, 12.389 4.7063 -1.5125, 12.3698 4.7191 -1.5125, 12.3696 4.6924 -1.5125, 12.3578 4.7107 -1.5125, 12.3484 4.6841 -1.5125, 12.3424 4.7046 -1.5125, 12.3164 4.6802 -1.5125, 12.3163 4.7015 -1.5125, 12.265 4.6802 -1.5125, 12.2892 4.7015 -1.5125, 12.265 4.867 -1.5125, 12.2892 4.8455 -1.5125, 12.3183 4.867 -1.5125, 12.3174 4.8455 -1.5125, 12.3469 4.8638 -1.5125, 12.3414 4.8429 -1.5125, 12.3694 4.8556 -1.5125, 12.3576 4.837 -1.5125, 12.389 4.8423 -1.5125, 12.3713 4.8279 -1.5125, 12.3955 4.8359 -1.5125, 12.3764 4.8229 -1.5125, 12.4071 4.8197 -1.5125, 12.3837 4.8125 -1.5125, 12.414 4.8019 -1.5125, 12.389 4.7989 -1.5125, 12.4172 4.776 -1.5125, 12.3918 4.7753 -1.5125, 12.4166 4.7641 -1.5125, 12.3912 4.7635 -1.5125, 12.4121 4.7422 -1.5125, 12.3876 4.7464 -1.5125, 12.4029 4.7229 -1.5125, 12.3164 4.6802 -1.5165, 12.265 4.6802 -1.5165, 12.3484 4.6841 -1.5165, 12.3696 4.6924 -1.5165, 12.389 4.7063 -1.5165, 12.4029 4.7229 -1.5165, 12.4121 4.7422 -1.5165, 12.4166 4.7641 -1.5165, 12.4172 4.776 -1.5165, 12.414 4.8019 -1.5165, 12.4071 4.8197 -1.5165, 12.3955 4.8359 -1.5165, 12.389 4.8423 -1.5165, 12.3694 4.8556 -1.5165, 12.3469 4.8638 -1.5165, 12.3183 4.867 -1.5165, 12.265 4.867 -1.5165, 12.3174 4.8455 -1.5165, 12.2892 4.8455 -1.5165, 12.2892 4.7015 -1.5165, 12.3163 4.7015 -1.5165, 12.3718 4.721 -1.5165, 12.3698 4.7191 -1.5165, 12.3578 4.7107 -1.5165, 12.3424 4.7046 -1.5165, 12.3918 4.7753 -1.5165, 12.3912 4.7635 -1.5165, 12.3876 4.7464 -1.5165, 12.3811 4.7325 -1.5165, 12.3713 4.8279 -1.5165, 12.3764 4.8229 -1.5165, 12.3837 4.8125 -1.5165, 12.389 4.7989 -1.5165, 12.3414 4.8429 -1.5165, 12.3576 4.837 -1.5165, 12.3576 4.837 -1.5165
            ]
        }
        coordIndex [
            0,1,2,-1,3,4,2,-1,2,4,5,-1,2,5,0,-1,3,6,4,-1,4,6,7,-1,4,7,8,-1,9,8,10,-1,10,8,7,-1,9,10,11,-1,11,10,12,-1,13,14,15,-1,15,14,11,-1,15,11,16,-1,16,11,12,-1,14,13,17,-1,17,13,18,-1,18,19,17,-1,17,19,20,-1,17,20,21,-1,21,20,22,-1,21,22,23,-1,23,22,24,-1,23,24,25,-1,25,24,26,-1,25,26,27,-1,27,26,28,-1,27,28,29,-1,29,28,30,-1,29,30,31,-1,31,30,32,-1,31,32,33,-1,33,32,34,-1,33,34,35,-1,35,34,36,-1,35,36,37,-1,37,36,38,-1,37,38,39,-1,39,38,40,-1,39,40,41,-1,41,40,42,-1,41,42,43,-1,43,42,44,-1,43,44,45,-1,45,44,46,-1,45,46,47,-1,47,46,48,-1,47,48,49,-1,49,48,50,-1,49,50,51,-1,51,50,52,-1,51,52,53,-1,53,52,54,-1,53,54,55,-1,55,54,56,-1,55,56,57,-1,57,56,58,-1,57,58,59,-1,59,58,60,-1,59,60,61,-1,61,60,62,-1,61,62,63,-1,63,62,64,-1,63,64,65,-1,65,64,66,-1,65,66,67,-1,67,66,68,-1,67,68,69,-1,69,68,70,-1,69,70,71,-1,71,70,72,-1,71,72,73,-1,73,72,74,-1,73,74,75,-1,76,75,77,-1,77,75,74,-1,76,77,78,-1,76,78,79,-1,79,78,80,-1,79,80,81,-1,81,80,82,-1,81,82,83,-1,83,82,84,-1,83,84,85,-1,85,84,86,-1,85,86,87,-1,87,86,88,-1,88,86,89,-1,89,90,88,-1,88,90,91,-1,88,91,92,-1,92,91,93,-1,92,93,94,-1,94,93,95,-1,94,95,96,-1,96,95,97,-1,96,97,98,-1,98,97,99,-1,98,99,100,-1,100,99,101,-1,100,101,102,-1,103,104,105,-1,102,101,106,-1,102,106,107,-1,107,106,108,-1,107,108,105,-1,105,108,109,-1,105,109,103,-1,104,103,110,-1,104,110,111,-1,111,110,112,-1,111,112,113,-1,113,112,114,-1,113,114,115,-1,115,114,116,-1,115,116,117,-1,117,116,118,-1,117,118,119,-1,119,118,120,-1,119,120,121,-1,121,120,122,-1,121,122,123,-1,123,122,124,-1,123,124,125,-1,125,124,126,-1,125,126,127,-1,127,126,128,-1,127,128,129,-1,129,128,130,-1,129,130,131,-1,131,130,132,-1,131,132,133,-1,133,132,134,-1,133,134,135,-1,135,134,1,-1,135,1,0,-1,59,61,87,-1,87,61,85,-1,85,61,63,-1,85,63,83,-1,125,25,27,-1,111,43,104,-1,104,43,45,-1,125,27,123,-1,123,27,29,-1,123,29,121,-1,121,29,31,-1,121,31,119,-1,119,31,33,-1,119,33,117,-1,117,33,35,-1,117,35,115,-1,115,35,37,-1,115,37,113,-1,113,37,39,-1,113,39,111,-1,111,39,41,-1,111,41,43,-1,25,125,23,-1,23,125,127,-1,23,127,21,-1,14,0,11,-1,11,0,5,-1,11,5,9,-1,9,5,4,-1,9,4,8,-1,63,65,83,-1,83,65,67,-1,83,67,81,-1,81,67,69,-1,81,69,79,-1,79,69,71,-1,79,71,76,-1,76,71,73,-1,76,73,75,-1,127,129,21,-1,21,129,131,-1,21,131,17,-1,17,131,133,-1,17,133,14,-1,14,133,135,-1,14,135,0,-1,87,88,59,-1,59,88,92,-1,59,92,57,-1,57,92,94,-1,57,94,55,-1,55,94,96,-1,55,96,53,-1,53,96,98,-1,53,98,51,-1,51,98,100,-1,51,100,49,-1,49,100,102,-1,49,102,47,-1,47,102,107,-1,47,107,45,-1,45,107,105,-1,45,105,104,-1,136,137,138,-1,138,137,139,-1,140,136,141,-1,141,136,138,-1,140,141,142,-1,140,142,143,-1,143,142,144,-1,143,144,145,-1,146,145,147,-1,147,145,144,-1,148,146,149,-1,149,146,147,-1,150,151,152,-1,152,151,148,-1,152,148,149,-1,153,151,154,-1,154,151,150,-1,155,156,157,-1,157,156,153,-1,157,153,154,-1,158,159,160,-1,160,159,156,-1,160,156,155,-1,158,161,159,-1,159,161,162,-1,161,163,162,-1,162,163,164,-1,162,164,165,-1,165,164,166,-1,165,166,167,-1,167,166,168,-1,167,168,169,-1,169,168,170,-1,169,170,171,-1,171,170,172,-1,171,172,173,-1,173,172,174,-1,173,174,175,-1,175,174,176,-1,175,176,177,-1,178,177,179,-1,179,177,176,-1,178,179,180,-1,178,180,181,-1,181,180,182,-1,181,182,183,-1,183,182,184,-1,183,184,185,-1,185,184,186,-1,185,186,187,-1,186,188,187,-1,187,188,189,-1,187,189,190,-1,190,189,191,-1,190,191,192,-1,192,191,193,-1,192,193,194,-1,139,137,195,-1,195,137,194,-1,195,194,193,-1,143,145,194,-1,137,136,194,-1,194,136,140,-1,194,140,143,-1,151,153,148,-1,148,153,156,-1,148,156,146,-1,145,146,194,-1,194,146,156,-1,194,156,192,-1,156,159,192,-1,192,159,162,-1,192,162,190,-1,190,162,165,-1,190,165,187,-1,187,165,167,-1,187,167,185,-1,185,167,169,-1,185,169,183,-1,183,169,171,-1,183,171,181,-1,181,171,173,-1,181,173,178,-1,178,173,175,-1,178,175,177,-1,196,197,198,-1,198,197,199,-1,200,201,202,-1,202,201,196,-1,202,196,198,-1,203,201,204,-1,204,201,200,-1,205,206,207,-1,207,206,203,-1,207,203,204,-1,208,206,209,-1,209,206,205,-1,210,211,212,-1,212,211,208,-1,212,208,209,-1,213,211,214,-1,214,211,210,-1,215,216,217,-1,217,216,213,-1,217,213,214,-1,218,216,219,-1,219,216,215,-1,220,221,222,-1,222,221,218,-1,222,218,219,-1,223,221,224,-1,224,221,220,-1,199,197,225,-1,225,197,223,-1,225,223,224,-1,223,197,196,-1,196,201,223,-1,223,201,203,-1,223,203,221,-1,216,218,213,-1,213,218,221,-1,213,221,211,-1,211,221,203,-1,211,203,208,-1,208,203,206,-1,226,227,228,-1,228,227,229,-1,228,229,230,-1,230,229,231,-1,230,231,232,-1,232,231,233,-1,232,233,234,-1,234,233,235,-1,234,235,236,-1,236,235,237,-1,236,237,238,-1,238,237,239,-1,238,239,240,-1,240,239,241,-1,240,241,242,-1,242,241,243,-1,242,243,244,-1,244,243,245,-1,244,245,246,-1,246,245,247,-1,246,247,248,-1,248,247,249,-1,248,249,250,-1,250,249,251,-1,250,251,252,-1,252,251,253,-1,252,253,254,-1,254,253,255,-1,254,255,256,-1,256,255,257,-1,256,257,258,-1,258,257,259,-1,258,259,260,-1,260,259,226,-1,260,226,228,-1,234,236,261,-1,261,236,262,-1,234,261,263,-1,234,263,232,-1,232,263,264,-1,232,264,230,-1,230,264,265,-1,230,265,228,-1,228,265,266,-1,228,266,260,-1,260,266,267,-1,260,267,258,-1,258,267,268,-1,258,268,256,-1,256,268,269,-1,256,269,254,-1,254,269,270,-1,254,270,252,-1,252,270,271,-1,252,271,250,-1,250,271,272,-1,250,272,248,-1,248,272,273,-1,248,273,246,-1,246,273,274,-1,246,274,244,-1,244,274,275,-1,244,275,242,-1,242,275,276,-1,242,276,240,-1,238,240,277,-1,277,240,276,-1,236,238,262,-1,262,238,277,-1,241,239,278,-1,278,239,279,-1,239,237,279,-1,279,237,280,-1,237,235,280,-1,280,235,281,-1,227,282,283,-1,227,283,229,-1,229,283,284,-1,229,284,231,-1,231,284,285,-1,231,285,233,-1,233,285,281,-1,233,281,235,-1,255,286,287,-1,255,287,257,-1,257,287,288,-1,257,288,259,-1,259,288,289,-1,259,289,226,-1,226,289,282,-1,226,282,227,-1,247,290,291,-1,247,291,249,-1,249,291,292,-1,249,292,251,-1,251,292,293,-1,251,293,253,-1,253,293,286,-1,253,286,255,-1,241,278,294,-1,241,294,243,-1,243,294,295,-1,243,295,245,-1,245,295,290,-1,245,290,247,-1,
        ]
    }
}
Shape{
    appearance Appearance {
        material  Material 	{
            diffuseColor 0.7529411764705882 0.7529411764705882 0.7529411764705882
            specularColor 0.3764705882352941 0.3764705882352941 0.3764705882352941
            ambientIntensity 0.2
            transparency 0
            shininess 0.5
        }
    }
    geometry IndexedFaceSet {
        ccw TRUE
        solid FALSE
        coord DEF co Coordinate {
            point [
                12.3698 4.7191 -1.5165, 12.3718 4.721 -1.5165, 12.3174 4.8455 -1.5165, 12.2892 4.8455 -1.5165, 12.2892 4.7015 -1.5165, 12.3163 4.7015 -1.5165, 12.3424 4.7046 -1.5165, 12.3578 4.7107 -1.5165, 12.3811 4.7325 -1.5165, 12.3876 4.7464 -1.5165, 12.3912 4.7635 -1.5165, 12.3918 4.7753 -1.5165, 12.389 4.7989 -1.5165, 12.3837 4.8125 -1.5165, 12.3764 4.8229 -1.5165, 12.3713 4.8279 -1.5165, 12.3414 4.8429 -1.5165, 12.3576 4.837 -1.5165, 12.3576 4.837 -1.5165
            ]
        }
        coordIndex [
            0,1,2,-1,3,4,2,-1,2,4,5,-1,5,6,2,-1,2,6,7,-1,2,7,0,-1,1,8,2,-1,2,8,9,-1,2,9,10,-1,10,11,2,-1,2,11,12,-1,2,12,13,-1,13,14,2,-1,2,14,15,-1,2,15,16,-1,16,15,17,-1,
        ]
    }
}
Shape{
    appearance Appearance {
        material  Material 	{
            diffuseColor 0.0 0.0 0.0
            specularColor 0.0 0.0 0.0
            ambientIntensity 0.2
            transparency 0
            shininess 0.5
        }
    }
    geometry IndexedFaceSet {
        ccw TRUE
        solid FALSE
        coord DEF co Coordinate {
            point [
                12.4798 4.7524 -1.5125, 12.4721 4.7313 -1.5125, 12.5425 4.7524 -1.5125, 12.5499 4.7313 -1.5125, 12.5077 4.83 -1.5125, 12.4987 4.867 -1.5125, 12.4275 4.6802 -1.5125, 12.4542 4.6802 -1.5125, 12.5093 4.8356 -1.5125, 12.5108 4.8431 -1.5125, 12.5245 4.867 -1.5125, 12.5113 4.8431 -1.5125, 12.5128 4.8352 -1.5125, 12.5142 4.83 -1.5125, 12.5956 4.6802 -1.5125, 12.569 4.6802 -1.5125, 12.5245 4.867 -1.5165, 12.5956 4.6802 -1.5165, 12.4987 4.867 -1.5165, 12.4275 4.6802 -1.5165, 12.4542 4.6802 -1.5165, 12.4721 4.7313 -1.5165, 12.5499 4.7313 -1.5165, 12.569 4.6802 -1.5165, 12.4798 4.7524 -1.5165, 12.5425 4.7524 -1.5165, 12.5142 4.83 -1.5165, 12.5113 4.8431 -1.5165, 12.5128 4.8352 -1.5165, 12.5108 4.8431 -1.5165, 12.5077 4.83 -1.5165, 12.5093 4.8356 -1.5165, 12.5093 4.8356 -1.5165
            ]
        }
        coordIndex [
            0,1,2,-1,2,1,3,-1,4,5,0,-1,0,5,6,-1,0,6,1,-1,1,6,7,-1,4,8,5,-1,5,8,9,-1,5,9,10,-1,10,9,11,-1,10,11,12,-1,12,13,10,-1,10,13,2,-1,10,2,14,-1,14,2,3,-1,14,3,15,-1,10,14,16,-1,16,14,17,-1,5,10,18,-1,18,10,16,-1,6,5,19,-1,19,5,18,-1,7,6,20,-1,20,6,19,-1,1,7,21,-1,21,7,20,-1,3,1,22,-1,22,1,21,-1,15,3,23,-1,23,3,22,-1,14,15,17,-1,17,15,23,-1,0,2,24,-1,24,2,25,-1,2,13,25,-1,25,13,26,-1,11,27,28,-1,11,28,12,-1,12,28,26,-1,12,26,13,-1,11,9,27,-1,27,9,29,-1,4,30,31,-1,4,31,8,-1,8,31,29,-1,8,29,9,-1,4,0,30,-1,30,0,24,-1,
        ]
    }
}
Shape{
    appearance Appearance {
        material  Material 	{
            diffuseColor 0.7529411764705882 0.7529411764705882 0.7529411764705882
            specularColor 0.3764705882352941 0.3764705882352941 0.3764705882352941
            ambientIntensity 0.2
            transparency 0
            shininess 0.5
        }
    }
    geometry IndexedFaceSet {
        ccw TRUE
        solid FALSE
        coord DEF co Coordinate {
            point [
                12.5113 4.8431 -1.5165, 12.5108 4.8431 -1.5165, 12.5128 4.8352 -1.5165, 12.5093 4.8356 -1.5165, 12.5142 4.83 -1.5165, 12.5077 4.83 -1.5165, 12.5425 4.7524 -1.5165, 12.4798 4.7524 -1.5165, 12.4798 4.7524 -1.5165
            ]
        }
        coordIndex [
            0,1,2,-1,2,1,3,-1,2,3,4,-1,4,3,5,-1,4,5,6,-1,6,5,7,-1,
        ]
    }
}
Shape{
    appearance Appearance {
        material  Material 	{
            diffuseColor 0.0 0.0 0.0
            specularColor 0.0 0.0 0.0
            ambientIntensity 0.2
            transparency 0
            shininess 0.5
        }
    }
    geometry IndexedFaceSet {
        ccw TRUE
        solid FALSE
        coord DEF co Coordinate {
            point [
                10.7867 4.6537 -1.5125, 10.8065 4.6293 -1.5125, 10.7748 4.7712 -1.5125, 11.3765 4.8642 -1.5125, 11.3733 4.8383 -1.5125, 11.4524 4.8167 -1.5125, 10.9094 4.774 -1.5125, 10.9217 4.7695 -1.5125, 11.0325 4.738 -1.5125, 10.9324 4.7623 -1.5125, 10.9409 4.7528 -1.5125, 11.2184 4.8363 -1.5125, 11.1772 4.9067 -1.5125, 10.9992 4.8137 -1.5125, 10.8983 4.7752 -1.5125, 10.8637 4.6848 -1.5125, 10.8743 4.6775 -1.5125, 10.8324 4.6097 -1.5125, 10.8865 4.6729 -1.5125, 10.7459 4.789 -1.5125, 10.7511 4.6892 -1.5125, 10.7734 4.6822 -1.5125, 10.9467 4.7419 -1.5125, 10.9497 4.7295 -1.5125, 11.0325 4.7247 -1.5125, 10.9498 4.7174 -1.5125, 10.887 4.7739 -1.5125, 10.868 4.855 -1.5125, 10.8753 4.7698 -1.5125, 10.8386 4.8437 -1.5125, 10.8647 4.7628 -1.5125, 10.8115 4.8249 -1.5125, 10.856 4.7533 -1.5125, 10.7895 4.7998 -1.5125, 10.8498 4.7417 -1.5125, 10.8468 4.729 -1.5125, 11.2623 4.9678 -1.5125, 11.2729 4.9678 -1.5125, 11.3273 5.0395 -1.5125, 11.2981 4.9647 -1.5125, 11.3347 5.037 -1.5125, 11.3213 4.9557 -1.5125, 11.3741 5.0172 -1.5125, 11.41 4.9866 -1.5125, 10.8886 5.0116 -1.5125, 10.8983 5.0063 -1.5125, 10.8571 5.1033 -1.5125, 10.9175 5.0466 -1.5125, 10.8843 5.135 -1.5125, 10.9469 5.0825 -1.5125, 10.9156 5.1617 -1.5125, 10.9838 5.1098 -1.5125, 10.9478 5.1817 -1.5125, 10.9479 4.8499 -1.5125, 10.9158 4.8579 -1.5125, 10.8996 4.8588 -1.5125, 11.4354 4.7748 -1.5125, 11.3642 4.8147 -1.5125, 11.4097 4.7393 -1.5125, 11.2556 5.1444 -1.5125, 11.2073 5.0799 -1.5125, 11.299 5.0945 -1.5125, 11.2363 5.0432 -1.5125, 11.2557 4.9999 -1.5125, 10.722 4.8134 -1.5125, 10.6672 4.7459 -1.5125, 10.7038 4.7138 -1.5125, 10.699 4.9255 -1.5125, 10.6119 4.9056 -1.5125, 10.6951 4.8934 -1.5125, 10.6114 4.8907 -1.5125, 10.6966 4.8731 -1.5125, 10.6166 4.8436 -1.5125, 10.7061 4.8406 -1.5125, 10.6344 4.7939 -1.5125, 10.6626 4.7512 -1.5125, 11.3419 4.9414 -1.5125, 11.3573 4.9241 -1.5125, 11.4369 4.9487 -1.5125, 11.3697 4.9012 -1.5125, 11.453 4.9081 -1.5125, 11.3759 4.8756 -1.5125, 11.4589 4.8655 -1.5125, 11.4588 4.8603 -1.5125, 11.3496 4.7939 -1.5125, 11.3477 4.7919 -1.5125, 11.3725 4.708 -1.5125, 11.328 4.7759 -1.5125, 11.3319 4.6885 -1.5125, 11.3046 4.7651 -1.5125, 11.2888 4.6795 -1.5125, 11.2809 4.7605 -1.5125, 11.2105 4.6795 -1.5125, 11.2211 4.7605 -1.5125, 11.2036 4.6806 -1.5125, 11.009 5.2054 -1.5125, 11.0272 5.1275 -1.5125, 11.075 5.2135 -1.5125, 11.0763 5.1338 -1.5125, 11.1297 5.2078 -1.5125, 11.1198 5.1287 -1.5125, 11.1964 5.1843 -1.5125, 11.1615 5.1131 -1.5125, 11.199 5.0875 -1.5125, 10.8588 5.0224 -1.5125, 10.8418 5.1051 -1.5125, 10.8279 5.0262 -1.5125, 10.8266 5.1059 -1.5125, 10.8143 5.0255 -1.5125, 10.7792 5.1006 -1.5125, 10.7815 5.0178 -1.5125, 10.7297 5.0828 -1.5125, 10.7518 5.0021 -1.5125, 10.6852 5.0528 -1.5125, 10.7288 4.9816 -1.5125, 10.6738 5.0422 -1.5125, 10.7104 4.9551 -1.5125, 10.6444 5.0053 -1.5125, 10.6222 4.9581 -1.5125, 10.8553 4.6945 -1.5125, 10.8496 4.7055 -1.5125, 10.8468 4.7177 -1.5125, 10.9761 4.8348 -1.5125, 10.8631 4.5969 -1.5125, 10.8944 4.5919 -1.5125, 10.8983 4.6715 -1.5125, 10.8996 4.5918 -1.5125, 10.9097 4.6728 -1.5125, 10.9317 4.5958 -1.5125, 10.9213 4.6769 -1.5125, 10.9614 4.6072 -1.5125, 10.9317 4.6838 -1.5125, 10.9878 4.6256 -1.5125, 10.9404 4.6932 -1.5125, 11.0084 4.6486 -1.5125, 10.9466 4.7047 -1.5125, 11.024 4.6782 -1.5125, 11.0318 4.7111 -1.5125, 11.2144 4.7618 -1.5125, 11.1823 4.6936 -1.5125, 11.186 4.6899 -1.5125, 11.1719 4.7207 -1.5125, 11.1731 4.711 -1.5125, 11.1766 4.702 -1.5125, 11.2184 4.7609 -1.5125, 11.1947 4.6839 -1.5125, 11.2032 4.7607 -1.5125, 11.1941 4.7572 -1.5125, 11.1721 4.7246 -1.5125, 11.1859 4.7515 -1.5125, 11.1793 4.7441 -1.5125, 11.1745 4.7348 -1.5125, 11.2131 4.7619 -1.5125, 11.4589 4.8655 -1.5165, 11.453 4.9081 -1.5165, 11.4183 4.975 -1.5165, 11.4482 4.9202 -1.5165, 11.4369 4.9487 -1.5165, 11.41 4.9866 -1.5165, 11.3741 5.0172 -1.5165, 11.3347 5.037 -1.5165, 11.3273 5.0395 -1.5165, 11.299 5.0945 -1.5165, 11.2556 5.1444 -1.5165, 11.2251 5.165 -1.5165, 11.1964 5.1843 -1.5165, 11.1297 5.2078 -1.5165, 11.075 5.2135 -1.5165, 11.009 5.2054 -1.5165, 10.9478 5.1817 -1.5165, 10.9208 5.165 -1.5165, 10.9156 5.1617 -1.5165, 10.8843 5.135 -1.5165, 10.8571 5.1033 -1.5165, 10.8418 5.1051 -1.5165, 10.8266 5.1059 -1.5165, 10.7792 5.1006 -1.5165, 10.7297 5.0828 -1.5165, 10.6852 5.0528 -1.5165, 10.6738 5.0422 -1.5165, 10.6114 4.8907 -1.5165, 10.6444 5.0053 -1.5165, 10.6301 4.975 -1.5165, 10.6222 4.9581 -1.5165, 10.6147 4.9202 -1.5165, 10.6119 4.9056 -1.5165, 10.6166 4.8436 -1.5165, 10.6344 4.7939 -1.5165, 10.6626 4.7512 -1.5165, 10.6672 4.7459 -1.5165, 10.7038 4.7138 -1.5165, 10.7511 4.6892 -1.5165, 10.7734 4.6822 -1.5165, 10.7751 4.6786 -1.5165, 10.7867 4.6537 -1.5165, 10.8065 4.6293 -1.5165, 10.8324 4.6097 -1.5165, 10.8447 4.6046 -1.5165, 10.8631 4.5969 -1.5165, 10.8944 4.5919 -1.5165, 10.8996 4.5918 -1.5165, 11.0325 4.7247 -1.5165, 10.9317 4.5958 -1.5165, 10.9546 4.6046 -1.5165, 10.9614 4.6072 -1.5165, 10.9878 4.6256 -1.5165, 11.0084 4.6486 -1.5165, 11.024 4.6782 -1.5165, 11.0241 4.6786 -1.5165, 11.0318 4.7111 -1.5165, 11.0325 4.738 -1.5165, 11.2184 4.8363 -1.5165, 11.1772 4.9067 -1.5165, 10.9992 4.8137 -1.5165, 10.9761 4.8348 -1.5165, 10.9479 4.8499 -1.5165, 10.9158 4.8579 -1.5165, 10.8996 4.8588 -1.5165, 10.868 4.855 -1.5165, 10.8386 4.8437 -1.5165, 10.8115 4.8249 -1.5165, 10.7895 4.7998 -1.5165, 10.7748 4.7712 -1.5165, 10.7459 4.789 -1.5165, 10.722 4.8134 -1.5165, 10.7061 4.8406 -1.5165, 10.6966 4.8731 -1.5165, 10.6951 4.8934 -1.5165, 10.6984 4.9202 -1.5165, 10.699 4.9255 -1.5165, 10.7104 4.9551 -1.5165, 10.7242 4.975 -1.5165, 10.7288 4.9816 -1.5165, 10.7518 5.0021 -1.5165, 10.7815 5.0178 -1.5165, 10.8143 5.0255 -1.5165, 10.8279 5.0262 -1.5165, 10.8588 5.0224 -1.5165, 10.8886 5.0116 -1.5165, 10.8983 5.0063 -1.5165, 10.9175 5.0466 -1.5165, 10.9469 5.0825 -1.5165, 10.9838 5.1098 -1.5165, 11.0272 5.1275 -1.5165, 11.0763 5.1338 -1.5165, 11.1198 5.1287 -1.5165, 11.1615 5.1131 -1.5165, 11.199 5.0875 -1.5165, 11.2073 5.0799 -1.5165, 11.2363 5.0432 -1.5165, 11.2557 4.9999 -1.5165, 11.2608 4.975 -1.5165, 11.2623 4.9678 -1.5165, 11.2729 4.9678 -1.5165, 11.2981 4.9647 -1.5165, 11.3213 4.9557 -1.5165, 11.3419 4.9414 -1.5165, 11.3573 4.9241 -1.5165, 11.3594 4.9202 -1.5165, 11.3697 4.9012 -1.5165, 11.3759 4.8756 -1.5165, 11.3765 4.8642 -1.5165, 11.3733 4.8383 -1.5165, 11.3642 4.8147 -1.5165, 11.3496 4.7939 -1.5165, 11.3477 4.7919 -1.5165, 11.328 4.7759 -1.5165, 11.3046 4.7651 -1.5165, 11.2809 4.7605 -1.5165, 11.2211 4.7605 -1.5165, 11.2184 4.7609 -1.5165, 11.2144 4.7618 -1.5165, 11.2131 4.7619 -1.5165, 11.2032 4.7607 -1.5165, 11.1941 4.7572 -1.5165, 11.1859 4.7515 -1.5165, 11.1793 4.7441 -1.5165, 11.1745 4.7348 -1.5165, 11.1721 4.7246 -1.5165, 11.1719 4.7207 -1.5165, 11.1731 4.711 -1.5165, 11.1766 4.702 -1.5165, 11.1823 4.6936 -1.5165, 11.186 4.6899 -1.5165, 11.1947 4.6839 -1.5165, 11.2036 4.6806 -1.5165, 11.2105 4.6795 -1.5165, 11.2888 4.6795 -1.5165, 11.3319 4.6885 -1.5165, 11.3725 4.708 -1.5165, 11.4097 4.7393 -1.5165, 11.4354 4.7748 -1.5165, 11.4524 4.8167 -1.5165, 11.4588 4.8603 -1.5165, 10.8983 4.7752 -1.5165, 10.9094 4.774 -1.5165, 10.9217 4.7695 -1.5165, 10.9324 4.7623 -1.5165, 10.9409 4.7528 -1.5165, 10.9467 4.7419 -1.5165, 10.9497 4.7295 -1.5165, 10.9498 4.7174 -1.5165, 10.9466 4.7047 -1.5165, 10.9404 4.6932 -1.5165, 10.9317 4.6838 -1.5165, 10.9213 4.6769 -1.5165, 10.9097 4.6728 -1.5165, 10.8983 4.6715 -1.5165, 10.8865 4.6729 -1.5165, 10.8743 4.6775 -1.5165, 10.8637 4.6848 -1.5165, 10.8553 4.6945 -1.5165, 10.8496 4.7055 -1.5165, 10.8468 4.7177 -1.5165, 10.8468 4.729 -1.5165, 10.8498 4.7417 -1.5165, 10.856 4.7533 -1.5165, 10.8647 4.7628 -1.5165, 10.8753 4.7698 -1.5165, 10.887 4.7739 -1.5165, 10.887 4.7739 -1.5165
            ]
        }
        coordIndex [
            0,1,2,-1,3,4,5,-1,6,7,8,-1,8,7,9,-1,8,9,10,-1,11,12,8,-1,8,12,13,-1,8,13,6,-1,6,13,14,-1,15,1,16,-1,16,1,17,-1,16,17,18,-1,19,20,2,-1,2,20,21,-1,2,21,0,-1,10,22,8,-1,8,22,23,-1,8,23,24,-1,24,23,25,-1,26,27,28,-1,28,27,29,-1,28,29,30,-1,30,29,31,-1,30,31,32,-1,32,31,33,-1,32,33,34,-1,34,33,2,-1,34,2,35,-1,36,37,38,-1,38,37,39,-1,38,39,40,-1,40,39,41,-1,40,41,42,-1,42,41,43,-1,44,45,46,-1,46,45,47,-1,46,47,48,-1,48,47,49,-1,48,49,50,-1,50,49,51,-1,50,51,52,-1,53,54,26,-1,26,54,55,-1,26,55,27,-1,5,4,56,-1,56,4,57,-1,56,57,58,-1,59,60,61,-1,61,60,62,-1,61,62,38,-1,38,62,63,-1,38,63,36,-1,64,65,19,-1,19,65,66,-1,19,66,20,-1,67,68,69,-1,69,68,70,-1,69,70,71,-1,71,70,72,-1,71,72,73,-1,73,72,74,-1,73,74,64,-1,64,74,75,-1,64,75,65,-1,41,76,43,-1,43,76,77,-1,43,77,78,-1,78,77,79,-1,78,79,80,-1,80,79,81,-1,80,81,82,-1,82,81,3,-1,82,3,83,-1,83,3,5,-1,57,84,58,-1,58,84,85,-1,58,85,86,-1,86,85,87,-1,86,87,88,-1,88,87,89,-1,88,89,90,-1,90,89,91,-1,90,91,92,-1,92,91,93,-1,92,93,94,-1,52,51,95,-1,95,51,96,-1,95,96,97,-1,97,96,98,-1,97,98,99,-1,99,98,100,-1,99,100,101,-1,101,100,102,-1,101,102,59,-1,59,102,103,-1,59,103,60,-1,44,46,104,-1,104,46,105,-1,104,105,106,-1,106,105,107,-1,106,107,108,-1,108,107,109,-1,108,109,110,-1,110,109,111,-1,110,111,112,-1,112,111,113,-1,112,113,114,-1,114,113,115,-1,114,115,116,-1,116,115,117,-1,116,117,67,-1,67,117,118,-1,67,118,68,-1,15,119,1,-1,1,119,120,-1,1,120,2,-1,2,120,121,-1,2,121,35,-1,14,13,26,-1,26,13,122,-1,26,122,53,-1,17,123,18,-1,18,123,124,-1,18,124,125,-1,125,124,126,-1,125,126,127,-1,127,126,128,-1,127,128,129,-1,129,128,130,-1,129,130,131,-1,131,130,132,-1,131,132,133,-1,133,132,134,-1,133,134,135,-1,135,134,136,-1,135,136,25,-1,25,136,137,-1,25,137,24,-1,138,139,140,-1,141,142,138,-1,138,142,143,-1,138,143,139,-1,93,144,94,-1,94,144,138,-1,94,138,145,-1,145,138,140,-1,146,147,148,-1,147,149,148,-1,148,149,150,-1,148,150,151,-1,141,138,148,-1,148,138,152,-1,148,152,146,-1,82,153,154,-1,155,43,78,-1,82,154,80,-1,80,154,156,-1,80,156,78,-1,78,156,157,-1,78,157,155,-1,155,158,43,-1,43,158,159,-1,43,159,42,-1,42,159,160,-1,42,160,40,-1,40,160,161,-1,40,161,38,-1,38,161,162,-1,38,162,61,-1,61,162,163,-1,61,163,59,-1,101,59,164,-1,164,59,163,-1,164,165,101,-1,101,165,166,-1,101,166,99,-1,99,166,167,-1,99,167,97,-1,97,167,168,-1,97,168,95,-1,95,168,169,-1,95,169,52,-1,52,169,50,-1,50,169,170,-1,50,170,171,-1,50,171,172,-1,50,172,48,-1,48,172,173,-1,48,173,46,-1,46,173,174,-1,46,174,105,-1,105,174,175,-1,105,175,107,-1,107,175,176,-1,107,176,109,-1,109,176,177,-1,109,177,111,-1,111,177,178,-1,111,178,113,-1,113,178,179,-1,113,179,115,-1,180,70,68,-1,115,179,181,-1,115,181,117,-1,117,181,182,-1,117,182,118,-1,182,183,118,-1,118,183,184,-1,118,184,68,-1,68,184,185,-1,68,185,180,-1,70,180,186,-1,70,186,72,-1,72,186,187,-1,72,187,74,-1,74,187,188,-1,74,188,75,-1,75,188,189,-1,75,189,65,-1,65,189,190,-1,65,190,66,-1,66,190,191,-1,66,191,20,-1,20,191,192,-1,20,192,21,-1,21,192,193,-1,21,193,0,-1,193,194,0,-1,0,194,195,-1,0,195,1,-1,1,195,196,-1,1,196,17,-1,17,196,197,-1,17,197,123,-1,197,198,123,-1,123,198,199,-1,123,199,124,-1,124,199,200,-1,124,200,126,-1,201,24,137,-1,126,200,202,-1,203,130,202,-1,202,130,128,-1,202,128,126,-1,203,204,130,-1,130,204,205,-1,130,205,132,-1,132,205,206,-1,132,206,134,-1,134,206,207,-1,134,207,136,-1,136,207,208,-1,136,208,137,-1,137,208,209,-1,137,209,201,-1,8,24,210,-1,210,24,201,-1,11,8,211,-1,211,8,210,-1,12,11,212,-1,212,11,211,-1,13,12,213,-1,213,12,212,-1,13,213,214,-1,13,214,122,-1,122,214,215,-1,122,215,53,-1,53,215,216,-1,53,216,54,-1,54,216,217,-1,54,217,55,-1,55,217,218,-1,55,218,27,-1,27,218,219,-1,27,219,29,-1,29,219,220,-1,29,220,31,-1,31,220,221,-1,31,221,33,-1,33,221,222,-1,33,222,2,-1,2,222,223,-1,2,223,19,-1,19,223,224,-1,19,224,64,-1,64,224,225,-1,64,225,73,-1,73,225,226,-1,73,226,71,-1,71,226,227,-1,71,227,69,-1,67,69,227,-1,227,228,67,-1,67,228,229,-1,67,229,230,-1,231,114,230,-1,230,114,116,-1,230,116,67,-1,231,232,114,-1,114,232,233,-1,114,233,112,-1,112,233,234,-1,112,234,110,-1,110,234,235,-1,110,235,108,-1,108,235,236,-1,108,236,106,-1,106,236,237,-1,106,237,104,-1,104,237,238,-1,104,238,44,-1,44,238,239,-1,44,239,45,-1,45,239,240,-1,45,240,47,-1,47,240,241,-1,47,241,49,-1,49,241,242,-1,49,242,51,-1,51,242,243,-1,51,243,96,-1,96,243,244,-1,96,244,98,-1,98,244,245,-1,98,245,100,-1,100,245,246,-1,100,246,102,-1,102,246,247,-1,102,247,103,-1,103,247,248,-1,103,248,60,-1,60,248,249,-1,60,249,62,-1,62,249,250,-1,62,250,63,-1,63,250,36,-1,36,250,251,-1,36,251,252,-1,37,36,253,-1,253,36,252,-1,37,253,254,-1,37,254,39,-1,39,254,255,-1,39,255,41,-1,41,255,256,-1,41,256,76,-1,76,256,257,-1,76,257,77,-1,77,257,258,-1,77,258,79,-1,258,259,79,-1,79,259,260,-1,79,260,81,-1,81,260,261,-1,81,261,3,-1,3,261,262,-1,3,262,4,-1,4,262,263,-1,4,263,57,-1,57,263,264,-1,57,264,84,-1,84,264,265,-1,84,265,85,-1,85,265,266,-1,85,266,87,-1,87,266,267,-1,87,267,89,-1,89,267,268,-1,89,268,91,-1,93,91,269,-1,269,91,268,-1,93,269,270,-1,93,270,144,-1,144,270,271,-1,144,271,138,-1,138,271,272,-1,138,272,152,-1,152,272,273,-1,152,273,146,-1,146,273,274,-1,146,274,147,-1,147,274,275,-1,147,275,149,-1,149,275,276,-1,149,276,150,-1,150,276,277,-1,150,277,151,-1,151,277,278,-1,151,278,148,-1,148,278,279,-1,148,279,141,-1,141,279,280,-1,141,280,142,-1,142,280,281,-1,142,281,143,-1,143,281,282,-1,143,282,139,-1,139,282,283,-1,139,283,140,-1,140,283,284,-1,140,284,145,-1,145,284,285,-1,145,285,94,-1,94,285,286,-1,94,286,92,-1,90,92,287,-1,287,92,286,-1,90,287,288,-1,90,288,88,-1,88,288,289,-1,88,289,86,-1,86,289,290,-1,86,290,58,-1,58,290,291,-1,58,291,56,-1,56,291,292,-1,56,292,5,-1,5,292,293,-1,5,293,83,-1,83,293,153,-1,83,153,82,-1,14,294,295,-1,14,295,6,-1,6,295,296,-1,6,296,7,-1,7,296,297,-1,7,297,9,-1,9,297,298,-1,9,298,10,-1,10,298,299,-1,10,299,22,-1,22,299,300,-1,22,300,23,-1,23,300,301,-1,23,301,25,-1,25,301,302,-1,25,302,135,-1,135,302,303,-1,135,303,133,-1,133,303,304,-1,133,304,131,-1,131,304,305,-1,131,305,129,-1,129,305,306,-1,129,306,127,-1,127,306,307,-1,127,307,125,-1,125,307,308,-1,125,308,18,-1,18,308,309,-1,18,309,16,-1,16,309,310,-1,16,310,15,-1,15,310,311,-1,15,311,119,-1,119,311,312,-1,119,312,120,-1,120,312,313,-1,120,313,121,-1,121,313,314,-1,121,314,35,-1,35,314,315,-1,35,315,34,-1,34,315,316,-1,34,316,32,-1,32,316,317,-1,32,317,30,-1,30,317,318,-1,30,318,28,-1,28,318,319,-1,28,319,26,-1,26,319,294,-1,26,294,14,-1,
        ]
    }
}
Shape{
    appearance Appearance {
        material  Material 	{
            diffuseColor 0.7529411764705882 0.7529411764705882 0.7529411764705882
            specularColor 0.3764705882352941 0.3764705882352941 0.3764705882352941
            ambientIntensity 0.2
            transparency 0
            shininess 0.5
        }
    }
    geometry IndexedFaceSet {
        ccw TRUE
        solid FALSE
        coord DEF co Coordinate {
            point [
                10.8983 4.7752 -1.5165, 10.8983 4.6715 -1.5165, 10.9097 4.6728 -1.5165, 10.8753 4.7698 -1.5165, 10.8468 4.729 -1.5165, 10.887 4.7739 -1.5165, 10.8468 4.7177 -1.5165, 10.9497 4.7295 -1.5165, 10.9467 4.7419 -1.5165, 10.9409 4.7528 -1.5165, 10.9324 4.7623 -1.5165, 10.8496 4.7055 -1.5165, 10.8553 4.6945 -1.5165, 10.8637 4.6848 -1.5165, 10.9217 4.7695 -1.5165, 10.9094 4.774 -1.5165, 10.8647 4.7628 -1.5165, 10.856 4.7533 -1.5165, 10.8498 4.7417 -1.5165, 10.8743 4.6775 -1.5165, 10.8865 4.6729 -1.5165, 10.9213 4.6769 -1.5165, 10.9317 4.6838 -1.5165, 10.9498 4.7174 -1.5165, 10.9404 4.6932 -1.5165, 10.9466 4.7047 -1.5165, 10.9466 4.7047 -1.5165
            ]
        }
        coordIndex [
            0,1,2,-1,3,4,5,-1,5,4,6,-1,5,6,0,-1,7,8,2,-1,2,8,9,-1,2,9,10,-1,6,11,0,-1,0,11,12,-1,0,12,13,-1,10,14,2,-1,2,14,15,-1,2,15,0,-1,3,16,4,-1,4,16,17,-1,4,17,18,-1,13,19,0,-1,0,19,20,-1,0,20,1,-1,2,21,7,-1,7,21,22,-1,7,22,23,-1,23,22,24,-1,23,24,25,-1,
        ]
    }
}